{
  "type": "Feature",
  "properties": {
    "tripId": "xinjiang-self-drive-2026",
    "dayId": "day-7",
    "segmentId": "day-7-driving",
    "label": "塔县—盘龙古道—瓦恰—班迪尔环线",
    "mode": "driving",
    "routeQuality": "road-network",
    "routingProvider": "https://router.project-osrm.org",
    "routingProfile": "driving",
    "requestOptions": {
      "geometries": "geojson",
      "overview": "full",
      "steps": false,
      "alternatives": false
    },
    "inputCoordinates": [
      [
        75.22466,
        37.77694
      ],
      [
        75.368222,
        37.598386
      ],
      [
        75.483107,
        37.628971
      ],
      [
        75.620967,
        37.620262
      ],
      [
        75.441558,
        37.821215
      ],
      [
        75.22466,
        37.77694
      ]
    ],
    "snappedWaypoints": [
      [
        75.224474,
        37.776901
      ],
      [
        75.36821,
        37.598449
      ],
      [
        75.483107,
        37.628971
      ],
      [
        75.620484,
        37.619986
      ],
      [
        75.4419,
        37.821143
      ],
      [
        75.224474,
        37.776901
      ]
    ],
    "source": "OSRM",
    "sourceUrl": "https://project-osrm.org/",
    "mapData": "© OpenStreetMap contributors",
    "mapDataUrl": "https://www.openstreetmap.org/copyright",
    "generatedAt": "2026-09-05T14:58:50.612Z",
    "distanceMeters": 144100.9,
    "durationSeconds": 10270.3,
    "distanceKm": 144.1,
    "durationMinutes": 171
  },
  "geometry": {
    "coordinates": [
      [
        75.224474,
        37.776901
      ],
      [
        75.224286,
        37.777467
      ],
      [
        75.223595,
        37.777292
      ],
      [
        75.223536,
        37.777277
      ],
      [
        75.223192,
        37.777193
      ],
      [
        75.222858,
        37.777105
      ],
      [
        75.222156,
        37.776932
      ],
      [
        75.221943,
        37.776877
      ],
      [
        75.221419,
        37.776726
      ],
      [
        75.220216,
        37.776383
      ],
      [
        75.220216,
        37.776131
      ],
      [
        75.220335,
        37.775739
      ],
      [
        75.220454,
        37.775383
      ],
      [
        75.220629,
        37.774971
      ],
      [
        75.220729,
        37.774748
      ],
      [
        75.220764,
        37.77467
      ],
      [
        75.221048,
        37.774051
      ],
      [
        75.221283,
        37.773689
      ],
      [
        75.221425,
        37.773445
      ],
      [
        75.221559,
        37.773246
      ],
      [
        75.22177,
        37.772943
      ],
      [
        75.222017,
        37.772647
      ],
      [
        75.22236,
        37.772253
      ],
      [
        75.222839,
        37.771711
      ],
      [
        75.223297,
        37.7712
      ],
      [
        75.224021,
        37.770396
      ],
      [
        75.224321,
        37.770048
      ],
      [
        75.224509,
        37.769841
      ],
      [
        75.224717,
        37.769606
      ],
      [
        75.22521,
        37.769036
      ],
      [
        75.225869,
        37.768314
      ],
      [
        75.226427,
        37.767668
      ],
      [
        75.227177,
        37.766825
      ],
      [
        75.227957,
        37.765941
      ],
      [
        75.228425,
        37.76541
      ],
      [
        75.228721,
        37.765151
      ],
      [
        75.229899,
        37.763812
      ],
      [
        75.233291,
        37.760011
      ],
      [
        75.233391,
        37.75989
      ],
      [
        75.234656,
        37.758438
      ],
      [
        75.236028,
        37.756909
      ],
      [
        75.23845,
        37.754168
      ],
      [
        75.243106,
        37.748905
      ],
      [
        75.246433,
        37.745158
      ],
      [
        75.247126,
        37.744377
      ],
      [
        75.247409,
        37.744058
      ],
      [
        75.248877,
        37.742444
      ],
      [
        75.250485,
        37.740851
      ],
      [
        75.252178,
        37.739211
      ],
      [
        75.254018,
        37.737449
      ],
      [
        75.255922,
        37.735626
      ],
      [
        75.255988,
        37.735562
      ],
      [
        75.257092,
        37.734513
      ],
      [
        75.258683,
        37.733002
      ],
      [
        75.26186,
        37.730113
      ],
      [
        75.262054,
        37.729947
      ],
      [
        75.262536,
        37.729502
      ],
      [
        75.263656,
        37.728459
      ],
      [
        75.264824,
        37.727404
      ],
      [
        75.265926,
        37.72651
      ],
      [
        75.266458,
        37.726128
      ],
      [
        75.267117,
        37.725688
      ],
      [
        75.268077,
        37.725132
      ],
      [
        75.268887,
        37.724715
      ],
      [
        75.271174,
        37.723573
      ],
      [
        75.273558,
        37.722424
      ],
      [
        75.277706,
        37.720332
      ],
      [
        75.278256,
        37.720022
      ],
      [
        75.278813,
        37.719644
      ],
      [
        75.279505,
        37.718987
      ],
      [
        75.280415,
        37.718071
      ],
      [
        75.281219,
        37.717262
      ],
      [
        75.282743,
        37.715753
      ],
      [
        75.284148,
        37.714323
      ],
      [
        75.2856,
        37.712915
      ],
      [
        75.287029,
        37.711594
      ],
      [
        75.288813,
        37.710022
      ],
      [
        75.290704,
        37.70831
      ],
      [
        75.291279,
        37.707693
      ],
      [
        75.291832,
        37.707051
      ],
      [
        75.292325,
        37.706434
      ],
      [
        75.292569,
        37.706084
      ],
      [
        75.292696,
        37.705898
      ],
      [
        75.293147,
        37.705166
      ],
      [
        75.293511,
        37.704509
      ],
      [
        75.293856,
        37.703802
      ],
      [
        75.294167,
        37.703009
      ],
      [
        75.294579,
        37.701883
      ],
      [
        75.294981,
        37.700801
      ],
      [
        75.295568,
        37.69917
      ],
      [
        75.296603,
        37.696343
      ],
      [
        75.29833,
        37.691592
      ],
      [
        75.298763,
        37.690402
      ],
      [
        75.300117,
        37.686684
      ],
      [
        75.300202,
        37.68645
      ],
      [
        75.300392,
        37.685868
      ],
      [
        75.300884,
        37.684357
      ],
      [
        75.302919,
        37.67818
      ],
      [
        75.303206,
        37.677526
      ],
      [
        75.30357,
        37.676919
      ],
      [
        75.304031,
        37.676224
      ],
      [
        75.30499,
        37.674907
      ],
      [
        75.305703,
        37.673916
      ],
      [
        75.306367,
        37.673047
      ],
      [
        75.307731,
        37.671187
      ],
      [
        75.308768,
        37.669726
      ],
      [
        75.30917,
        37.669047
      ],
      [
        75.309609,
        37.668229
      ],
      [
        75.310027,
        37.667306
      ],
      [
        75.310986,
        37.664852
      ],
      [
        75.311006,
        37.664801
      ],
      [
        75.31201,
        37.662193
      ],
      [
        75.314089,
        37.657059
      ],
      [
        75.314866,
        37.65555
      ],
      [
        75.315546,
        37.654425
      ],
      [
        75.316221,
        37.653339
      ],
      [
        75.317011,
        37.652098
      ],
      [
        75.31837,
        37.649903
      ],
      [
        75.319871,
        37.647507
      ],
      [
        75.321644,
        37.644642
      ],
      [
        75.322841,
        37.642753
      ],
      [
        75.322904,
        37.642654
      ],
      [
        75.323484,
        37.641739
      ],
      [
        75.326341,
        37.637091
      ],
      [
        75.329403,
        37.632182
      ],
      [
        75.331512,
        37.62882
      ],
      [
        75.335358,
        37.622689
      ],
      [
        75.335687,
        37.62236
      ],
      [
        75.335723,
        37.622333
      ],
      [
        75.33604,
        37.622097
      ],
      [
        75.336453,
        37.621868
      ],
      [
        75.336908,
        37.621707
      ],
      [
        75.337353,
        37.621588
      ],
      [
        75.337814,
        37.621528
      ],
      [
        75.338553,
        37.621521
      ],
      [
        75.340763,
        37.621618
      ],
      [
        75.342689,
        37.621696
      ],
      [
        75.343779,
        37.62174
      ],
      [
        75.344686,
        37.621775
      ],
      [
        75.345634,
        37.62181
      ],
      [
        75.345895,
        37.621805
      ],
      [
        75.346203,
        37.62177
      ],
      [
        75.346672,
        37.621634
      ],
      [
        75.347069,
        37.621443
      ],
      [
        75.347353,
        37.62124
      ],
      [
        75.347589,
        37.620993
      ],
      [
        75.347724,
        37.620796
      ],
      [
        75.347798,
        37.620688
      ],
      [
        75.349393,
        37.617631
      ],
      [
        75.349502,
        37.617424
      ],
      [
        75.350423,
        37.615616
      ],
      [
        75.351767,
        37.613047
      ],
      [
        75.351993,
        37.612649
      ],
      [
        75.352293,
        37.612169
      ],
      [
        75.352583,
        37.611753
      ],
      [
        75.352942,
        37.611274
      ],
      [
        75.353189,
        37.61098
      ],
      [
        75.353585,
        37.610509
      ],
      [
        75.354335,
        37.609767
      ],
      [
        75.355165,
        37.608968
      ],
      [
        75.359004,
        37.605483
      ],
      [
        75.361054,
        37.603743
      ],
      [
        75.363128,
        37.601968
      ],
      [
        75.365373,
        37.600041
      ],
      [
        75.367249,
        37.59844
      ],
      [
        75.367358,
        37.598408
      ],
      [
        75.367468,
        37.598394
      ],
      [
        75.367578,
        37.598386
      ],
      [
        75.367663,
        37.598392
      ],
      [
        75.367776,
        37.5984
      ],
      [
        75.367981,
        37.598422
      ],
      [
        75.36821,
        37.598449
      ],
      [
        75.3683,
        37.598459
      ],
      [
        75.368625,
        37.598484
      ],
      [
        75.368898,
        37.598518
      ],
      [
        75.369146,
        37.598537
      ],
      [
        75.369301,
        37.598557
      ],
      [
        75.36945,
        37.598588
      ],
      [
        75.36956,
        37.598627
      ],
      [
        75.369924,
        37.59877
      ],
      [
        75.370675,
        37.599048
      ],
      [
        75.370834,
        37.599101
      ],
      [
        75.371004,
        37.599166
      ],
      [
        75.371213,
        37.599219
      ],
      [
        75.37169,
        37.599351
      ],
      [
        75.372476,
        37.599538
      ],
      [
        75.373103,
        37.59969
      ],
      [
        75.373913,
        37.599906
      ],
      [
        75.37426,
        37.599984
      ],
      [
        75.37512,
        37.600186
      ],
      [
        75.375463,
        37.60027
      ],
      [
        75.376025,
        37.600422
      ],
      [
        75.376138,
        37.600449
      ],
      [
        75.37624,
        37.600462
      ],
      [
        75.376326,
        37.600462
      ],
      [
        75.37643,
        37.600447
      ],
      [
        75.376548,
        37.600411
      ],
      [
        75.376658,
        37.600364
      ],
      [
        75.376768,
        37.600309
      ],
      [
        75.376873,
        37.600239
      ],
      [
        75.377066,
        37.600097
      ],
      [
        75.377208,
        37.599976
      ],
      [
        75.377377,
        37.599837
      ],
      [
        75.377524,
        37.599703
      ],
      [
        75.377637,
        37.599595
      ],
      [
        75.377755,
        37.59947
      ],
      [
        75.377849,
        37.59937
      ],
      [
        75.377964,
        37.599278
      ],
      [
        75.378088,
        37.599213
      ],
      [
        75.378216,
        37.59917
      ],
      [
        75.378348,
        37.599162
      ],
      [
        75.378455,
        37.599176
      ],
      [
        75.378565,
        37.599219
      ],
      [
        75.378646,
        37.599272
      ],
      [
        75.378718,
        37.599351
      ],
      [
        75.378782,
        37.59944
      ],
      [
        75.378858,
        37.599563
      ],
      [
        75.378946,
        37.599693
      ],
      [
        75.379075,
        37.599873
      ],
      [
        75.379257,
        37.600135
      ],
      [
        75.379364,
        37.600277
      ],
      [
        75.379448,
        37.600384
      ],
      [
        75.379517,
        37.600469
      ],
      [
        75.379598,
        37.600554
      ],
      [
        75.379724,
        37.600666
      ],
      [
        75.379904,
        37.600806
      ],
      [
        75.38004,
        37.600917
      ],
      [
        75.38029,
        37.601117
      ],
      [
        75.380917,
        37.601625
      ],
      [
        75.381674,
        37.602249
      ],
      [
        75.382245,
        37.602732
      ],
      [
        75.383015,
        37.603373
      ],
      [
        75.383694,
        37.60392
      ],
      [
        75.384616,
        37.604687
      ],
      [
        75.38474,
        37.604791
      ],
      [
        75.385037,
        37.605018
      ],
      [
        75.385169,
        37.605105
      ],
      [
        75.385466,
        37.605371
      ],
      [
        75.38556,
        37.605458
      ],
      [
        75.386255,
        37.606021
      ],
      [
        75.387019,
        37.606644
      ],
      [
        75.387647,
        37.607175
      ],
      [
        75.387838,
        37.607336
      ],
      [
        75.388023,
        37.607492
      ],
      [
        75.388151,
        37.607628
      ],
      [
        75.38824,
        37.607757
      ],
      [
        75.388377,
        37.607959
      ],
      [
        75.388567,
        37.608278
      ],
      [
        75.388748,
        37.60858
      ],
      [
        75.388942,
        37.608912
      ],
      [
        75.389259,
        37.609435
      ],
      [
        75.389741,
        37.610326
      ],
      [
        75.390262,
        37.611319
      ],
      [
        75.390598,
        37.611934
      ],
      [
        75.391153,
        37.612928
      ],
      [
        75.391334,
        37.613245
      ],
      [
        75.391476,
        37.613506
      ],
      [
        75.391559,
        37.613655
      ],
      [
        75.391667,
        37.613799
      ],
      [
        75.391821,
        37.613962
      ],
      [
        75.391987,
        37.614119
      ],
      [
        75.392237,
        37.614324
      ],
      [
        75.392604,
        37.614626
      ],
      [
        75.392758,
        37.614756
      ],
      [
        75.392856,
        37.614851
      ],
      [
        75.392964,
        37.614963
      ],
      [
        75.39306,
        37.615075
      ],
      [
        75.393131,
        37.615173
      ],
      [
        75.393186,
        37.615278
      ],
      [
        75.393248,
        37.615424
      ],
      [
        75.393365,
        37.615688
      ],
      [
        75.393537,
        37.616098
      ],
      [
        75.393694,
        37.616447
      ],
      [
        75.393922,
        37.617059
      ],
      [
        75.394086,
        37.617462
      ],
      [
        75.394311,
        37.618019
      ],
      [
        75.394465,
        37.618385
      ],
      [
        75.394542,
        37.618546
      ],
      [
        75.394628,
        37.618682
      ],
      [
        75.394733,
        37.618804
      ],
      [
        75.394859,
        37.618939
      ],
      [
        75.39501,
        37.619056
      ],
      [
        75.395189,
        37.619168
      ],
      [
        75.395432,
        37.619317
      ],
      [
        75.395725,
        37.619485
      ],
      [
        75.395999,
        37.619644
      ],
      [
        75.396387,
        37.619876
      ],
      [
        75.396837,
        37.620142
      ],
      [
        75.397367,
        37.620474
      ],
      [
        75.397632,
        37.62064
      ],
      [
        75.397882,
        37.620789
      ],
      [
        75.398039,
        37.620881
      ],
      [
        75.398165,
        37.620954
      ],
      [
        75.398294,
        37.621011
      ],
      [
        75.398464,
        37.621047
      ],
      [
        75.398627,
        37.621052
      ],
      [
        75.398818,
        37.621028
      ],
      [
        75.399065,
        37.620986
      ],
      [
        75.399351,
        37.620935
      ],
      [
        75.39973,
        37.620859
      ],
      [
        75.40002,
        37.620808
      ],
      [
        75.400165,
        37.620786
      ],
      [
        75.400282,
        37.620796
      ],
      [
        75.400399,
        37.62083
      ],
      [
        75.400476,
        37.620903
      ],
      [
        75.400513,
        37.62102
      ],
      [
        75.400522,
        37.62114
      ],
      [
        75.400513,
        37.621443
      ],
      [
        75.400433,
        37.622067
      ],
      [
        75.40039,
        37.622653
      ],
      [
        75.400314,
        37.623372
      ],
      [
        75.400321,
        37.623492
      ],
      [
        75.400341,
        37.623583
      ],
      [
        75.400378,
        37.623662
      ],
      [
        75.40042,
        37.623723
      ],
      [
        75.400479,
        37.623754
      ],
      [
        75.400563,
        37.623785
      ],
      [
        75.400644,
        37.623791
      ],
      [
        75.400751,
        37.623784
      ],
      [
        75.400854,
        37.623765
      ],
      [
        75.401837,
        37.623445
      ],
      [
        75.402654,
        37.623194
      ],
      [
        75.402774,
        37.62318
      ],
      [
        75.402888,
        37.623187
      ],
      [
        75.402987,
        37.623221
      ],
      [
        75.403079,
        37.623287
      ],
      [
        75.403147,
        37.623382
      ],
      [
        75.403174,
        37.623512
      ],
      [
        75.403218,
        37.623963
      ],
      [
        75.403256,
        37.624583
      ],
      [
        75.403291,
        37.624861
      ],
      [
        75.403319,
        37.624941
      ],
      [
        75.403367,
        37.625035
      ],
      [
        75.403426,
        37.625102
      ],
      [
        75.403516,
        37.625157
      ],
      [
        75.403619,
        37.625204
      ],
      [
        75.403757,
        37.625247
      ],
      [
        75.404134,
        37.625359
      ],
      [
        75.404431,
        37.625453
      ],
      [
        75.404943,
        37.625613
      ],
      [
        75.405281,
        37.625703
      ],
      [
        75.405365,
        37.625725
      ],
      [
        75.405433,
        37.625745
      ],
      [
        75.40552,
        37.625756
      ],
      [
        75.405585,
        37.625756
      ],
      [
        75.40567,
        37.625739
      ],
      [
        75.405732,
        37.625704
      ],
      [
        75.405787,
        37.625663
      ],
      [
        75.405836,
        37.625596
      ],
      [
        75.405868,
        37.625547
      ],
      [
        75.405944,
        37.625354
      ],
      [
        75.405997,
        37.625212
      ],
      [
        75.406031,
        37.625132
      ],
      [
        75.406077,
        37.625058
      ],
      [
        75.406153,
        37.624984
      ],
      [
        75.406235,
        37.624944
      ],
      [
        75.406341,
        37.624919
      ],
      [
        75.406436,
        37.624922
      ],
      [
        75.406528,
        37.62494
      ],
      [
        75.406668,
        37.625006
      ],
      [
        75.406838,
        37.625104
      ],
      [
        75.407103,
        37.625268
      ],
      [
        75.407563,
        37.625568
      ],
      [
        75.408094,
        37.62591
      ],
      [
        75.408324,
        37.62607
      ],
      [
        75.408401,
        37.626106
      ],
      [
        75.408473,
        37.626137
      ],
      [
        75.408574,
        37.626161
      ],
      [
        75.408662,
        37.626169
      ],
      [
        75.408753,
        37.626164
      ],
      [
        75.408852,
        37.626134
      ],
      [
        75.408946,
        37.626095
      ],
      [
        75.409105,
        37.626003
      ],
      [
        75.409229,
        37.625917
      ],
      [
        75.409308,
        37.625861
      ],
      [
        75.409402,
        37.625819
      ],
      [
        75.409492,
        37.625784
      ],
      [
        75.409637,
        37.625739
      ],
      [
        75.409825,
        37.625722
      ],
      [
        75.410044,
        37.62571
      ],
      [
        75.410303,
        37.625694
      ],
      [
        75.410503,
        37.625675
      ],
      [
        75.410595,
        37.625652
      ],
      [
        75.410745,
        37.62561
      ],
      [
        75.410858,
        37.62555
      ],
      [
        75.411126,
        37.625413
      ],
      [
        75.411366,
        37.625275
      ],
      [
        75.411529,
        37.625181
      ],
      [
        75.411649,
        37.625132
      ],
      [
        75.411802,
        37.625082
      ],
      [
        75.411998,
        37.625005
      ],
      [
        75.412239,
        37.624891
      ],
      [
        75.412879,
        37.624569
      ],
      [
        75.412993,
        37.624518
      ],
      [
        75.413164,
        37.624455
      ],
      [
        75.413318,
        37.624424
      ],
      [
        75.413476,
        37.624417
      ],
      [
        75.413605,
        37.624443
      ],
      [
        75.413732,
        37.6245
      ],
      [
        75.413929,
        37.624614
      ],
      [
        75.414322,
        37.624827
      ],
      [
        75.415153,
        37.625274
      ],
      [
        75.415628,
        37.625532
      ],
      [
        75.415688,
        37.625563
      ],
      [
        75.415785,
        37.625606
      ],
      [
        75.415918,
        37.625652
      ],
      [
        75.416058,
        37.625698
      ],
      [
        75.416236,
        37.625745
      ],
      [
        75.416491,
        37.625812
      ],
      [
        75.416742,
        37.625878
      ],
      [
        75.417029,
        37.625945
      ],
      [
        75.417273,
        37.626004
      ],
      [
        75.41751,
        37.626053
      ],
      [
        75.417765,
        37.626098
      ],
      [
        75.41811,
        37.626175
      ],
      [
        75.418505,
        37.626234
      ],
      [
        75.418696,
        37.626263
      ],
      [
        75.418908,
        37.626308
      ],
      [
        75.419041,
        37.626342
      ],
      [
        75.419124,
        37.626368
      ],
      [
        75.419204,
        37.626401
      ],
      [
        75.419276,
        37.626433
      ],
      [
        75.419338,
        37.626479
      ],
      [
        75.419393,
        37.626541
      ],
      [
        75.419499,
        37.626647
      ],
      [
        75.419565,
        37.626724
      ],
      [
        75.419655,
        37.626837
      ],
      [
        75.419722,
        37.626915
      ],
      [
        75.419804,
        37.626996
      ],
      [
        75.419878,
        37.627059
      ],
      [
        75.419944,
        37.627096
      ],
      [
        75.419988,
        37.627114
      ],
      [
        75.420062,
        37.627121
      ],
      [
        75.42014,
        37.627108
      ],
      [
        75.420198,
        37.627097
      ],
      [
        75.420313,
        37.627057
      ],
      [
        75.420411,
        37.627017
      ],
      [
        75.420496,
        37.626978
      ],
      [
        75.420605,
        37.626939
      ],
      [
        75.420807,
        37.626852
      ],
      [
        75.420908,
        37.626813
      ],
      [
        75.420986,
        37.626793
      ],
      [
        75.421064,
        37.626799
      ],
      [
        75.42114,
        37.626817
      ],
      [
        75.421211,
        37.626849
      ],
      [
        75.421278,
        37.626893
      ],
      [
        75.421354,
        37.626964
      ],
      [
        75.421733,
        37.627351
      ],
      [
        75.421883,
        37.627497
      ],
      [
        75.422007,
        37.627581
      ],
      [
        75.422113,
        37.627633
      ],
      [
        75.422253,
        37.627679
      ],
      [
        75.422398,
        37.627708
      ],
      [
        75.422603,
        37.627734
      ],
      [
        75.422865,
        37.627742
      ],
      [
        75.423216,
        37.627752
      ],
      [
        75.423699,
        37.627783
      ],
      [
        75.424369,
        37.627853
      ],
      [
        75.424588,
        37.627864
      ],
      [
        75.424809,
        37.627867
      ],
      [
        75.42505,
        37.627857
      ],
      [
        75.425245,
        37.627845
      ],
      [
        75.425356,
        37.627829
      ],
      [
        75.425494,
        37.627807
      ],
      [
        75.42565,
        37.627776
      ],
      [
        75.425885,
        37.627728
      ],
      [
        75.42636,
        37.627633
      ],
      [
        75.426731,
        37.627559
      ],
      [
        75.427034,
        37.627498
      ],
      [
        75.427159,
        37.627484
      ],
      [
        75.427377,
        37.627468
      ],
      [
        75.427607,
        37.627456
      ],
      [
        75.427973,
        37.627445
      ],
      [
        75.428314,
        37.627443
      ],
      [
        75.428707,
        37.627439
      ],
      [
        75.429073,
        37.627434
      ],
      [
        75.429314,
        37.627436
      ],
      [
        75.429507,
        37.627447
      ],
      [
        75.429662,
        37.627493
      ],
      [
        75.429809,
        37.627554
      ],
      [
        75.429965,
        37.627656
      ],
      [
        75.430122,
        37.627757
      ],
      [
        75.430245,
        37.627811
      ],
      [
        75.430381,
        37.627839
      ],
      [
        75.430474,
        37.627841
      ],
      [
        75.430568,
        37.627824
      ],
      [
        75.430659,
        37.627776
      ],
      [
        75.430747,
        37.627708
      ],
      [
        75.430829,
        37.627635
      ],
      [
        75.430932,
        37.627567
      ],
      [
        75.431067,
        37.627528
      ],
      [
        75.431177,
        37.627521
      ],
      [
        75.431277,
        37.627548
      ],
      [
        75.431345,
        37.6276
      ],
      [
        75.431495,
        37.627743
      ],
      [
        75.431723,
        37.627985
      ],
      [
        75.431807,
        37.62804
      ],
      [
        75.431922,
        37.628088
      ],
      [
        75.432032,
        37.628122
      ],
      [
        75.432188,
        37.628144
      ],
      [
        75.432396,
        37.628157
      ],
      [
        75.432531,
        37.62814
      ],
      [
        75.432648,
        37.628092
      ],
      [
        75.432758,
        37.628037
      ],
      [
        75.432907,
        37.627939
      ],
      [
        75.433015,
        37.627863
      ],
      [
        75.433148,
        37.627809
      ],
      [
        75.433255,
        37.627811
      ],
      [
        75.433379,
        37.627831
      ],
      [
        75.433475,
        37.627876
      ],
      [
        75.433582,
        37.627944
      ],
      [
        75.433682,
        37.628013
      ],
      [
        75.433911,
        37.628248
      ],
      [
        75.433998,
        37.628333
      ],
      [
        75.434077,
        37.62839
      ],
      [
        75.434173,
        37.628442
      ],
      [
        75.434287,
        37.628493
      ],
      [
        75.434423,
        37.628508
      ],
      [
        75.434591,
        37.628499
      ],
      [
        75.434733,
        37.628477
      ],
      [
        75.434929,
        37.628427
      ],
      [
        75.435081,
        37.628357
      ],
      [
        75.435193,
        37.628299
      ],
      [
        75.435294,
        37.628264
      ],
      [
        75.43536,
        37.628248
      ],
      [
        75.435434,
        37.628247
      ],
      [
        75.435516,
        37.628258
      ],
      [
        75.435607,
        37.628289
      ],
      [
        75.435679,
        37.628321
      ],
      [
        75.435781,
        37.628376
      ],
      [
        75.435881,
        37.628444
      ],
      [
        75.436044,
        37.628564
      ],
      [
        75.436248,
        37.628729
      ],
      [
        75.436362,
        37.628832
      ],
      [
        75.436502,
        37.628937
      ],
      [
        75.436573,
        37.628981
      ],
      [
        75.436656,
        37.629016
      ],
      [
        75.436728,
        37.629039
      ],
      [
        75.436782,
        37.629038
      ],
      [
        75.436844,
        37.629029
      ],
      [
        75.436924,
        37.629007
      ],
      [
        75.436986,
        37.628967
      ],
      [
        75.437026,
        37.628919
      ],
      [
        75.43708,
        37.628874
      ],
      [
        75.437159,
        37.628829
      ],
      [
        75.437241,
        37.628785
      ],
      [
        75.437368,
        37.628733
      ],
      [
        75.437436,
        37.628716
      ],
      [
        75.437501,
        37.628711
      ],
      [
        75.437564,
        37.628724
      ],
      [
        75.437628,
        37.628753
      ],
      [
        75.43769,
        37.628788
      ],
      [
        75.437793,
        37.628924
      ],
      [
        75.437985,
        37.629207
      ],
      [
        75.438096,
        37.629325
      ],
      [
        75.43822,
        37.629392
      ],
      [
        75.438376,
        37.629448
      ],
      [
        75.438498,
        37.629452
      ],
      [
        75.438611,
        37.629421
      ],
      [
        75.438694,
        37.629343
      ],
      [
        75.4388,
        37.629195
      ],
      [
        75.438899,
        37.629068
      ],
      [
        75.439019,
        37.629053
      ],
      [
        75.439235,
        37.629132
      ],
      [
        75.439462,
        37.629248
      ],
      [
        75.439982,
        37.629499
      ],
      [
        75.440141,
        37.62957
      ],
      [
        75.440235,
        37.629605
      ],
      [
        75.440373,
        37.629625
      ],
      [
        75.440555,
        37.629635
      ],
      [
        75.440725,
        37.629649
      ],
      [
        75.441015,
        37.62971
      ],
      [
        75.441161,
        37.629738
      ],
      [
        75.441295,
        37.629733
      ],
      [
        75.441465,
        37.629694
      ],
      [
        75.441851,
        37.629581
      ],
      [
        75.441955,
        37.629532
      ],
      [
        75.44206,
        37.629453
      ],
      [
        75.442189,
        37.629265
      ],
      [
        75.442341,
        37.629042
      ],
      [
        75.442384,
        37.628959
      ],
      [
        75.442466,
        37.628883
      ],
      [
        75.442668,
        37.628802
      ],
      [
        75.44288,
        37.628727
      ],
      [
        75.442982,
        37.62868
      ],
      [
        75.443201,
        37.62861
      ],
      [
        75.443404,
        37.628553
      ],
      [
        75.443533,
        37.628571
      ],
      [
        75.443638,
        37.628627
      ],
      [
        75.443875,
        37.62879
      ],
      [
        75.444017,
        37.628912
      ],
      [
        75.444106,
        37.629
      ],
      [
        75.444156,
        37.629034
      ],
      [
        75.44422,
        37.629049
      ],
      [
        75.444264,
        37.629046
      ],
      [
        75.444334,
        37.629012
      ],
      [
        75.444375,
        37.628988
      ],
      [
        75.444433,
        37.628934
      ],
      [
        75.444507,
        37.628878
      ],
      [
        75.445071,
        37.628358
      ],
      [
        75.445192,
        37.628215
      ],
      [
        75.445302,
        37.628106
      ],
      [
        75.445402,
        37.628081
      ],
      [
        75.445522,
        37.628076
      ],
      [
        75.445656,
        37.628074
      ],
      [
        75.44581,
        37.628098
      ],
      [
        75.445964,
        37.628114
      ],
      [
        75.446237,
        37.628134
      ],
      [
        75.446423,
        37.628193
      ],
      [
        75.446584,
        37.628328
      ],
      [
        75.446663,
        37.628403
      ],
      [
        75.446831,
        37.628594
      ],
      [
        75.446873,
        37.628797
      ],
      [
        75.446921,
        37.628963
      ],
      [
        75.447026,
        37.629049
      ],
      [
        75.447096,
        37.629049
      ],
      [
        75.447188,
        37.629046
      ],
      [
        75.447283,
        37.628985
      ],
      [
        75.447358,
        37.628868
      ],
      [
        75.447377,
        37.628744
      ],
      [
        75.447379,
        37.628654
      ],
      [
        75.447381,
        37.628558
      ],
      [
        75.447402,
        37.628528
      ],
      [
        75.447451,
        37.628506
      ],
      [
        75.447496,
        37.628504
      ],
      [
        75.447556,
        37.628524
      ],
      [
        75.447615,
        37.628558
      ],
      [
        75.447673,
        37.628613
      ],
      [
        75.447776,
        37.628702
      ],
      [
        75.447879,
        37.628757
      ],
      [
        75.447953,
        37.6288
      ],
      [
        75.448023,
        37.628818
      ],
      [
        75.448084,
        37.628837
      ],
      [
        75.448178,
        37.628829
      ],
      [
        75.448322,
        37.628798
      ],
      [
        75.448511,
        37.628726
      ],
      [
        75.44868,
        37.628654
      ],
      [
        75.448878,
        37.628506
      ],
      [
        75.449014,
        37.628382
      ],
      [
        75.44913,
        37.628285
      ],
      [
        75.449227,
        37.628232
      ],
      [
        75.449367,
        37.628203
      ],
      [
        75.449535,
        37.628201
      ],
      [
        75.449667,
        37.628224
      ],
      [
        75.449823,
        37.628274
      ],
      [
        75.449995,
        37.62835
      ],
      [
        75.450156,
        37.628456
      ],
      [
        75.450299,
        37.628585
      ],
      [
        75.450391,
        37.628644
      ],
      [
        75.450487,
        37.628684
      ],
      [
        75.450584,
        37.628689
      ],
      [
        75.450719,
        37.628685
      ],
      [
        75.450903,
        37.628643
      ],
      [
        75.451062,
        37.628584
      ],
      [
        75.451168,
        37.6285
      ],
      [
        75.451303,
        37.628321
      ],
      [
        75.45137,
        37.628236
      ],
      [
        75.45146,
        37.628116
      ],
      [
        75.451571,
        37.628054
      ],
      [
        75.451671,
        37.62804
      ],
      [
        75.45177,
        37.628052
      ],
      [
        75.451858,
        37.628066
      ],
      [
        75.451956,
        37.628099
      ],
      [
        75.45205,
        37.628148
      ],
      [
        75.452093,
        37.62821
      ],
      [
        75.452141,
        37.62828
      ],
      [
        75.452207,
        37.628364
      ],
      [
        75.452292,
        37.628459
      ],
      [
        75.452355,
        37.628513
      ],
      [
        75.452434,
        37.628538
      ],
      [
        75.452489,
        37.628552
      ],
      [
        75.452564,
        37.62855
      ],
      [
        75.452643,
        37.628531
      ],
      [
        75.452695,
        37.628507
      ],
      [
        75.452729,
        37.628482
      ],
      [
        75.452752,
        37.628425
      ],
      [
        75.452768,
        37.628347
      ],
      [
        75.452786,
        37.628216
      ],
      [
        75.452811,
        37.628156
      ],
      [
        75.452825,
        37.628142
      ],
      [
        75.452863,
        37.628133
      ],
      [
        75.452915,
        37.628134
      ],
      [
        75.452954,
        37.628153
      ],
      [
        75.453012,
        37.628187
      ],
      [
        75.453067,
        37.628228
      ],
      [
        75.453126,
        37.628306
      ],
      [
        75.453194,
        37.628412
      ],
      [
        75.453257,
        37.628512
      ],
      [
        75.45332,
        37.628583
      ],
      [
        75.45337,
        37.628617
      ],
      [
        75.453442,
        37.628638
      ],
      [
        75.453508,
        37.628626
      ],
      [
        75.453543,
        37.628592
      ],
      [
        75.453547,
        37.628532
      ],
      [
        75.453536,
        37.628433
      ],
      [
        75.453535,
        37.628361
      ],
      [
        75.453544,
        37.628316
      ],
      [
        75.453583,
        37.628292
      ],
      [
        75.453647,
        37.62829
      ],
      [
        75.453706,
        37.628304
      ],
      [
        75.453798,
        37.628355
      ],
      [
        75.453845,
        37.62845
      ],
      [
        75.453922,
        37.628567
      ],
      [
        75.45398,
        37.628613
      ],
      [
        75.454069,
        37.628651
      ],
      [
        75.45416,
        37.628671
      ],
      [
        75.454256,
        37.628677
      ],
      [
        75.45438,
        37.628675
      ],
      [
        75.454543,
        37.628639
      ],
      [
        75.454663,
        37.628604
      ],
      [
        75.454728,
        37.628609
      ],
      [
        75.454805,
        37.628625
      ],
      [
        75.454861,
        37.628672
      ],
      [
        75.454925,
        37.628751
      ],
      [
        75.455073,
        37.628916
      ],
      [
        75.455123,
        37.628983
      ],
      [
        75.455198,
        37.629039
      ],
      [
        75.455309,
        37.629094
      ],
      [
        75.455474,
        37.629192
      ],
      [
        75.455564,
        37.629269
      ],
      [
        75.455646,
        37.629342
      ],
      [
        75.45573,
        37.629399
      ],
      [
        75.455788,
        37.629429
      ],
      [
        75.455879,
        37.629445
      ],
      [
        75.456018,
        37.629431
      ],
      [
        75.456107,
        37.629408
      ],
      [
        75.456264,
        37.62937
      ],
      [
        75.456491,
        37.629315
      ],
      [
        75.45663,
        37.629272
      ],
      [
        75.456705,
        37.629236
      ],
      [
        75.456749,
        37.629209
      ],
      [
        75.456823,
        37.629155
      ],
      [
        75.456897,
        37.62908
      ],
      [
        75.456965,
        37.629
      ],
      [
        75.457028,
        37.628913
      ],
      [
        75.457109,
        37.628835
      ],
      [
        75.457166,
        37.628781
      ],
      [
        75.457224,
        37.628739
      ],
      [
        75.457334,
        37.628679
      ],
      [
        75.457545,
        37.628605
      ],
      [
        75.457703,
        37.628549
      ],
      [
        75.457877,
        37.628489
      ],
      [
        75.457974,
        37.628453
      ],
      [
        75.458086,
        37.628424
      ],
      [
        75.458202,
        37.628416
      ],
      [
        75.458308,
        37.628419
      ],
      [
        75.458411,
        37.628441
      ],
      [
        75.458491,
        37.628487
      ],
      [
        75.458592,
        37.628551
      ],
      [
        75.458683,
        37.62863
      ],
      [
        75.45876,
        37.628716
      ],
      [
        75.458829,
        37.628761
      ],
      [
        75.458895,
        37.628799
      ],
      [
        75.458977,
        37.628824
      ],
      [
        75.459074,
        37.628822
      ],
      [
        75.459193,
        37.628781
      ],
      [
        75.459312,
        37.628715
      ],
      [
        75.459407,
        37.628633
      ],
      [
        75.45956,
        37.628479
      ],
      [
        75.459635,
        37.628395
      ],
      [
        75.459677,
        37.628331
      ],
      [
        75.459728,
        37.628289
      ],
      [
        75.459774,
        37.628258
      ],
      [
        75.459857,
        37.628236
      ],
      [
        75.459996,
        37.628235
      ],
      [
        75.460293,
        37.628276
      ],
      [
        75.460464,
        37.628289
      ],
      [
        75.460613,
        37.628321
      ],
      [
        75.460722,
        37.628354
      ],
      [
        75.460824,
        37.628393
      ],
      [
        75.460936,
        37.628444
      ],
      [
        75.461017,
        37.628495
      ],
      [
        75.461097,
        37.628549
      ],
      [
        75.461151,
        37.628588
      ],
      [
        75.461217,
        37.628654
      ],
      [
        75.46128,
        37.628728
      ],
      [
        75.461337,
        37.628804
      ],
      [
        75.461387,
        37.628863
      ],
      [
        75.461449,
        37.628916
      ],
      [
        75.46151,
        37.628943
      ],
      [
        75.461576,
        37.628957
      ],
      [
        75.46167,
        37.628943
      ],
      [
        75.461732,
        37.628913
      ],
      [
        75.461839,
        37.628864
      ],
      [
        75.461895,
        37.628819
      ],
      [
        75.461981,
        37.628775
      ],
      [
        75.462084,
        37.628738
      ],
      [
        75.462197,
        37.62872
      ],
      [
        75.462338,
        37.628715
      ],
      [
        75.462437,
        37.628735
      ],
      [
        75.4625,
        37.628756
      ],
      [
        75.46259,
        37.628818
      ],
      [
        75.462649,
        37.628883
      ],
      [
        75.46274,
        37.62897
      ],
      [
        75.462833,
        37.629052
      ],
      [
        75.462912,
        37.629104
      ],
      [
        75.46302,
        37.629151
      ],
      [
        75.463126,
        37.629178
      ],
      [
        75.463205,
        37.629175
      ],
      [
        75.463287,
        37.629152
      ],
      [
        75.463368,
        37.629108
      ],
      [
        75.463442,
        37.629048
      ],
      [
        75.463496,
        37.628996
      ],
      [
        75.463539,
        37.628942
      ],
      [
        75.46359,
        37.628895
      ],
      [
        75.463656,
        37.628861
      ],
      [
        75.463758,
        37.628844
      ],
      [
        75.463877,
        37.628854
      ],
      [
        75.464007,
        37.628885
      ],
      [
        75.464162,
        37.628897
      ],
      [
        75.464327,
        37.6289
      ],
      [
        75.464474,
        37.628915
      ],
      [
        75.464607,
        37.628938
      ],
      [
        75.46474,
        37.628975
      ],
      [
        75.464868,
        37.62902
      ],
      [
        75.464978,
        37.62907
      ],
      [
        75.46512,
        37.62913
      ],
      [
        75.465242,
        37.629169
      ],
      [
        75.465405,
        37.629202
      ],
      [
        75.465566,
        37.629201
      ],
      [
        75.465668,
        37.629184
      ],
      [
        75.465725,
        37.62916
      ],
      [
        75.465794,
        37.629135
      ],
      [
        75.465895,
        37.629118
      ],
      [
        75.465991,
        37.629119
      ],
      [
        75.466128,
        37.629134
      ],
      [
        75.466287,
        37.629169
      ],
      [
        75.46646,
        37.629218
      ],
      [
        75.466635,
        37.629272
      ],
      [
        75.466741,
        37.629313
      ],
      [
        75.466831,
        37.629353
      ],
      [
        75.466905,
        37.629402
      ],
      [
        75.466975,
        37.629454
      ],
      [
        75.467058,
        37.629529
      ],
      [
        75.467149,
        37.629619
      ],
      [
        75.467225,
        37.6297
      ],
      [
        75.46728,
        37.629773
      ],
      [
        75.467304,
        37.62983
      ],
      [
        75.467311,
        37.629912
      ],
      [
        75.467308,
        37.629961
      ],
      [
        75.467313,
        37.630033
      ],
      [
        75.467338,
        37.630107
      ],
      [
        75.467394,
        37.630176
      ],
      [
        75.467441,
        37.630226
      ],
      [
        75.467499,
        37.630263
      ],
      [
        75.46756,
        37.630283
      ],
      [
        75.467632,
        37.630295
      ],
      [
        75.467707,
        37.630281
      ],
      [
        75.467771,
        37.63025
      ],
      [
        75.467835,
        37.630201
      ],
      [
        75.467882,
        37.63016
      ],
      [
        75.467925,
        37.630119
      ],
      [
        75.467987,
        37.630075
      ],
      [
        75.468072,
        37.630039
      ],
      [
        75.468138,
        37.630035
      ],
      [
        75.468215,
        37.630059
      ],
      [
        75.468296,
        37.630112
      ],
      [
        75.46835,
        37.630162
      ],
      [
        75.468413,
        37.630235
      ],
      [
        75.468448,
        37.630298
      ],
      [
        75.46847,
        37.630359
      ],
      [
        75.468482,
        37.630433
      ],
      [
        75.46851,
        37.630511
      ],
      [
        75.468571,
        37.63057
      ],
      [
        75.46865,
        37.630594
      ],
      [
        75.468776,
        37.630607
      ],
      [
        75.468916,
        37.630606
      ],
      [
        75.469061,
        37.630613
      ],
      [
        75.469184,
        37.630631
      ],
      [
        75.469267,
        37.630657
      ],
      [
        75.469361,
        37.630696
      ],
      [
        75.46947,
        37.63076
      ],
      [
        75.469554,
        37.630817
      ],
      [
        75.469668,
        37.63088
      ],
      [
        75.469801,
        37.630941
      ],
      [
        75.469964,
        37.631008
      ],
      [
        75.470104,
        37.631061
      ],
      [
        75.470218,
        37.631107
      ],
      [
        75.470323,
        37.63113
      ],
      [
        75.470448,
        37.631149
      ],
      [
        75.470578,
        37.631138
      ],
      [
        75.470676,
        37.631106
      ],
      [
        75.470758,
        37.631078
      ],
      [
        75.470831,
        37.631048
      ],
      [
        75.470926,
        37.631011
      ],
      [
        75.471007,
        37.630986
      ],
      [
        75.471094,
        37.630965
      ],
      [
        75.471164,
        37.630965
      ],
      [
        75.471241,
        37.630986
      ],
      [
        75.471304,
        37.631029
      ],
      [
        75.471327,
        37.631075
      ],
      [
        75.471323,
        37.631129
      ],
      [
        75.471277,
        37.631212
      ],
      [
        75.471226,
        37.631248
      ],
      [
        75.47115,
        37.631284
      ],
      [
        75.471045,
        37.631327
      ],
      [
        75.470956,
        37.631363
      ],
      [
        75.470863,
        37.631386
      ],
      [
        75.470789,
        37.631421
      ],
      [
        75.470719,
        37.631464
      ],
      [
        75.470677,
        37.631506
      ],
      [
        75.470645,
        37.631559
      ],
      [
        75.470638,
        37.631613
      ],
      [
        75.470647,
        37.631657
      ],
      [
        75.470683,
        37.631698
      ],
      [
        75.47073,
        37.631703
      ],
      [
        75.470777,
        37.631693
      ],
      [
        75.470818,
        37.631667
      ],
      [
        75.470888,
        37.631631
      ],
      [
        75.470943,
        37.631609
      ],
      [
        75.471037,
        37.631576
      ],
      [
        75.471269,
        37.631495
      ],
      [
        75.471542,
        37.631413
      ],
      [
        75.471745,
        37.631363
      ],
      [
        75.471877,
        37.631329
      ],
      [
        75.471962,
        37.631291
      ],
      [
        75.472025,
        37.631231
      ],
      [
        75.472076,
        37.631156
      ],
      [
        75.472102,
        37.631087
      ],
      [
        75.472104,
        37.631015
      ],
      [
        75.472076,
        37.630954
      ],
      [
        75.472061,
        37.630863
      ],
      [
        75.472064,
        37.630793
      ],
      [
        75.472081,
        37.630713
      ],
      [
        75.472122,
        37.630641
      ],
      [
        75.472178,
        37.630555
      ],
      [
        75.472261,
        37.630471
      ],
      [
        75.472352,
        37.630366
      ],
      [
        75.472417,
        37.630336
      ],
      [
        75.472481,
        37.630343
      ],
      [
        75.472504,
        37.630375
      ],
      [
        75.472497,
        37.630426
      ],
      [
        75.472471,
        37.630469
      ],
      [
        75.472438,
        37.630515
      ],
      [
        75.472397,
        37.630585
      ],
      [
        75.472361,
        37.63064
      ],
      [
        75.472357,
        37.630701
      ],
      [
        75.472389,
        37.630764
      ],
      [
        75.472429,
        37.630818
      ],
      [
        75.472481,
        37.630853
      ],
      [
        75.472541,
        37.630881
      ],
      [
        75.472625,
        37.630897
      ],
      [
        75.472716,
        37.630901
      ],
      [
        75.472819,
        37.630875
      ],
      [
        75.4729,
        37.630843
      ],
      [
        75.472957,
        37.630797
      ],
      [
        75.472997,
        37.630754
      ],
      [
        75.473053,
        37.630713
      ],
      [
        75.473141,
        37.630668
      ],
      [
        75.473202,
        37.630635
      ],
      [
        75.473318,
        37.630599
      ],
      [
        75.47347,
        37.630546
      ],
      [
        75.473586,
        37.630504
      ],
      [
        75.473737,
        37.630449
      ],
      [
        75.47392,
        37.630397
      ],
      [
        75.474051,
        37.630371
      ],
      [
        75.474188,
        37.630353
      ],
      [
        75.474395,
        37.630355
      ],
      [
        75.474538,
        37.630369
      ],
      [
        75.474732,
        37.63039
      ],
      [
        75.474925,
        37.630414
      ],
      [
        75.475084,
        37.630434
      ],
      [
        75.475224,
        37.630463
      ],
      [
        75.475347,
        37.630505
      ],
      [
        75.475473,
        37.630552
      ],
      [
        75.475617,
        37.630601
      ],
      [
        75.475681,
        37.630615
      ],
      [
        75.475741,
        37.630617
      ],
      [
        75.475818,
        37.63061
      ],
      [
        75.475903,
        37.630584
      ],
      [
        75.475973,
        37.630554
      ],
      [
        75.476034,
        37.630524
      ],
      [
        75.476081,
        37.630507
      ],
      [
        75.476148,
        37.630491
      ],
      [
        75.476232,
        37.630479
      ],
      [
        75.476301,
        37.630475
      ],
      [
        75.476394,
        37.630474
      ],
      [
        75.476547,
        37.630477
      ],
      [
        75.476768,
        37.630478
      ],
      [
        75.476855,
        37.630483
      ],
      [
        75.476943,
        37.630491
      ],
      [
        75.477012,
        37.630509
      ],
      [
        75.47707,
        37.63053
      ],
      [
        75.477137,
        37.630561
      ],
      [
        75.477202,
        37.630588
      ],
      [
        75.477265,
        37.630608
      ],
      [
        75.477333,
        37.630615
      ],
      [
        75.477408,
        37.630617
      ],
      [
        75.477495,
        37.630614
      ],
      [
        75.477571,
        37.630611
      ],
      [
        75.477659,
        37.630612
      ],
      [
        75.477731,
        37.63062
      ],
      [
        75.477821,
        37.630638
      ],
      [
        75.477938,
        37.630676
      ],
      [
        75.478132,
        37.630742
      ],
      [
        75.478265,
        37.630792
      ],
      [
        75.478397,
        37.630858
      ],
      [
        75.478517,
        37.630924
      ],
      [
        75.478586,
        37.630968
      ],
      [
        75.478632,
        37.631008
      ],
      [
        75.478674,
        37.631056
      ],
      [
        75.478704,
        37.631099
      ],
      [
        75.478741,
        37.631172
      ],
      [
        75.478776,
        37.631241
      ],
      [
        75.478819,
        37.631303
      ],
      [
        75.478876,
        37.631366
      ],
      [
        75.478945,
        37.631418
      ],
      [
        75.479025,
        37.631455
      ],
      [
        75.479131,
        37.631491
      ],
      [
        75.479301,
        37.63154
      ],
      [
        75.479526,
        37.631597
      ],
      [
        75.47973,
        37.63165
      ],
      [
        75.479815,
        37.63167
      ],
      [
        75.479887,
        37.631687
      ],
      [
        75.479965,
        37.631701
      ],
      [
        75.480044,
        37.631711
      ],
      [
        75.480167,
        37.631718
      ],
      [
        75.480358,
        37.631731
      ],
      [
        75.480489,
        37.631734
      ],
      [
        75.480565,
        37.631734
      ],
      [
        75.480655,
        37.631724
      ],
      [
        75.480737,
        37.631711
      ],
      [
        75.480814,
        37.631687
      ],
      [
        75.480906,
        37.631655
      ],
      [
        75.481016,
        37.631608
      ],
      [
        75.481132,
        37.631547
      ],
      [
        75.481346,
        37.631424
      ],
      [
        75.481479,
        37.631361
      ],
      [
        75.48155,
        37.631326
      ],
      [
        75.481649,
        37.631296
      ],
      [
        75.481816,
        37.631247
      ],
      [
        75.481939,
        37.631226
      ],
      [
        75.482053,
        37.631204
      ],
      [
        75.482123,
        37.63118
      ],
      [
        75.482171,
        37.631151
      ],
      [
        75.48222,
        37.631097
      ],
      [
        75.482249,
        37.631032
      ],
      [
        75.482258,
        37.63096
      ],
      [
        75.482252,
        37.630857
      ],
      [
        75.482214,
        37.630701
      ],
      [
        75.482177,
        37.630584
      ],
      [
        75.482115,
        37.630385
      ],
      [
        75.482056,
        37.630257
      ],
      [
        75.482008,
        37.630168
      ],
      [
        75.481969,
        37.630095
      ],
      [
        75.481949,
        37.63005
      ],
      [
        75.481936,
        37.630008
      ],
      [
        75.481931,
        37.629972
      ],
      [
        75.481938,
        37.629933
      ],
      [
        75.481953,
        37.629898
      ],
      [
        75.48198,
        37.629866
      ],
      [
        75.482019,
        37.629834
      ],
      [
        75.482089,
        37.629789
      ],
      [
        75.482163,
        37.629752
      ],
      [
        75.482233,
        37.629716
      ],
      [
        75.482324,
        37.629672
      ],
      [
        75.482405,
        37.629632
      ],
      [
        75.482457,
        37.629598
      ],
      [
        75.48251,
        37.62955
      ],
      [
        75.482533,
        37.629492
      ],
      [
        75.482556,
        37.629385
      ],
      [
        75.482584,
        37.629268
      ],
      [
        75.482659,
        37.629149
      ],
      [
        75.482764,
        37.629062
      ],
      [
        75.482863,
        37.628995
      ],
      [
        75.482965,
        37.628959
      ],
      [
        75.483037,
        37.628956
      ],
      [
        75.483107,
        37.628971
      ],
      [
        75.483107,
        37.628971
      ],
      [
        75.483154,
        37.629004
      ],
      [
        75.483186,
        37.629047
      ],
      [
        75.483187,
        37.629086
      ],
      [
        75.483162,
        37.629129
      ],
      [
        75.483086,
        37.629282
      ],
      [
        75.48304,
        37.629369
      ],
      [
        75.483021,
        37.62941
      ],
      [
        75.483006,
        37.629471
      ],
      [
        75.482995,
        37.629559
      ],
      [
        75.482973,
        37.629749
      ],
      [
        75.482959,
        37.629865
      ],
      [
        75.482932,
        37.630024
      ],
      [
        75.482936,
        37.630094
      ],
      [
        75.482966,
        37.630164
      ],
      [
        75.483009,
        37.630214
      ],
      [
        75.483068,
        37.630259
      ],
      [
        75.483124,
        37.630293
      ],
      [
        75.48321,
        37.630326
      ],
      [
        75.483305,
        37.630347
      ],
      [
        75.483404,
        37.630357
      ],
      [
        75.48352,
        37.630363
      ],
      [
        75.483722,
        37.630376
      ],
      [
        75.483959,
        37.630407
      ],
      [
        75.484208,
        37.630454
      ],
      [
        75.484389,
        37.630501
      ],
      [
        75.484653,
        37.630572
      ],
      [
        75.484805,
        37.630613
      ],
      [
        75.484896,
        37.630631
      ],
      [
        75.484973,
        37.630641
      ],
      [
        75.485057,
        37.630643
      ],
      [
        75.485126,
        37.63066
      ],
      [
        75.485194,
        37.630683
      ],
      [
        75.48525,
        37.630714
      ],
      [
        75.485286,
        37.630753
      ],
      [
        75.485299,
        37.630792
      ],
      [
        75.48531,
        37.630838
      ],
      [
        75.485322,
        37.630882
      ],
      [
        75.485338,
        37.63092
      ],
      [
        75.485365,
        37.630953
      ],
      [
        75.485398,
        37.630982
      ],
      [
        75.485441,
        37.631005
      ],
      [
        75.485489,
        37.631021
      ],
      [
        75.485551,
        37.631027
      ],
      [
        75.485872,
        37.631037
      ],
      [
        75.486302,
        37.631038
      ],
      [
        75.486703,
        37.631024
      ],
      [
        75.486822,
        37.631013
      ],
      [
        75.486916,
        37.631003
      ],
      [
        75.487026,
        37.630992
      ],
      [
        75.487191,
        37.630971
      ],
      [
        75.487427,
        37.630935
      ],
      [
        75.487603,
        37.630903
      ],
      [
        75.487656,
        37.63088
      ],
      [
        75.487702,
        37.630849
      ],
      [
        75.487745,
        37.630811
      ],
      [
        75.487776,
        37.630769
      ],
      [
        75.487786,
        37.630723
      ],
      [
        75.487784,
        37.630675
      ],
      [
        75.48777,
        37.630619
      ],
      [
        75.487754,
        37.63054
      ],
      [
        75.487731,
        37.630397
      ],
      [
        75.487708,
        37.630249
      ],
      [
        75.487692,
        37.630161
      ],
      [
        75.487694,
        37.630095
      ],
      [
        75.487716,
        37.630031
      ],
      [
        75.487756,
        37.629959
      ],
      [
        75.487826,
        37.629904
      ],
      [
        75.487913,
        37.629851
      ],
      [
        75.488013,
        37.629811
      ],
      [
        75.488086,
        37.629799
      ],
      [
        75.488156,
        37.629801
      ],
      [
        75.488225,
        37.629818
      ],
      [
        75.488292,
        37.629854
      ],
      [
        75.488335,
        37.629899
      ],
      [
        75.488357,
        37.629957
      ],
      [
        75.488353,
        37.63
      ],
      [
        75.488347,
        37.630057
      ],
      [
        75.488321,
        37.630112
      ],
      [
        75.48827,
        37.63021
      ],
      [
        75.488239,
        37.630273
      ],
      [
        75.488225,
        37.63032
      ],
      [
        75.488225,
        37.630381
      ],
      [
        75.488227,
        37.630439
      ],
      [
        75.488237,
        37.630481
      ],
      [
        75.488259,
        37.630522
      ],
      [
        75.488294,
        37.630564
      ],
      [
        75.488336,
        37.630606
      ],
      [
        75.488381,
        37.630638
      ],
      [
        75.488434,
        37.630671
      ],
      [
        75.488514,
        37.630709
      ],
      [
        75.488587,
        37.630747
      ],
      [
        75.488693,
        37.630794
      ],
      [
        75.488796,
        37.630843
      ],
      [
        75.48898,
        37.630918
      ],
      [
        75.489109,
        37.630966
      ],
      [
        75.489309,
        37.631028
      ],
      [
        75.489436,
        37.631063
      ],
      [
        75.489556,
        37.631099
      ],
      [
        75.489616,
        37.631117
      ],
      [
        75.489698,
        37.631145
      ],
      [
        75.489789,
        37.631179
      ],
      [
        75.490057,
        37.631295
      ],
      [
        75.490247,
        37.631397
      ],
      [
        75.490384,
        37.631472
      ],
      [
        75.490521,
        37.631526
      ],
      [
        75.490692,
        37.631596
      ],
      [
        75.490957,
        37.631702
      ],
      [
        75.491323,
        37.631863
      ],
      [
        75.491563,
        37.631971
      ],
      [
        75.491871,
        37.632114
      ],
      [
        75.492256,
        37.632299
      ],
      [
        75.492685,
        37.632504
      ],
      [
        75.493154,
        37.632698
      ],
      [
        75.493345,
        37.632766
      ],
      [
        75.493548,
        37.632832
      ],
      [
        75.49375,
        37.632877
      ],
      [
        75.494002,
        37.632904
      ],
      [
        75.494433,
        37.63295
      ],
      [
        75.494754,
        37.632985
      ],
      [
        75.495061,
        37.633012
      ],
      [
        75.495349,
        37.633028
      ],
      [
        75.495473,
        37.633028
      ],
      [
        75.495587,
        37.633016
      ],
      [
        75.495717,
        37.632985
      ],
      [
        75.495862,
        37.632922
      ],
      [
        75.49601,
        37.632858
      ],
      [
        75.496211,
        37.632782
      ],
      [
        75.496744,
        37.632592
      ],
      [
        75.497201,
        37.63243
      ],
      [
        75.49739,
        37.632349
      ],
      [
        75.497527,
        37.632269
      ],
      [
        75.497649,
        37.632172
      ],
      [
        75.497744,
        37.632088
      ],
      [
        75.497842,
        37.632042
      ],
      [
        75.497939,
        37.632014
      ],
      [
        75.498023,
        37.632008
      ],
      [
        75.498195,
        37.632024
      ],
      [
        75.498317,
        37.632034
      ],
      [
        75.498445,
        37.632022
      ],
      [
        75.498618,
        37.631995
      ],
      [
        75.498917,
        37.631921
      ],
      [
        75.499128,
        37.631868
      ],
      [
        75.49935,
        37.631819
      ],
      [
        75.499472,
        37.631786
      ],
      [
        75.499655,
        37.631716
      ],
      [
        75.499815,
        37.631652
      ],
      [
        75.500126,
        37.631547
      ],
      [
        75.500385,
        37.631459
      ],
      [
        75.500555,
        37.631411
      ],
      [
        75.500692,
        37.631372
      ],
      [
        75.500807,
        37.631327
      ],
      [
        75.500909,
        37.631261
      ],
      [
        75.501021,
        37.631164
      ],
      [
        75.501129,
        37.631103
      ],
      [
        75.501287,
        37.631034
      ],
      [
        75.501499,
        37.630961
      ],
      [
        75.50171,
        37.630889
      ],
      [
        75.50184,
        37.630844
      ],
      [
        75.501929,
        37.630807
      ],
      [
        75.502005,
        37.630759
      ],
      [
        75.502082,
        37.63068
      ],
      [
        75.502202,
        37.630557
      ],
      [
        75.502293,
        37.630482
      ],
      [
        75.502377,
        37.630435
      ],
      [
        75.502442,
        37.630427
      ],
      [
        75.50248,
        37.630441
      ],
      [
        75.502517,
        37.63047
      ],
      [
        75.502507,
        37.630519
      ],
      [
        75.502454,
        37.630591
      ],
      [
        75.502312,
        37.630747
      ],
      [
        75.502204,
        37.630912
      ],
      [
        75.502149,
        37.630974
      ],
      [
        75.502096,
        37.631039
      ],
      [
        75.502019,
        37.63111
      ],
      [
        75.501936,
        37.631171
      ],
      [
        75.50182,
        37.631238
      ],
      [
        75.501625,
        37.631335
      ],
      [
        75.501488,
        37.631419
      ],
      [
        75.501346,
        37.631525
      ],
      [
        75.501204,
        37.631631
      ],
      [
        75.501098,
        37.631729
      ],
      [
        75.501013,
        37.631807
      ],
      [
        75.500919,
        37.631884
      ],
      [
        75.500724,
        37.632014
      ],
      [
        75.500576,
        37.632116
      ],
      [
        75.500403,
        37.632209
      ],
      [
        75.500135,
        37.632356
      ],
      [
        75.499933,
        37.632481
      ],
      [
        75.499819,
        37.632566
      ],
      [
        75.49971,
        37.632673
      ],
      [
        75.49962,
        37.632809
      ],
      [
        75.499551,
        37.633003
      ],
      [
        75.499502,
        37.633212
      ],
      [
        75.499454,
        37.633453
      ],
      [
        75.499437,
        37.633571
      ],
      [
        75.49947,
        37.633669
      ],
      [
        75.499535,
        37.633762
      ],
      [
        75.499687,
        37.633936
      ],
      [
        75.499803,
        37.634072
      ],
      [
        75.499919,
        37.634189
      ],
      [
        75.500067,
        37.634299
      ],
      [
        75.500163,
        37.634347
      ],
      [
        75.500259,
        37.634376
      ],
      [
        75.500391,
        37.634402
      ],
      [
        75.500531,
        37.634418
      ],
      [
        75.500706,
        37.634421
      ],
      [
        75.500889,
        37.634422
      ],
      [
        75.501045,
        37.634424
      ],
      [
        75.501208,
        37.634445
      ],
      [
        75.50135,
        37.63448
      ],
      [
        75.501547,
        37.634563
      ],
      [
        75.501714,
        37.634659
      ],
      [
        75.501875,
        37.634743
      ],
      [
        75.502031,
        37.634798
      ],
      [
        75.50219,
        37.63482
      ],
      [
        75.502415,
        37.634841
      ],
      [
        75.502602,
        37.634835
      ],
      [
        75.502755,
        37.63481
      ],
      [
        75.502944,
        37.634743
      ],
      [
        75.503245,
        37.634612
      ],
      [
        75.503336,
        37.634575
      ],
      [
        75.503395,
        37.634537
      ],
      [
        75.503432,
        37.634474
      ],
      [
        75.503452,
        37.634424
      ],
      [
        75.503507,
        37.634376
      ],
      [
        75.5036,
        37.634352
      ],
      [
        75.503765,
        37.634344
      ],
      [
        75.504104,
        37.63436
      ],
      [
        75.504436,
        37.634398
      ],
      [
        75.504792,
        37.634488
      ],
      [
        75.505157,
        37.634611
      ],
      [
        75.505414,
        37.634696
      ],
      [
        75.505501,
        37.634735
      ],
      [
        75.50556,
        37.634769
      ],
      [
        75.505615,
        37.634822
      ],
      [
        75.505763,
        37.635021
      ],
      [
        75.506034,
        37.635372
      ],
      [
        75.506286,
        37.635673
      ],
      [
        75.506454,
        37.63586
      ],
      [
        75.506574,
        37.635968
      ],
      [
        75.506741,
        37.636084
      ],
      [
        75.506981,
        37.636246
      ],
      [
        75.507182,
        37.636349
      ],
      [
        75.507316,
        37.636396
      ],
      [
        75.507473,
        37.636411
      ],
      [
        75.507607,
        37.636404
      ],
      [
        75.507729,
        37.636372
      ],
      [
        75.507833,
        37.636311
      ],
      [
        75.507932,
        37.636229
      ],
      [
        75.508017,
        37.636137
      ],
      [
        75.508205,
        37.636002
      ],
      [
        75.508434,
        37.635831
      ],
      [
        75.508619,
        37.635696
      ],
      [
        75.508738,
        37.635633
      ],
      [
        75.508803,
        37.635609
      ],
      [
        75.508855,
        37.635613
      ],
      [
        75.50888,
        37.635638
      ],
      [
        75.508867,
        37.635663
      ],
      [
        75.508827,
        37.635701
      ],
      [
        75.508684,
        37.635819
      ],
      [
        75.508592,
        37.635914
      ],
      [
        75.508514,
        37.636012
      ],
      [
        75.508468,
        37.636108
      ],
      [
        75.508433,
        37.636243
      ],
      [
        75.508433,
        37.636348
      ],
      [
        75.508462,
        37.636401
      ],
      [
        75.50853,
        37.636427
      ],
      [
        75.508601,
        37.636434
      ],
      [
        75.508664,
        37.636421
      ],
      [
        75.508724,
        37.636387
      ],
      [
        75.508742,
        37.63633
      ],
      [
        75.508769,
        37.636211
      ],
      [
        75.508809,
        37.636133
      ],
      [
        75.508895,
        37.636024
      ],
      [
        75.509006,
        37.635934
      ],
      [
        75.509165,
        37.635841
      ],
      [
        75.509286,
        37.63581
      ],
      [
        75.509388,
        37.635764
      ],
      [
        75.509517,
        37.635695
      ],
      [
        75.509607,
        37.635631
      ],
      [
        75.509699,
        37.635572
      ],
      [
        75.50981,
        37.635525
      ],
      [
        75.509941,
        37.635494
      ],
      [
        75.510067,
        37.635453
      ],
      [
        75.510163,
        37.635407
      ],
      [
        75.510232,
        37.635359
      ],
      [
        75.510349,
        37.635307
      ],
      [
        75.510468,
        37.635269
      ],
      [
        75.510636,
        37.635243
      ],
      [
        75.510774,
        37.635211
      ],
      [
        75.510916,
        37.635151
      ],
      [
        75.510995,
        37.635092
      ],
      [
        75.511078,
        37.635041
      ],
      [
        75.511116,
        37.635023
      ],
      [
        75.511149,
        37.635024
      ],
      [
        75.511181,
        37.635035
      ],
      [
        75.511195,
        37.635057
      ],
      [
        75.511195,
        37.635085
      ],
      [
        75.51117,
        37.635119
      ],
      [
        75.511123,
        37.635171
      ],
      [
        75.511084,
        37.635201
      ],
      [
        75.511013,
        37.635258
      ],
      [
        75.510961,
        37.635283
      ],
      [
        75.510833,
        37.635337
      ],
      [
        75.51067,
        37.635391
      ],
      [
        75.51056,
        37.63542
      ],
      [
        75.510502,
        37.635453
      ],
      [
        75.510457,
        37.635492
      ],
      [
        75.510338,
        37.63559
      ],
      [
        75.510252,
        37.635652
      ],
      [
        75.510117,
        37.635753
      ],
      [
        75.509987,
        37.635853
      ],
      [
        75.50991,
        37.635945
      ],
      [
        75.509853,
        37.63603
      ],
      [
        75.509818,
        37.636094
      ],
      [
        75.509813,
        37.636149
      ],
      [
        75.509832,
        37.636222
      ],
      [
        75.509879,
        37.636263
      ],
      [
        75.509938,
        37.636305
      ],
      [
        75.510017,
        37.636337
      ],
      [
        75.510094,
        37.636334
      ],
      [
        75.510177,
        37.636317
      ],
      [
        75.510251,
        37.636288
      ],
      [
        75.510303,
        37.636245
      ],
      [
        75.510337,
        37.636184
      ],
      [
        75.510369,
        37.636091
      ],
      [
        75.510409,
        37.635994
      ],
      [
        75.510493,
        37.635897
      ],
      [
        75.51058,
        37.635827
      ],
      [
        75.510648,
        37.635785
      ],
      [
        75.510739,
        37.635746
      ],
      [
        75.510825,
        37.635722
      ],
      [
        75.510949,
        37.635703
      ],
      [
        75.511099,
        37.635686
      ],
      [
        75.511226,
        37.635666
      ],
      [
        75.511338,
        37.635641
      ],
      [
        75.511428,
        37.635602
      ],
      [
        75.511514,
        37.635548
      ],
      [
        75.511569,
        37.635501
      ],
      [
        75.511622,
        37.635473
      ],
      [
        75.511668,
        37.635462
      ],
      [
        75.511708,
        37.635467
      ],
      [
        75.511742,
        37.635489
      ],
      [
        75.511743,
        37.635516
      ],
      [
        75.511728,
        37.635552
      ],
      [
        75.511679,
        37.635584
      ],
      [
        75.511591,
        37.635647
      ],
      [
        75.511469,
        37.63572
      ],
      [
        75.511354,
        37.635785
      ],
      [
        75.51124,
        37.635855
      ],
      [
        75.511161,
        37.635906
      ],
      [
        75.511107,
        37.635943
      ],
      [
        75.511061,
        37.636005
      ],
      [
        75.511039,
        37.636062
      ],
      [
        75.511039,
        37.636132
      ],
      [
        75.511075,
        37.636194
      ],
      [
        75.511115,
        37.636244
      ],
      [
        75.51116,
        37.636285
      ],
      [
        75.511244,
        37.636337
      ],
      [
        75.511315,
        37.636373
      ],
      [
        75.511468,
        37.636412
      ],
      [
        75.511705,
        37.636468
      ],
      [
        75.511918,
        37.63651
      ],
      [
        75.512136,
        37.636551
      ],
      [
        75.512229,
        37.636583
      ],
      [
        75.512287,
        37.636628
      ],
      [
        75.512349,
        37.636677
      ],
      [
        75.512412,
        37.636715
      ],
      [
        75.512491,
        37.636729
      ],
      [
        75.512598,
        37.636714
      ],
      [
        75.512699,
        37.636687
      ],
      [
        75.512831,
        37.636645
      ],
      [
        75.512934,
        37.63662
      ],
      [
        75.513022,
        37.636617
      ],
      [
        75.513121,
        37.636626
      ],
      [
        75.513199,
        37.636651
      ],
      [
        75.513245,
        37.636677
      ],
      [
        75.513304,
        37.636715
      ],
      [
        75.513349,
        37.636764
      ],
      [
        75.513393,
        37.636831
      ],
      [
        75.513427,
        37.636899
      ],
      [
        75.513486,
        37.63696
      ],
      [
        75.513544,
        37.636995
      ],
      [
        75.5136,
        37.637009
      ],
      [
        75.513661,
        37.636997
      ],
      [
        75.513709,
        37.636972
      ],
      [
        75.513741,
        37.636932
      ],
      [
        75.513757,
        37.636888
      ],
      [
        75.513745,
        37.636838
      ],
      [
        75.513715,
        37.636773
      ],
      [
        75.513678,
        37.636715
      ],
      [
        75.513592,
        37.63664
      ],
      [
        75.513487,
        37.636579
      ],
      [
        75.513324,
        37.636489
      ],
      [
        75.513195,
        37.636443
      ],
      [
        75.513024,
        37.636389
      ],
      [
        75.512903,
        37.63633
      ],
      [
        75.512817,
        37.636274
      ],
      [
        75.512728,
        37.63621
      ],
      [
        75.512699,
        37.636158
      ],
      [
        75.512695,
        37.636086
      ],
      [
        75.51272,
        37.63603
      ],
      [
        75.512768,
        37.635996
      ],
      [
        75.512885,
        37.635934
      ],
      [
        75.513201,
        37.635807
      ],
      [
        75.513487,
        37.635707
      ],
      [
        75.513631,
        37.635657
      ],
      [
        75.513808,
        37.635579
      ],
      [
        75.513948,
        37.635502
      ],
      [
        75.514134,
        37.635392
      ],
      [
        75.514227,
        37.635351
      ],
      [
        75.514338,
        37.635317
      ],
      [
        75.514449,
        37.635295
      ],
      [
        75.514609,
        37.635267
      ],
      [
        75.514732,
        37.635231
      ],
      [
        75.514892,
        37.63517
      ],
      [
        75.515074,
        37.635089
      ],
      [
        75.515197,
        37.635035
      ],
      [
        75.515317,
        37.634976
      ],
      [
        75.515439,
        37.63494
      ],
      [
        75.515599,
        37.634921
      ],
      [
        75.515726,
        37.634908
      ],
      [
        75.515852,
        37.63488
      ],
      [
        75.515958,
        37.634847
      ],
      [
        75.516048,
        37.634798
      ],
      [
        75.516105,
        37.634731
      ],
      [
        75.516129,
        37.634673
      ],
      [
        75.516169,
        37.634591
      ],
      [
        75.516228,
        37.634538
      ],
      [
        75.516302,
        37.634498
      ],
      [
        75.516388,
        37.634482
      ],
      [
        75.516467,
        37.63449
      ],
      [
        75.516534,
        37.634519
      ],
      [
        75.516575,
        37.634564
      ],
      [
        75.516581,
        37.634624
      ],
      [
        75.516547,
        37.634705
      ],
      [
        75.516493,
        37.634765
      ],
      [
        75.516419,
        37.63482
      ],
      [
        75.51632,
        37.634891
      ],
      [
        75.516236,
        37.634935
      ],
      [
        75.516105,
        37.635002
      ],
      [
        75.51596,
        37.635064
      ],
      [
        75.515835,
        37.635114
      ],
      [
        75.515716,
        37.635141
      ],
      [
        75.515633,
        37.635173
      ],
      [
        75.51559,
        37.635204
      ],
      [
        75.515485,
        37.635281
      ],
      [
        75.515317,
        37.635418
      ],
      [
        75.515242,
        37.635486
      ],
      [
        75.515179,
        37.63555
      ],
      [
        75.51516,
        37.635612
      ],
      [
        75.51517,
        37.635657
      ],
      [
        75.515203,
        37.635706
      ],
      [
        75.515276,
        37.635734
      ],
      [
        75.515364,
        37.635727
      ],
      [
        75.515435,
        37.635696
      ],
      [
        75.515488,
        37.635646
      ],
      [
        75.515542,
        37.6356
      ],
      [
        75.515607,
        37.63552
      ],
      [
        75.515692,
        37.635429
      ],
      [
        75.515777,
        37.635368
      ],
      [
        75.515883,
        37.635318
      ],
      [
        75.516017,
        37.635274
      ],
      [
        75.516155,
        37.635243
      ],
      [
        75.516362,
        37.6352
      ],
      [
        75.516501,
        37.635175
      ],
      [
        75.51663,
        37.635142
      ],
      [
        75.516732,
        37.6351
      ],
      [
        75.51681,
        37.635058
      ],
      [
        75.516881,
        37.635013
      ],
      [
        75.516949,
        37.634963
      ],
      [
        75.517051,
        37.634934
      ],
      [
        75.517185,
        37.634896
      ],
      [
        75.517342,
        37.634854
      ],
      [
        75.517473,
        37.634848
      ],
      [
        75.517711,
        37.634858
      ],
      [
        75.517909,
        37.634901
      ],
      [
        75.518066,
        37.634931
      ],
      [
        75.518235,
        37.63498
      ],
      [
        75.518363,
        37.635026
      ],
      [
        75.518496,
        37.635048
      ],
      [
        75.51869,
        37.635052
      ],
      [
        75.518884,
        37.635074
      ],
      [
        75.519152,
        37.63512
      ],
      [
        75.519318,
        37.635148
      ],
      [
        75.519429,
        37.635164
      ],
      [
        75.519535,
        37.635173
      ],
      [
        75.519665,
        37.635162
      ],
      [
        75.51981,
        37.635141
      ],
      [
        75.519948,
        37.635104
      ],
      [
        75.520072,
        37.635068
      ],
      [
        75.520136,
        37.635039
      ],
      [
        75.520184,
        37.634986
      ],
      [
        75.520195,
        37.634934
      ],
      [
        75.520175,
        37.634862
      ],
      [
        75.520132,
        37.634787
      ],
      [
        75.520107,
        37.634737
      ],
      [
        75.520102,
        37.634688
      ],
      [
        75.520118,
        37.634644
      ],
      [
        75.520212,
        37.634605
      ],
      [
        75.520323,
        37.63457
      ],
      [
        75.520511,
        37.634509
      ],
      [
        75.520646,
        37.634475
      ],
      [
        75.520808,
        37.634426
      ],
      [
        75.520974,
        37.634382
      ],
      [
        75.521068,
        37.634371
      ],
      [
        75.521131,
        37.634382
      ],
      [
        75.521184,
        37.634424
      ],
      [
        75.521212,
        37.634491
      ],
      [
        75.521199,
        37.634543
      ],
      [
        75.521162,
        37.634569
      ],
      [
        75.521076,
        37.634604
      ],
      [
        75.520979,
        37.634642
      ],
      [
        75.520829,
        37.634702
      ],
      [
        75.520711,
        37.634751
      ],
      [
        75.520643,
        37.634796
      ],
      [
        75.520611,
        37.634842
      ],
      [
        75.520606,
        37.634904
      ],
      [
        75.520623,
        37.634963
      ],
      [
        75.520669,
        37.635059
      ],
      [
        75.520699,
        37.635145
      ],
      [
        75.520714,
        37.635237
      ],
      [
        75.520691,
        37.63532
      ],
      [
        75.520657,
        37.635397
      ],
      [
        75.520592,
        37.635451
      ],
      [
        75.520514,
        37.635496
      ],
      [
        75.520415,
        37.635525
      ],
      [
        75.520321,
        37.635556
      ],
      [
        75.520195,
        37.635583
      ],
      [
        75.520101,
        37.635607
      ],
      [
        75.519984,
        37.635619
      ],
      [
        75.519814,
        37.635633
      ],
      [
        75.519673,
        37.635635
      ],
      [
        75.519551,
        37.635642
      ],
      [
        75.519371,
        37.635653
      ],
      [
        75.519127,
        37.635662
      ],
      [
        75.518854,
        37.635685
      ],
      [
        75.518679,
        37.635709
      ],
      [
        75.518516,
        37.635736
      ],
      [
        75.518426,
        37.635763
      ],
      [
        75.518386,
        37.635792
      ],
      [
        75.518366,
        37.635838
      ],
      [
        75.518386,
        37.635869
      ],
      [
        75.518429,
        37.635889
      ],
      [
        75.518491,
        37.635889
      ],
      [
        75.518594,
        37.635883
      ],
      [
        75.518754,
        37.635862
      ],
      [
        75.51889,
        37.635851
      ],
      [
        75.51913,
        37.635839
      ],
      [
        75.519437,
        37.635849
      ],
      [
        75.519716,
        37.635855
      ],
      [
        75.519978,
        37.635872
      ],
      [
        75.520202,
        37.63588
      ],
      [
        75.520452,
        37.635857
      ],
      [
        75.520697,
        37.635829
      ],
      [
        75.520876,
        37.635795
      ],
      [
        75.520999,
        37.635757
      ],
      [
        75.521084,
        37.635719
      ],
      [
        75.521128,
        37.635686
      ],
      [
        75.521157,
        37.635641
      ],
      [
        75.521164,
        37.635565
      ],
      [
        75.521171,
        37.635508
      ],
      [
        75.521185,
        37.635444
      ],
      [
        75.521214,
        37.635408
      ],
      [
        75.521251,
        37.635382
      ],
      [
        75.521304,
        37.635371
      ],
      [
        75.52138,
        37.635375
      ],
      [
        75.521486,
        37.635384
      ],
      [
        75.521591,
        37.6354
      ],
      [
        75.521665,
        37.635412
      ],
      [
        75.521762,
        37.635439
      ],
      [
        75.52182,
        37.635462
      ],
      [
        75.52191,
        37.635506
      ],
      [
        75.522002,
        37.635557
      ],
      [
        75.522097,
        37.635622
      ],
      [
        75.522158,
        37.635663
      ],
      [
        75.522232,
        37.635702
      ],
      [
        75.522309,
        37.635726
      ],
      [
        75.522398,
        37.63573
      ],
      [
        75.522501,
        37.635726
      ],
      [
        75.522571,
        37.635722
      ],
      [
        75.522685,
        37.6357
      ],
      [
        75.522751,
        37.635676
      ],
      [
        75.522816,
        37.635648
      ],
      [
        75.522873,
        37.63561
      ],
      [
        75.522914,
        37.635574
      ],
      [
        75.522963,
        37.635516
      ],
      [
        75.522982,
        37.635453
      ],
      [
        75.522988,
        37.635389
      ],
      [
        75.52299,
        37.635316
      ],
      [
        75.522997,
        37.635268
      ],
      [
        75.523024,
        37.635224
      ],
      [
        75.523105,
        37.635132
      ],
      [
        75.523238,
        37.635006
      ],
      [
        75.523361,
        37.634905
      ],
      [
        75.523492,
        37.634764
      ],
      [
        75.523606,
        37.634677
      ],
      [
        75.523738,
        37.634631
      ],
      [
        75.523919,
        37.634566
      ],
      [
        75.524035,
        37.634533
      ],
      [
        75.52412,
        37.634516
      ],
      [
        75.524222,
        37.634512
      ],
      [
        75.524298,
        37.6345
      ],
      [
        75.524367,
        37.634477
      ],
      [
        75.524465,
        37.634434
      ],
      [
        75.524643,
        37.63438
      ],
      [
        75.524805,
        37.634341
      ],
      [
        75.524932,
        37.634315
      ],
      [
        75.525117,
        37.634281
      ],
      [
        75.525243,
        37.634253
      ],
      [
        75.525344,
        37.634221
      ],
      [
        75.525419,
        37.634183
      ],
      [
        75.525476,
        37.634129
      ],
      [
        75.525528,
        37.634064
      ],
      [
        75.525586,
        37.633998
      ],
      [
        75.525647,
        37.633949
      ],
      [
        75.525712,
        37.633914
      ],
      [
        75.525872,
        37.633869
      ],
      [
        75.526105,
        37.633795
      ],
      [
        75.526338,
        37.633715
      ],
      [
        75.526427,
        37.633672
      ],
      [
        75.526532,
        37.633597
      ],
      [
        75.526615,
        37.633528
      ],
      [
        75.526786,
        37.633359
      ],
      [
        75.526992,
        37.633149
      ],
      [
        75.527072,
        37.63305
      ],
      [
        75.527114,
        37.632987
      ],
      [
        75.527158,
        37.632914
      ],
      [
        75.527179,
        37.632878
      ],
      [
        75.527207,
        37.632843
      ],
      [
        75.527234,
        37.632823
      ],
      [
        75.527264,
        37.632813
      ],
      [
        75.5273,
        37.632815
      ],
      [
        75.527319,
        37.632822
      ],
      [
        75.527324,
        37.632842
      ],
      [
        75.527322,
        37.632863
      ],
      [
        75.527302,
        37.632892
      ],
      [
        75.527266,
        37.632937
      ],
      [
        75.527112,
        37.633132
      ],
      [
        75.526949,
        37.633358
      ],
      [
        75.526841,
        37.633507
      ],
      [
        75.526693,
        37.633709
      ],
      [
        75.526624,
        37.633789
      ],
      [
        75.526574,
        37.633833
      ],
      [
        75.526465,
        37.63389
      ],
      [
        75.526306,
        37.633952
      ],
      [
        75.526174,
        37.634006
      ],
      [
        75.526039,
        37.63406
      ],
      [
        75.525934,
        37.634109
      ],
      [
        75.525875,
        37.634162
      ],
      [
        75.525858,
        37.634214
      ],
      [
        75.52585,
        37.634287
      ],
      [
        75.525849,
        37.634359
      ],
      [
        75.525803,
        37.634416
      ],
      [
        75.525747,
        37.634447
      ],
      [
        75.525626,
        37.634493
      ],
      [
        75.525493,
        37.634531
      ],
      [
        75.52529,
        37.634571
      ],
      [
        75.525172,
        37.63459
      ],
      [
        75.525062,
        37.634637
      ],
      [
        75.524931,
        37.634685
      ],
      [
        75.524817,
        37.634724
      ],
      [
        75.524719,
        37.634766
      ],
      [
        75.524635,
        37.634822
      ],
      [
        75.524535,
        37.634896
      ],
      [
        75.524424,
        37.634954
      ],
      [
        75.524286,
        37.634988
      ],
      [
        75.524201,
        37.635021
      ],
      [
        75.524164,
        37.63505
      ],
      [
        75.52411,
        37.635116
      ],
      [
        75.524037,
        37.635211
      ],
      [
        75.523968,
        37.635308
      ],
      [
        75.523937,
        37.63537
      ],
      [
        75.523933,
        37.635418
      ],
      [
        75.523954,
        37.63549
      ],
      [
        75.523955,
        37.635565
      ],
      [
        75.523949,
        37.63564
      ],
      [
        75.523918,
        37.635729
      ],
      [
        75.523888,
        37.635793
      ],
      [
        75.523823,
        37.635879
      ],
      [
        75.523726,
        37.635984
      ],
      [
        75.52365,
        37.636076
      ],
      [
        75.523603,
        37.636128
      ],
      [
        75.523494,
        37.636216
      ],
      [
        75.523432,
        37.636261
      ],
      [
        75.523402,
        37.636294
      ],
      [
        75.523393,
        37.636316
      ],
      [
        75.523396,
        37.63634
      ],
      [
        75.523411,
        37.636361
      ],
      [
        75.523428,
        37.636369
      ],
      [
        75.523452,
        37.636373
      ],
      [
        75.523479,
        37.636362
      ],
      [
        75.523572,
        37.636299
      ],
      [
        75.523717,
        37.636182
      ],
      [
        75.523866,
        37.636055
      ],
      [
        75.523974,
        37.635966
      ],
      [
        75.524083,
        37.635875
      ],
      [
        75.524139,
        37.63582
      ],
      [
        75.524214,
        37.635713
      ],
      [
        75.524228,
        37.635557
      ],
      [
        75.52427,
        37.635456
      ],
      [
        75.524345,
        37.635363
      ],
      [
        75.524471,
        37.635284
      ],
      [
        75.524726,
        37.635164
      ],
      [
        75.524952,
        37.635049
      ],
      [
        75.525193,
        37.634984
      ],
      [
        75.525459,
        37.63494
      ],
      [
        75.525751,
        37.634916
      ],
      [
        75.525968,
        37.634912
      ],
      [
        75.526087,
        37.6349
      ],
      [
        75.526215,
        37.634858
      ],
      [
        75.526346,
        37.634792
      ],
      [
        75.526429,
        37.634727
      ],
      [
        75.526477,
        37.634624
      ],
      [
        75.526547,
        37.634557
      ],
      [
        75.526682,
        37.634503
      ],
      [
        75.526853,
        37.634437
      ],
      [
        75.527004,
        37.634385
      ],
      [
        75.527194,
        37.634287
      ],
      [
        75.527473,
        37.634149
      ],
      [
        75.527605,
        37.634074
      ],
      [
        75.527684,
        37.634002
      ],
      [
        75.527761,
        37.633909
      ],
      [
        75.527897,
        37.63373
      ],
      [
        75.528079,
        37.633486
      ],
      [
        75.528235,
        37.633291
      ],
      [
        75.528358,
        37.633134
      ],
      [
        75.528441,
        37.633029
      ],
      [
        75.528501,
        37.632953
      ],
      [
        75.528543,
        37.632925
      ],
      [
        75.528593,
        37.632926
      ],
      [
        75.528609,
        37.63296
      ],
      [
        75.528589,
        37.633021
      ],
      [
        75.528554,
        37.633147
      ],
      [
        75.528547,
        37.633256
      ],
      [
        75.528573,
        37.633352
      ],
      [
        75.528627,
        37.633439
      ],
      [
        75.528648,
        37.633548
      ],
      [
        75.528594,
        37.633637
      ],
      [
        75.528505,
        37.633743
      ],
      [
        75.528354,
        37.633878
      ],
      [
        75.528267,
        37.633953
      ],
      [
        75.528209,
        37.634031
      ],
      [
        75.52822,
        37.634088
      ],
      [
        75.528279,
        37.634116
      ],
      [
        75.528358,
        37.634103
      ],
      [
        75.528482,
        37.634027
      ],
      [
        75.528613,
        37.63394
      ],
      [
        75.528739,
        37.633868
      ],
      [
        75.52893,
        37.633781
      ],
      [
        75.529052,
        37.633733
      ],
      [
        75.529136,
        37.63368
      ],
      [
        75.529161,
        37.633622
      ],
      [
        75.529126,
        37.633534
      ],
      [
        75.529066,
        37.633449
      ],
      [
        75.528991,
        37.633356
      ],
      [
        75.528923,
        37.633234
      ],
      [
        75.528872,
        37.633125
      ],
      [
        75.528853,
        37.633032
      ],
      [
        75.528867,
        37.632964
      ],
      [
        75.528935,
        37.632942
      ],
      [
        75.528961,
        37.632959
      ],
      [
        75.528989,
        37.632977
      ],
      [
        75.529028,
        37.633057
      ],
      [
        75.529063,
        37.633164
      ],
      [
        75.529117,
        37.633286
      ],
      [
        75.52919,
        37.633391
      ],
      [
        75.529274,
        37.633467
      ],
      [
        75.529367,
        37.633578
      ],
      [
        75.529418,
        37.633693
      ],
      [
        75.52939,
        37.633805
      ],
      [
        75.52933,
        37.633903
      ],
      [
        75.529241,
        37.633992
      ],
      [
        75.529166,
        37.63405
      ],
      [
        75.529094,
        37.634116
      ],
      [
        75.529047,
        37.634162
      ],
      [
        75.529038,
        37.634201
      ],
      [
        75.529061,
        37.634233
      ],
      [
        75.529112,
        37.634246
      ],
      [
        75.529197,
        37.634225
      ],
      [
        75.529288,
        37.634183
      ],
      [
        75.529381,
        37.634138
      ],
      [
        75.529456,
        37.634092
      ],
      [
        75.529537,
        37.634033
      ],
      [
        75.529617,
        37.633974
      ],
      [
        75.529696,
        37.633911
      ],
      [
        75.52975,
        37.633857
      ],
      [
        75.529804,
        37.633789
      ],
      [
        75.529808,
        37.633706
      ],
      [
        75.529752,
        37.633637
      ],
      [
        75.529657,
        37.633571
      ],
      [
        75.52957,
        37.633497
      ],
      [
        75.529509,
        37.633415
      ],
      [
        75.529444,
        37.633343
      ],
      [
        75.529373,
        37.633266
      ],
      [
        75.529308,
        37.633192
      ],
      [
        75.529296,
        37.633139
      ],
      [
        75.52929,
        37.633069
      ],
      [
        75.529294,
        37.633036
      ],
      [
        75.529324,
        37.632998
      ],
      [
        75.529391,
        37.632996
      ],
      [
        75.529434,
        37.633021
      ],
      [
        75.529483,
        37.63309
      ],
      [
        75.529531,
        37.633162
      ],
      [
        75.529582,
        37.633227
      ],
      [
        75.529641,
        37.633294
      ],
      [
        75.529736,
        37.633363
      ],
      [
        75.529918,
        37.633433
      ],
      [
        75.530088,
        37.633486
      ],
      [
        75.530209,
        37.633527
      ],
      [
        75.530304,
        37.633577
      ],
      [
        75.530327,
        37.633656
      ],
      [
        75.53031,
        37.633744
      ],
      [
        75.530248,
        37.633855
      ],
      [
        75.530131,
        37.634038
      ],
      [
        75.53001,
        37.634202
      ],
      [
        75.529906,
        37.634321
      ],
      [
        75.529787,
        37.634397
      ],
      [
        75.52971,
        37.634438
      ],
      [
        75.529665,
        37.63448
      ],
      [
        75.529655,
        37.634522
      ],
      [
        75.529692,
        37.634554
      ],
      [
        75.529754,
        37.634554
      ],
      [
        75.529844,
        37.634516
      ],
      [
        75.529949,
        37.634452
      ],
      [
        75.530087,
        37.634366
      ],
      [
        75.530255,
        37.634239
      ],
      [
        75.53046,
        37.634079
      ],
      [
        75.530598,
        37.633957
      ],
      [
        75.530717,
        37.633855
      ],
      [
        75.530842,
        37.633722
      ],
      [
        75.530892,
        37.633563
      ],
      [
        75.530888,
        37.633447
      ],
      [
        75.53086,
        37.633374
      ],
      [
        75.530824,
        37.633317
      ],
      [
        75.530754,
        37.633245
      ],
      [
        75.530651,
        37.633197
      ],
      [
        75.530504,
        37.633142
      ],
      [
        75.530396,
        37.633079
      ],
      [
        75.53033,
        37.63301
      ],
      [
        75.530303,
        37.632921
      ],
      [
        75.530313,
        37.632848
      ],
      [
        75.530358,
        37.632772
      ],
      [
        75.530408,
        37.632689
      ],
      [
        75.530463,
        37.632594
      ],
      [
        75.530578,
        37.632394
      ],
      [
        75.53064,
        37.632286
      ],
      [
        75.530677,
        37.63221
      ],
      [
        75.530698,
        37.632181
      ],
      [
        75.530724,
        37.632166
      ],
      [
        75.530756,
        37.632163
      ],
      [
        75.530786,
        37.63217
      ],
      [
        75.530794,
        37.63219
      ],
      [
        75.530789,
        37.632217
      ],
      [
        75.530773,
        37.632254
      ],
      [
        75.530747,
        37.632308
      ],
      [
        75.530684,
        37.632437
      ],
      [
        75.530612,
        37.632602
      ],
      [
        75.530564,
        37.632706
      ],
      [
        75.530521,
        37.632808
      ],
      [
        75.530503,
        37.632907
      ],
      [
        75.530523,
        37.632974
      ],
      [
        75.530576,
        37.633029
      ],
      [
        75.530637,
        37.633079
      ],
      [
        75.530722,
        37.633125
      ],
      [
        75.530809,
        37.633166
      ],
      [
        75.530886,
        37.633214
      ],
      [
        75.530949,
        37.633273
      ],
      [
        75.531001,
        37.633336
      ],
      [
        75.531038,
        37.633419
      ],
      [
        75.531064,
        37.63349
      ],
      [
        75.531097,
        37.633573
      ],
      [
        75.531126,
        37.633657
      ],
      [
        75.531133,
        37.633717
      ],
      [
        75.531147,
        37.633769
      ],
      [
        75.531165,
        37.633808
      ],
      [
        75.531218,
        37.633831
      ],
      [
        75.531262,
        37.633836
      ],
      [
        75.531299,
        37.633826
      ],
      [
        75.531331,
        37.633796
      ],
      [
        75.53134,
        37.633762
      ],
      [
        75.531338,
        37.633699
      ],
      [
        75.531336,
        37.633603
      ],
      [
        75.531277,
        37.63346
      ],
      [
        75.531217,
        37.633359
      ],
      [
        75.531158,
        37.63324
      ],
      [
        75.531105,
        37.633159
      ],
      [
        75.531037,
        37.633074
      ],
      [
        75.530953,
        37.632998
      ],
      [
        75.530902,
        37.632921
      ],
      [
        75.530885,
        37.632839
      ],
      [
        75.530895,
        37.632739
      ],
      [
        75.530939,
        37.632612
      ],
      [
        75.531019,
        37.63244
      ],
      [
        75.531086,
        37.632328
      ],
      [
        75.531145,
        37.632202
      ],
      [
        75.531232,
        37.632017
      ],
      [
        75.531302,
        37.63188
      ],
      [
        75.531351,
        37.631775
      ],
      [
        75.531388,
        37.631719
      ],
      [
        75.531417,
        37.631695
      ],
      [
        75.531447,
        37.631691
      ],
      [
        75.531487,
        37.631697
      ],
      [
        75.531503,
        37.631724
      ],
      [
        75.531504,
        37.631754
      ],
      [
        75.531475,
        37.631843
      ],
      [
        75.531433,
        37.631967
      ],
      [
        75.53138,
        37.632104
      ],
      [
        75.531326,
        37.632287
      ],
      [
        75.531273,
        37.632517
      ],
      [
        75.531256,
        37.632589
      ],
      [
        75.531249,
        37.632627
      ],
      [
        75.531257,
        37.63266
      ],
      [
        75.531279,
        37.632683
      ],
      [
        75.531315,
        37.632692
      ],
      [
        75.531367,
        37.632685
      ],
      [
        75.531394,
        37.632668
      ],
      [
        75.531426,
        37.632636
      ],
      [
        75.531443,
        37.632596
      ],
      [
        75.53146,
        37.632515
      ],
      [
        75.531482,
        37.632391
      ],
      [
        75.5315,
        37.632257
      ],
      [
        75.531516,
        37.632167
      ],
      [
        75.531526,
        37.632095
      ],
      [
        75.531539,
        37.632045
      ],
      [
        75.531559,
        37.632012
      ],
      [
        75.531593,
        37.631991
      ],
      [
        75.531634,
        37.631981
      ],
      [
        75.531673,
        37.631991
      ],
      [
        75.531692,
        37.632006
      ],
      [
        75.531698,
        37.632034
      ],
      [
        75.5317,
        37.632095
      ],
      [
        75.531691,
        37.632164
      ],
      [
        75.53167,
        37.632263
      ],
      [
        75.531646,
        37.632345
      ],
      [
        75.531625,
        37.632408
      ],
      [
        75.531619,
        37.632444
      ],
      [
        75.531636,
        37.632475
      ],
      [
        75.531679,
        37.632495
      ],
      [
        75.531722,
        37.632503
      ],
      [
        75.531761,
        37.632494
      ],
      [
        75.531798,
        37.632479
      ],
      [
        75.531816,
        37.632444
      ],
      [
        75.53183,
        37.632392
      ],
      [
        75.531842,
        37.632339
      ],
      [
        75.531849,
        37.632278
      ],
      [
        75.531854,
        37.632188
      ],
      [
        75.531861,
        37.632027
      ],
      [
        75.531861,
        37.631822
      ],
      [
        75.531846,
        37.631671
      ],
      [
        75.531838,
        37.631576
      ],
      [
        75.531847,
        37.631508
      ],
      [
        75.531871,
        37.631454
      ],
      [
        75.531913,
        37.631421
      ],
      [
        75.531965,
        37.631409
      ],
      [
        75.532015,
        37.631419
      ],
      [
        75.532034,
        37.631446
      ],
      [
        75.532038,
        37.631488
      ],
      [
        75.532031,
        37.631534
      ],
      [
        75.532015,
        37.631624
      ],
      [
        75.531992,
        37.631725
      ],
      [
        75.531985,
        37.631769
      ],
      [
        75.531983,
        37.631811
      ],
      [
        75.531987,
        37.631849
      ],
      [
        75.532005,
        37.631878
      ],
      [
        75.53204,
        37.631894
      ],
      [
        75.532069,
        37.631894
      ],
      [
        75.532097,
        37.631884
      ],
      [
        75.532121,
        37.631862
      ],
      [
        75.532137,
        37.631836
      ],
      [
        75.532157,
        37.631776
      ],
      [
        75.532181,
        37.631667
      ],
      [
        75.532201,
        37.631533
      ],
      [
        75.532208,
        37.631443
      ],
      [
        75.532205,
        37.631383
      ],
      [
        75.532184,
        37.631337
      ],
      [
        75.532146,
        37.631303
      ],
      [
        75.532093,
        37.631271
      ],
      [
        75.532035,
        37.631242
      ],
      [
        75.531961,
        37.631212
      ],
      [
        75.531918,
        37.631193
      ],
      [
        75.531865,
        37.631157
      ],
      [
        75.531827,
        37.631121
      ],
      [
        75.531815,
        37.631071
      ],
      [
        75.531826,
        37.631024
      ],
      [
        75.53185,
        37.63099
      ],
      [
        75.531904,
        37.630969
      ],
      [
        75.531961,
        37.630983
      ],
      [
        75.532008,
        37.631025
      ],
      [
        75.532048,
        37.631066
      ],
      [
        75.532103,
        37.631114
      ],
      [
        75.532165,
        37.631159
      ],
      [
        75.532252,
        37.63121
      ],
      [
        75.532346,
        37.631265
      ],
      [
        75.532412,
        37.63131
      ],
      [
        75.532473,
        37.631344
      ],
      [
        75.532508,
        37.631364
      ],
      [
        75.532549,
        37.631388
      ],
      [
        75.53258,
        37.631396
      ],
      [
        75.532605,
        37.631396
      ],
      [
        75.532644,
        37.631391
      ],
      [
        75.532669,
        37.631375
      ],
      [
        75.532675,
        37.631349
      ],
      [
        75.532658,
        37.631302
      ],
      [
        75.532621,
        37.631265
      ],
      [
        75.532549,
        37.631228
      ],
      [
        75.532456,
        37.631186
      ],
      [
        75.532368,
        37.631134
      ],
      [
        75.532322,
        37.631097
      ],
      [
        75.532281,
        37.631034
      ],
      [
        75.53227,
        37.630963
      ],
      [
        75.532274,
        37.630902
      ],
      [
        75.532311,
        37.630833
      ],
      [
        75.532345,
        37.630769
      ],
      [
        75.532394,
        37.630729
      ],
      [
        75.532451,
        37.630711
      ],
      [
        75.532491,
        37.630707
      ],
      [
        75.532524,
        37.630721
      ],
      [
        75.53254,
        37.630755
      ],
      [
        75.532544,
        37.630805
      ],
      [
        75.532544,
        37.630877
      ],
      [
        75.532545,
        37.630973
      ],
      [
        75.532546,
        37.631016
      ],
      [
        75.532549,
        37.631059
      ],
      [
        75.532567,
        37.631092
      ],
      [
        75.532595,
        37.63111
      ],
      [
        75.532632,
        37.631118
      ],
      [
        75.532671,
        37.63111
      ],
      [
        75.532715,
        37.631085
      ],
      [
        75.532741,
        37.631052
      ],
      [
        75.532763,
        37.630998
      ],
      [
        75.532801,
        37.630915
      ],
      [
        75.532855,
        37.630809
      ],
      [
        75.532959,
        37.630636
      ],
      [
        75.533008,
        37.630558
      ],
      [
        75.533044,
        37.630524
      ],
      [
        75.53309,
        37.630516
      ],
      [
        75.533125,
        37.630525
      ],
      [
        75.533151,
        37.630541
      ],
      [
        75.53316,
        37.630567
      ],
      [
        75.533164,
        37.630602
      ],
      [
        75.533155,
        37.630634
      ],
      [
        75.533119,
        37.630711
      ],
      [
        75.533031,
        37.630877
      ],
      [
        75.532999,
        37.630946
      ],
      [
        75.53299,
        37.630982
      ],
      [
        75.532996,
        37.631015
      ],
      [
        75.533011,
        37.631038
      ],
      [
        75.533036,
        37.631056
      ],
      [
        75.533075,
        37.63106
      ],
      [
        75.533125,
        37.631048
      ],
      [
        75.533177,
        37.631009
      ],
      [
        75.533227,
        37.630962
      ],
      [
        75.533327,
        37.630852
      ],
      [
        75.533448,
        37.630706
      ],
      [
        75.533503,
        37.630635
      ],
      [
        75.533554,
        37.630566
      ],
      [
        75.533586,
        37.630529
      ],
      [
        75.533612,
        37.630496
      ],
      [
        75.53364,
        37.630462
      ],
      [
        75.533671,
        37.630431
      ],
      [
        75.533703,
        37.630411
      ],
      [
        75.533739,
        37.630404
      ],
      [
        75.533773,
        37.630414
      ],
      [
        75.533795,
        37.630428
      ],
      [
        75.533812,
        37.630454
      ],
      [
        75.533815,
        37.630494
      ],
      [
        75.533806,
        37.630548
      ],
      [
        75.533786,
        37.630632
      ],
      [
        75.533766,
        37.630686
      ],
      [
        75.533758,
        37.630722
      ],
      [
        75.533761,
        37.630762
      ],
      [
        75.533785,
        37.630792
      ],
      [
        75.533811,
        37.630808
      ],
      [
        75.533845,
        37.630817
      ],
      [
        75.533886,
        37.630813
      ],
      [
        75.533928,
        37.6308
      ],
      [
        75.533965,
        37.630771
      ],
      [
        75.534026,
        37.630701
      ],
      [
        75.534094,
        37.630598
      ],
      [
        75.534133,
        37.630543
      ],
      [
        75.534167,
        37.630503
      ],
      [
        75.534201,
        37.630469
      ],
      [
        75.534254,
        37.630458
      ],
      [
        75.534294,
        37.630471
      ],
      [
        75.534319,
        37.630496
      ],
      [
        75.534336,
        37.630538
      ],
      [
        75.534331,
        37.630615
      ],
      [
        75.534308,
        37.630734
      ],
      [
        75.534295,
        37.630846
      ],
      [
        75.534322,
        37.63091
      ],
      [
        75.534347,
        37.630952
      ],
      [
        75.534386,
        37.63099
      ],
      [
        75.534423,
        37.631018
      ],
      [
        75.534464,
        37.631036
      ],
      [
        75.534519,
        37.631043
      ],
      [
        75.534564,
        37.631029
      ],
      [
        75.534597,
        37.631006
      ],
      [
        75.534618,
        37.630985
      ],
      [
        75.534637,
        37.630945
      ],
      [
        75.534653,
        37.630873
      ],
      [
        75.534669,
        37.630794
      ],
      [
        75.534688,
        37.630705
      ],
      [
        75.534709,
        37.630637
      ],
      [
        75.534728,
        37.630603
      ],
      [
        75.534769,
        37.630564
      ],
      [
        75.534816,
        37.63053
      ],
      [
        75.534871,
        37.630512
      ],
      [
        75.534929,
        37.630512
      ],
      [
        75.534979,
        37.630531
      ],
      [
        75.535023,
        37.630567
      ],
      [
        75.535054,
        37.630615
      ],
      [
        75.535084,
        37.630684
      ],
      [
        75.53511,
        37.630787
      ],
      [
        75.535125,
        37.630881
      ],
      [
        75.535146,
        37.630949
      ],
      [
        75.535168,
        37.631003
      ],
      [
        75.53519,
        37.631048
      ],
      [
        75.535218,
        37.631079
      ],
      [
        75.535243,
        37.631106
      ],
      [
        75.535279,
        37.631124
      ],
      [
        75.535326,
        37.63113
      ],
      [
        75.53537,
        37.631124
      ],
      [
        75.535402,
        37.631102
      ],
      [
        75.535427,
        37.631077
      ],
      [
        75.535447,
        37.631034
      ],
      [
        75.535454,
        37.630949
      ],
      [
        75.535465,
        37.630887
      ],
      [
        75.535503,
        37.63081
      ],
      [
        75.535543,
        37.630732
      ],
      [
        75.535582,
        37.630695
      ],
      [
        75.535614,
        37.630672
      ],
      [
        75.535664,
        37.63066
      ],
      [
        75.535703,
        37.630668
      ],
      [
        75.53574,
        37.630689
      ],
      [
        75.53578,
        37.630732
      ],
      [
        75.535804,
        37.630795
      ],
      [
        75.535832,
        37.630859
      ],
      [
        75.535852,
        37.6309
      ],
      [
        75.535885,
        37.630939
      ],
      [
        75.53594,
        37.630962
      ],
      [
        75.536008,
        37.630962
      ],
      [
        75.536083,
        37.630933
      ],
      [
        75.536145,
        37.630888
      ],
      [
        75.536208,
        37.630813
      ],
      [
        75.536259,
        37.630709
      ],
      [
        75.536307,
        37.630587
      ],
      [
        75.536346,
        37.630459
      ],
      [
        75.536383,
        37.630353
      ],
      [
        75.536444,
        37.630269
      ],
      [
        75.536518,
        37.630232
      ],
      [
        75.536597,
        37.6302
      ],
      [
        75.536662,
        37.63018
      ],
      [
        75.536768,
        37.630175
      ],
      [
        75.536884,
        37.630192
      ],
      [
        75.536995,
        37.630224
      ],
      [
        75.537106,
        37.630266
      ],
      [
        75.537223,
        37.630319
      ],
      [
        75.537283,
        37.630363
      ],
      [
        75.537301,
        37.630388
      ],
      [
        75.537301,
        37.630416
      ],
      [
        75.537287,
        37.630433
      ],
      [
        75.537257,
        37.630443
      ],
      [
        75.537179,
        37.630423
      ],
      [
        75.5371,
        37.630397
      ],
      [
        75.537026,
        37.630375
      ],
      [
        75.536933,
        37.630363
      ],
      [
        75.536852,
        37.630366
      ],
      [
        75.536779,
        37.630377
      ],
      [
        75.536736,
        37.630407
      ],
      [
        75.536721,
        37.630437
      ],
      [
        75.536721,
        37.630463
      ],
      [
        75.536754,
        37.630487
      ],
      [
        75.536842,
        37.630512
      ],
      [
        75.537015,
        37.630554
      ],
      [
        75.537202,
        37.630597
      ],
      [
        75.537356,
        37.630631
      ],
      [
        75.53746,
        37.630653
      ],
      [
        75.537561,
        37.630666
      ],
      [
        75.537676,
        37.630672
      ],
      [
        75.537763,
        37.63067
      ],
      [
        75.537836,
        37.630644
      ],
      [
        75.537978,
        37.630579
      ],
      [
        75.538087,
        37.630524
      ],
      [
        75.538199,
        37.630469
      ],
      [
        75.538306,
        37.630422
      ],
      [
        75.53843,
        37.630382
      ],
      [
        75.538555,
        37.630343
      ],
      [
        75.538646,
        37.630315
      ],
      [
        75.538725,
        37.63031
      ],
      [
        75.538773,
        37.63031
      ],
      [
        75.538795,
        37.630326
      ],
      [
        75.538801,
        37.630354
      ],
      [
        75.538787,
        37.630381
      ],
      [
        75.538735,
        37.630408
      ],
      [
        75.538624,
        37.630452
      ],
      [
        75.538449,
        37.630515
      ],
      [
        75.538251,
        37.630597
      ],
      [
        75.538101,
        37.630685
      ],
      [
        75.537977,
        37.630769
      ],
      [
        75.53789,
        37.630835
      ],
      [
        75.537822,
        37.630874
      ],
      [
        75.537775,
        37.630914
      ],
      [
        75.53776,
        37.630958
      ],
      [
        75.537766,
        37.631004
      ],
      [
        75.537802,
        37.63104
      ],
      [
        75.537864,
        37.631052
      ],
      [
        75.537938,
        37.63105
      ],
      [
        75.538009,
        37.631016
      ],
      [
        75.538083,
        37.630971
      ],
      [
        75.538163,
        37.630913
      ],
      [
        75.53822,
        37.630858
      ],
      [
        75.538281,
        37.630787
      ],
      [
        75.538324,
        37.630755
      ],
      [
        75.538366,
        37.630735
      ],
      [
        75.538401,
        37.630721
      ],
      [
        75.538441,
        37.630721
      ],
      [
        75.538475,
        37.630734
      ],
      [
        75.538475,
        37.630766
      ],
      [
        75.538454,
        37.630801
      ],
      [
        75.538438,
        37.630826
      ],
      [
        75.538408,
        37.630858
      ],
      [
        75.538376,
        37.630903
      ],
      [
        75.53837,
        37.630946
      ],
      [
        75.538382,
        37.630982
      ],
      [
        75.538415,
        37.631008
      ],
      [
        75.538468,
        37.631013
      ],
      [
        75.538522,
        37.630996
      ],
      [
        75.538588,
        37.63096
      ],
      [
        75.538662,
        37.6309
      ],
      [
        75.538746,
        37.630858
      ],
      [
        75.538817,
        37.630813
      ],
      [
        75.538879,
        37.630783
      ],
      [
        75.53893,
        37.630762
      ],
      [
        75.538994,
        37.630749
      ],
      [
        75.539074,
        37.630741
      ],
      [
        75.539173,
        37.630758
      ],
      [
        75.53926,
        37.630782
      ],
      [
        75.539368,
        37.630811
      ],
      [
        75.539474,
        37.630845
      ],
      [
        75.539555,
        37.630876
      ],
      [
        75.539664,
        37.630917
      ],
      [
        75.539752,
        37.630962
      ],
      [
        75.539826,
        37.631013
      ],
      [
        75.539889,
        37.631062
      ],
      [
        75.539951,
        37.631117
      ],
      [
        75.540007,
        37.631184
      ],
      [
        75.54008,
        37.631277
      ],
      [
        75.540118,
        37.63133
      ],
      [
        75.540278,
        37.631554
      ],
      [
        75.540352,
        37.631659
      ],
      [
        75.540463,
        37.631788
      ],
      [
        75.540569,
        37.631888
      ],
      [
        75.54067,
        37.632
      ],
      [
        75.540763,
        37.632117
      ],
      [
        75.540789,
        37.632149
      ],
      [
        75.540821,
        37.632169
      ],
      [
        75.540859,
        37.632179
      ],
      [
        75.540903,
        37.632171
      ],
      [
        75.540932,
        37.632152
      ],
      [
        75.540951,
        37.632127
      ],
      [
        75.540953,
        37.632093
      ],
      [
        75.540934,
        37.632064
      ],
      [
        75.540895,
        37.63203
      ],
      [
        75.540855,
        37.631991
      ],
      [
        75.540822,
        37.631956
      ],
      [
        75.540778,
        37.631908
      ],
      [
        75.540739,
        37.631866
      ],
      [
        75.540716,
        37.631828
      ],
      [
        75.540711,
        37.631779
      ],
      [
        75.540721,
        37.631736
      ],
      [
        75.540759,
        37.631699
      ],
      [
        75.540806,
        37.631679
      ],
      [
        75.54086,
        37.631682
      ],
      [
        75.540934,
        37.63171
      ],
      [
        75.541,
        37.631739
      ],
      [
        75.541088,
        37.631779
      ],
      [
        75.54117,
        37.631807
      ],
      [
        75.541222,
        37.631814
      ],
      [
        75.54132,
        37.631816
      ],
      [
        75.541486,
        37.631818
      ],
      [
        75.541711,
        37.631829
      ],
      [
        75.541935,
        37.631845
      ],
      [
        75.542082,
        37.63185
      ],
      [
        75.542216,
        37.631866
      ],
      [
        75.542332,
        37.63189
      ],
      [
        75.542468,
        37.631931
      ],
      [
        75.542558,
        37.631959
      ],
      [
        75.542624,
        37.631988
      ],
      [
        75.542675,
        37.632021
      ],
      [
        75.542721,
        37.632067
      ],
      [
        75.542779,
        37.632136
      ],
      [
        75.542825,
        37.632189
      ],
      [
        75.542875,
        37.632244
      ],
      [
        75.542927,
        37.632287
      ],
      [
        75.542997,
        37.632326
      ],
      [
        75.543071,
        37.632355
      ],
      [
        75.543156,
        37.632377
      ],
      [
        75.543359,
        37.632429
      ],
      [
        75.543537,
        37.632477
      ],
      [
        75.543614,
        37.632502
      ],
      [
        75.543671,
        37.632505
      ],
      [
        75.543748,
        37.632501
      ],
      [
        75.543824,
        37.632472
      ],
      [
        75.543889,
        37.63243
      ],
      [
        75.54395,
        37.63239
      ],
      [
        75.544025,
        37.632341
      ],
      [
        75.544088,
        37.632301
      ],
      [
        75.544176,
        37.632269
      ],
      [
        75.544265,
        37.632256
      ],
      [
        75.544366,
        37.632255
      ],
      [
        75.544502,
        37.632257
      ],
      [
        75.544587,
        37.632255
      ],
      [
        75.544675,
        37.63224
      ],
      [
        75.544759,
        37.632212
      ],
      [
        75.544835,
        37.632184
      ],
      [
        75.54492,
        37.632141
      ],
      [
        75.544997,
        37.632083
      ],
      [
        75.545073,
        37.632024
      ],
      [
        75.545168,
        37.631949
      ],
      [
        75.545255,
        37.631885
      ],
      [
        75.545359,
        37.631821
      ],
      [
        75.54543,
        37.631779
      ],
      [
        75.545531,
        37.631726
      ],
      [
        75.545599,
        37.631696
      ],
      [
        75.545741,
        37.631647
      ],
      [
        75.545872,
        37.631604
      ],
      [
        75.546016,
        37.631549
      ],
      [
        75.546147,
        37.631493
      ],
      [
        75.546267,
        37.631438
      ],
      [
        75.546429,
        37.63138
      ],
      [
        75.546554,
        37.631331
      ],
      [
        75.546647,
        37.631293
      ],
      [
        75.546754,
        37.631253
      ],
      [
        75.546865,
        37.631219
      ],
      [
        75.546966,
        37.63119
      ],
      [
        75.547088,
        37.631164
      ],
      [
        75.547195,
        37.631142
      ],
      [
        75.547306,
        37.631124
      ],
      [
        75.54741,
        37.631117
      ],
      [
        75.547545,
        37.631117
      ],
      [
        75.547705,
        37.631123
      ],
      [
        75.547814,
        37.631131
      ],
      [
        75.547923,
        37.631137
      ],
      [
        75.548049,
        37.631148
      ],
      [
        75.54814,
        37.631165
      ],
      [
        75.548228,
        37.631177
      ],
      [
        75.548295,
        37.631191
      ],
      [
        75.548364,
        37.631206
      ],
      [
        75.548418,
        37.631204
      ],
      [
        75.548464,
        37.631185
      ],
      [
        75.548519,
        37.631162
      ],
      [
        75.548579,
        37.63113
      ],
      [
        75.548633,
        37.631102
      ],
      [
        75.548721,
        37.631066
      ],
      [
        75.548812,
        37.631038
      ],
      [
        75.548899,
        37.631013
      ],
      [
        75.548987,
        37.630998
      ],
      [
        75.549084,
        37.630984
      ],
      [
        75.549194,
        37.630974
      ],
      [
        75.549298,
        37.630964
      ],
      [
        75.549405,
        37.630952
      ],
      [
        75.549493,
        37.630943
      ],
      [
        75.549585,
        37.630935
      ],
      [
        75.549701,
        37.630933
      ],
      [
        75.549792,
        37.630931
      ],
      [
        75.549855,
        37.630931
      ],
      [
        75.549903,
        37.630928
      ],
      [
        75.549946,
        37.630916
      ],
      [
        75.549978,
        37.630906
      ],
      [
        75.550009,
        37.630889
      ],
      [
        75.550029,
        37.630871
      ],
      [
        75.550049,
        37.630843
      ],
      [
        75.550061,
        37.630798
      ],
      [
        75.550054,
        37.630747
      ],
      [
        75.550026,
        37.630697
      ],
      [
        75.54999,
        37.630646
      ],
      [
        75.549951,
        37.630596
      ],
      [
        75.54991,
        37.630545
      ],
      [
        75.549856,
        37.630493
      ],
      [
        75.549793,
        37.630436
      ],
      [
        75.549718,
        37.630386
      ],
      [
        75.549635,
        37.630338
      ],
      [
        75.549552,
        37.630303
      ],
      [
        75.54948,
        37.630274
      ],
      [
        75.549386,
        37.630242
      ],
      [
        75.549326,
        37.630218
      ],
      [
        75.549291,
        37.630197
      ],
      [
        75.549265,
        37.630166
      ],
      [
        75.549256,
        37.630126
      ],
      [
        75.549262,
        37.630085
      ],
      [
        75.54929,
        37.630047
      ],
      [
        75.549324,
        37.63002
      ],
      [
        75.54937,
        37.630001
      ],
      [
        75.549417,
        37.629991
      ],
      [
        75.549474,
        37.62999
      ],
      [
        75.549519,
        37.629998
      ],
      [
        75.54958,
        37.630014
      ],
      [
        75.549638,
        37.630031
      ],
      [
        75.549698,
        37.630047
      ],
      [
        75.549766,
        37.630063
      ],
      [
        75.549835,
        37.630081
      ],
      [
        75.549899,
        37.630097
      ],
      [
        75.549965,
        37.630117
      ],
      [
        75.550034,
        37.630136
      ],
      [
        75.550104,
        37.630153
      ],
      [
        75.550191,
        37.630173
      ],
      [
        75.550256,
        37.630184
      ],
      [
        75.550317,
        37.630192
      ],
      [
        75.550375,
        37.630196
      ],
      [
        75.550441,
        37.6302
      ],
      [
        75.550517,
        37.6302
      ],
      [
        75.550578,
        37.630193
      ],
      [
        75.550635,
        37.630176
      ],
      [
        75.550687,
        37.630151
      ],
      [
        75.550744,
        37.630118
      ],
      [
        75.550787,
        37.630089
      ],
      [
        75.55082,
        37.630055
      ],
      [
        75.55085,
        37.630016
      ],
      [
        75.55087,
        37.629973
      ],
      [
        75.550887,
        37.629931
      ],
      [
        75.550914,
        37.62989
      ],
      [
        75.550948,
        37.629849
      ],
      [
        75.550976,
        37.629824
      ],
      [
        75.551013,
        37.629801
      ],
      [
        75.551055,
        37.629783
      ],
      [
        75.551127,
        37.629775
      ],
      [
        75.551253,
        37.629789
      ],
      [
        75.551416,
        37.629809
      ],
      [
        75.551606,
        37.629848
      ],
      [
        75.551774,
        37.629877
      ],
      [
        75.552075,
        37.629957
      ],
      [
        75.552263,
        37.630007
      ],
      [
        75.552451,
        37.630035
      ],
      [
        75.552593,
        37.630049
      ],
      [
        75.55277,
        37.630049
      ],
      [
        75.552965,
        37.630044
      ],
      [
        75.553268,
        37.630039
      ],
      [
        75.553384,
        37.630032
      ],
      [
        75.553431,
        37.630043
      ],
      [
        75.553468,
        37.630072
      ],
      [
        75.553468,
        37.630106
      ],
      [
        75.553407,
        37.630145
      ],
      [
        75.553321,
        37.630168
      ],
      [
        75.553238,
        37.630181
      ],
      [
        75.553139,
        37.630197
      ],
      [
        75.55304,
        37.630211
      ],
      [
        75.55294,
        37.630218
      ],
      [
        75.552855,
        37.630227
      ],
      [
        75.552785,
        37.630239
      ],
      [
        75.552759,
        37.630258
      ],
      [
        75.552759,
        37.630288
      ],
      [
        75.552799,
        37.630329
      ],
      [
        75.552904,
        37.630344
      ],
      [
        75.553033,
        37.630344
      ],
      [
        75.553224,
        37.630338
      ],
      [
        75.553399,
        37.630331
      ],
      [
        75.553581,
        37.630307
      ],
      [
        75.553789,
        37.630268
      ],
      [
        75.553997,
        37.630216
      ],
      [
        75.554214,
        37.630142
      ],
      [
        75.554345,
        37.630085
      ],
      [
        75.554504,
        37.629981
      ],
      [
        75.554658,
        37.62993
      ],
      [
        75.554919,
        37.62985
      ],
      [
        75.555122,
        37.629785
      ],
      [
        75.555326,
        37.629772
      ],
      [
        75.555491,
        37.629796
      ],
      [
        75.555669,
        37.629841
      ],
      [
        75.555877,
        37.629894
      ],
      [
        75.556124,
        37.629922
      ],
      [
        75.556446,
        37.629915
      ],
      [
        75.556596,
        37.629922
      ],
      [
        75.556771,
        37.629976
      ],
      [
        75.5569,
        37.630037
      ],
      [
        75.557069,
        37.630103
      ],
      [
        75.557173,
        37.630137
      ],
      [
        75.557283,
        37.63016
      ],
      [
        75.557359,
        37.630154
      ],
      [
        75.557447,
        37.63013
      ],
      [
        75.557495,
        37.630096
      ],
      [
        75.557538,
        37.630035
      ],
      [
        75.55757,
        37.629939
      ],
      [
        75.557592,
        37.629865
      ],
      [
        75.557619,
        37.629774
      ],
      [
        75.557646,
        37.629714
      ],
      [
        75.557672,
        37.629682
      ],
      [
        75.55771,
        37.629646
      ],
      [
        75.55775,
        37.629638
      ],
      [
        75.557796,
        37.629642
      ],
      [
        75.55782,
        37.629663
      ],
      [
        75.55782,
        37.629699
      ],
      [
        75.557793,
        37.62974
      ],
      [
        75.557766,
        37.629782
      ],
      [
        75.557737,
        37.629856
      ],
      [
        75.557707,
        37.629935
      ],
      [
        75.55768,
        37.630016
      ],
      [
        75.557656,
        37.630094
      ],
      [
        75.557646,
        37.630156
      ],
      [
        75.557659,
        37.63019
      ],
      [
        75.557697,
        37.630203
      ],
      [
        75.557739,
        37.630196
      ],
      [
        75.557774,
        37.630162
      ],
      [
        75.557796,
        37.630075
      ],
      [
        75.557809,
        37.630011
      ],
      [
        75.557839,
        37.629958
      ],
      [
        75.557914,
        37.62988
      ],
      [
        75.558005,
        37.629816
      ],
      [
        75.558099,
        37.629767
      ],
      [
        75.558246,
        37.629708
      ],
      [
        75.558415,
        37.629646
      ],
      [
        75.558643,
        37.629563
      ],
      [
        75.558828,
        37.629485
      ],
      [
        75.558887,
        37.629476
      ],
      [
        75.558941,
        37.629489
      ],
      [
        75.558938,
        37.629521
      ],
      [
        75.558882,
        37.629576
      ],
      [
        75.558585,
        37.629708
      ],
      [
        75.558325,
        37.629845
      ],
      [
        75.558079,
        37.629983
      ],
      [
        75.557975,
        37.630051
      ],
      [
        75.557962,
        37.630118
      ],
      [
        75.558014,
        37.630156
      ],
      [
        75.558104,
        37.630139
      ],
      [
        75.558268,
        37.63005
      ],
      [
        75.558622,
        37.629881
      ],
      [
        75.55896,
        37.629724
      ],
      [
        75.559102,
        37.629646
      ],
      [
        75.559161,
        37.629594
      ],
      [
        75.559199,
        37.629534
      ],
      [
        75.559184,
        37.629439
      ],
      [
        75.559136,
        37.629348
      ],
      [
        75.559103,
        37.629266
      ],
      [
        75.559086,
        37.629171
      ],
      [
        75.559086,
        37.629113
      ],
      [
        75.559095,
        37.629054
      ],
      [
        75.559106,
        37.629026
      ],
      [
        75.559121,
        37.628997
      ],
      [
        75.559148,
        37.628976
      ],
      [
        75.55918,
        37.628962
      ],
      [
        75.559219,
        37.628966
      ],
      [
        75.559253,
        37.628979
      ],
      [
        75.559272,
        37.628997
      ],
      [
        75.559282,
        37.629025
      ],
      [
        75.559288,
        37.629051
      ],
      [
        75.559289,
        37.629078
      ],
      [
        75.559288,
        37.62913
      ],
      [
        75.559289,
        37.629184
      ],
      [
        75.559295,
        37.629232
      ],
      [
        75.559304,
        37.629277
      ],
      [
        75.559319,
        37.629322
      ],
      [
        75.559351,
        37.629407
      ],
      [
        75.559365,
        37.62945
      ],
      [
        75.559379,
        37.629499
      ],
      [
        75.559389,
        37.629541
      ],
      [
        75.559392,
        37.629591
      ],
      [
        75.559363,
        37.629647
      ],
      [
        75.559318,
        37.629694
      ],
      [
        75.559265,
        37.629737
      ],
      [
        75.559207,
        37.629779
      ],
      [
        75.559087,
        37.629853
      ],
      [
        75.558952,
        37.629924
      ],
      [
        75.5588,
        37.629997
      ],
      [
        75.558632,
        37.630069
      ],
      [
        75.558477,
        37.630131
      ],
      [
        75.558442,
        37.630148
      ],
      [
        75.558419,
        37.630167
      ],
      [
        75.558409,
        37.630194
      ],
      [
        75.558421,
        37.630224
      ],
      [
        75.558452,
        37.630235
      ],
      [
        75.55849,
        37.630235
      ],
      [
        75.55852,
        37.630228
      ],
      [
        75.558559,
        37.630212
      ],
      [
        75.558688,
        37.630149
      ],
      [
        75.558829,
        37.630085
      ],
      [
        75.558991,
        37.630017
      ],
      [
        75.559127,
        37.629954
      ],
      [
        75.559266,
        37.629887
      ],
      [
        75.559336,
        37.629848
      ],
      [
        75.559398,
        37.629805
      ],
      [
        75.559457,
        37.629753
      ],
      [
        75.559512,
        37.629695
      ],
      [
        75.559536,
        37.629656
      ],
      [
        75.559551,
        37.629611
      ],
      [
        75.559551,
        37.629557
      ],
      [
        75.559549,
        37.629509
      ],
      [
        75.559543,
        37.629413
      ],
      [
        75.559542,
        37.629358
      ],
      [
        75.559542,
        37.629303
      ],
      [
        75.559541,
        37.629273
      ],
      [
        75.559543,
        37.629242
      ],
      [
        75.559553,
        37.629216
      ],
      [
        75.559566,
        37.629196
      ],
      [
        75.559605,
        37.629152
      ],
      [
        75.559655,
        37.629106
      ],
      [
        75.559717,
        37.629063
      ],
      [
        75.559783,
        37.629024
      ],
      [
        75.559842,
        37.62899
      ],
      [
        75.559905,
        37.628955
      ],
      [
        75.559967,
        37.62893
      ],
      [
        75.560009,
        37.628918
      ],
      [
        75.560032,
        37.628925
      ],
      [
        75.560045,
        37.628943
      ],
      [
        75.560041,
        37.628961
      ],
      [
        75.560023,
        37.628985
      ],
      [
        75.559997,
        37.629006
      ],
      [
        75.559947,
        37.629038
      ],
      [
        75.559897,
        37.62907
      ],
      [
        75.559857,
        37.629096
      ],
      [
        75.559821,
        37.629117
      ],
      [
        75.559799,
        37.629135
      ],
      [
        75.559753,
        37.629172
      ],
      [
        75.559713,
        37.629212
      ],
      [
        75.559696,
        37.629235
      ],
      [
        75.559683,
        37.629261
      ],
      [
        75.559669,
        37.629292
      ],
      [
        75.559662,
        37.629326
      ],
      [
        75.559658,
        37.629352
      ],
      [
        75.55966,
        37.629384
      ],
      [
        75.559674,
        37.629439
      ],
      [
        75.559698,
        37.629498
      ],
      [
        75.559731,
        37.629569
      ],
      [
        75.559804,
        37.629706
      ],
      [
        75.559871,
        37.62983
      ],
      [
        75.559908,
        37.629902
      ],
      [
        75.559921,
        37.629938
      ],
      [
        75.559928,
        37.629974
      ],
      [
        75.559916,
        37.630012
      ],
      [
        75.559882,
        37.630039
      ],
      [
        75.559803,
        37.630078
      ],
      [
        75.559725,
        37.630113
      ],
      [
        75.559613,
        37.630146
      ],
      [
        75.559517,
        37.630162
      ],
      [
        75.559419,
        37.63019
      ],
      [
        75.559321,
        37.630222
      ],
      [
        75.559242,
        37.630255
      ],
      [
        75.559141,
        37.630297
      ],
      [
        75.559043,
        37.630345
      ],
      [
        75.55895,
        37.630392
      ],
      [
        75.558877,
        37.630443
      ],
      [
        75.558812,
        37.6305
      ],
      [
        75.558755,
        37.630564
      ],
      [
        75.558726,
        37.630621
      ],
      [
        75.558715,
        37.630671
      ],
      [
        75.558724,
        37.630705
      ],
      [
        75.558759,
        37.630724
      ],
      [
        75.558801,
        37.630723
      ],
      [
        75.558849,
        37.630702
      ],
      [
        75.558883,
        37.63067
      ],
      [
        75.558921,
        37.630625
      ],
      [
        75.558945,
        37.630582
      ],
      [
        75.558976,
        37.630543
      ],
      [
        75.559008,
        37.630503
      ],
      [
        75.559042,
        37.630469
      ],
      [
        75.559087,
        37.63045
      ],
      [
        75.559143,
        37.630447
      ],
      [
        75.559198,
        37.630448
      ],
      [
        75.55926,
        37.630445
      ],
      [
        75.559318,
        37.630436
      ],
      [
        75.559359,
        37.630412
      ],
      [
        75.5594,
        37.630382
      ],
      [
        75.559433,
        37.630355
      ],
      [
        75.559474,
        37.630329
      ],
      [
        75.559517,
        37.630312
      ],
      [
        75.559571,
        37.630291
      ],
      [
        75.559624,
        37.630281
      ],
      [
        75.559685,
        37.630278
      ],
      [
        75.559785,
        37.630275
      ],
      [
        75.559866,
        37.630271
      ],
      [
        75.55994,
        37.630267
      ],
      [
        75.560014,
        37.630255
      ],
      [
        75.560068,
        37.63024
      ],
      [
        75.560126,
        37.630223
      ],
      [
        75.560147,
        37.630222
      ],
      [
        75.56017,
        37.630224
      ],
      [
        75.560181,
        37.630231
      ],
      [
        75.560189,
        37.63024
      ],
      [
        75.560191,
        37.630251
      ],
      [
        75.560189,
        37.630264
      ],
      [
        75.560176,
        37.630278
      ],
      [
        75.560155,
        37.630289
      ],
      [
        75.560117,
        37.630302
      ],
      [
        75.560029,
        37.630332
      ],
      [
        75.559951,
        37.630361
      ],
      [
        75.559871,
        37.630381
      ],
      [
        75.559783,
        37.630393
      ],
      [
        75.559695,
        37.630399
      ],
      [
        75.559632,
        37.630406
      ],
      [
        75.559584,
        37.630417
      ],
      [
        75.559539,
        37.630447
      ],
      [
        75.559508,
        37.630471
      ],
      [
        75.559474,
        37.630494
      ],
      [
        75.559445,
        37.630516
      ],
      [
        75.559403,
        37.630535
      ],
      [
        75.55937,
        37.630548
      ],
      [
        75.559331,
        37.63056
      ],
      [
        75.55929,
        37.630571
      ],
      [
        75.559248,
        37.63058
      ],
      [
        75.559198,
        37.630591
      ],
      [
        75.559159,
        37.630609
      ],
      [
        75.559123,
        37.630635
      ],
      [
        75.559091,
        37.63066
      ],
      [
        75.559066,
        37.630687
      ],
      [
        75.55905,
        37.630716
      ],
      [
        75.559043,
        37.630743
      ],
      [
        75.559042,
        37.630759
      ],
      [
        75.55905,
        37.630772
      ],
      [
        75.559069,
        37.630779
      ],
      [
        75.559091,
        37.630771
      ],
      [
        75.559105,
        37.630753
      ],
      [
        75.559116,
        37.630736
      ],
      [
        75.559134,
        37.630712
      ],
      [
        75.559158,
        37.630697
      ],
      [
        75.559181,
        37.63069
      ],
      [
        75.559224,
        37.630678
      ],
      [
        75.559269,
        37.630673
      ],
      [
        75.559318,
        37.630672
      ],
      [
        75.559364,
        37.630673
      ],
      [
        75.5594,
        37.63067
      ],
      [
        75.559435,
        37.630661
      ],
      [
        75.559499,
        37.630636
      ],
      [
        75.55954,
        37.630614
      ],
      [
        75.559571,
        37.630592
      ],
      [
        75.55961,
        37.63057
      ],
      [
        75.559654,
        37.63056
      ],
      [
        75.559705,
        37.630553
      ],
      [
        75.559763,
        37.630551
      ],
      [
        75.559815,
        37.630551
      ],
      [
        75.559869,
        37.63055
      ],
      [
        75.559921,
        37.63055
      ],
      [
        75.55997,
        37.630546
      ],
      [
        75.560068,
        37.630531
      ],
      [
        75.560134,
        37.630514
      ],
      [
        75.560183,
        37.630499
      ],
      [
        75.560234,
        37.630479
      ],
      [
        75.560296,
        37.63046
      ],
      [
        75.56036,
        37.63044
      ],
      [
        75.560426,
        37.630427
      ],
      [
        75.560467,
        37.630429
      ],
      [
        75.560504,
        37.630439
      ],
      [
        75.560519,
        37.630461
      ],
      [
        75.560513,
        37.630482
      ],
      [
        75.560483,
        37.630505
      ],
      [
        75.560356,
        37.630553
      ],
      [
        75.560229,
        37.6306
      ],
      [
        75.560164,
        37.630623
      ],
      [
        75.560105,
        37.630644
      ],
      [
        75.560041,
        37.630662
      ],
      [
        75.559976,
        37.630675
      ],
      [
        75.559914,
        37.630686
      ],
      [
        75.559843,
        37.630694
      ],
      [
        75.559799,
        37.630696
      ],
      [
        75.559756,
        37.630697
      ],
      [
        75.559721,
        37.630704
      ],
      [
        75.559695,
        37.630715
      ],
      [
        75.55965,
        37.630735
      ],
      [
        75.559618,
        37.630752
      ],
      [
        75.559583,
        37.630774
      ],
      [
        75.559561,
        37.630791
      ],
      [
        75.559544,
        37.630817
      ],
      [
        75.559537,
        37.630841
      ],
      [
        75.559542,
        37.630865
      ],
      [
        75.559567,
        37.63087
      ],
      [
        75.559593,
        37.630866
      ],
      [
        75.559615,
        37.630853
      ],
      [
        75.55965,
        37.630829
      ],
      [
        75.559693,
        37.630808
      ],
      [
        75.559728,
        37.630798
      ],
      [
        75.559765,
        37.630793
      ],
      [
        75.559805,
        37.630795
      ],
      [
        75.559848,
        37.630799
      ],
      [
        75.559895,
        37.630804
      ],
      [
        75.559946,
        37.630807
      ],
      [
        75.559994,
        37.630809
      ],
      [
        75.560042,
        37.630807
      ],
      [
        75.560088,
        37.630799
      ],
      [
        75.560124,
        37.630791
      ],
      [
        75.560166,
        37.630779
      ],
      [
        75.560207,
        37.630768
      ],
      [
        75.560248,
        37.630757
      ],
      [
        75.560291,
        37.630748
      ],
      [
        75.560333,
        37.630744
      ],
      [
        75.560377,
        37.630741
      ],
      [
        75.560421,
        37.630737
      ],
      [
        75.560459,
        37.630733
      ],
      [
        75.560501,
        37.630726
      ],
      [
        75.560543,
        37.630715
      ],
      [
        75.560633,
        37.630688
      ],
      [
        75.560713,
        37.63066
      ],
      [
        75.560759,
        37.630642
      ],
      [
        75.560786,
        37.630634
      ],
      [
        75.56081,
        37.630628
      ],
      [
        75.56083,
        37.63063
      ],
      [
        75.560846,
        37.630637
      ],
      [
        75.560856,
        37.630647
      ],
      [
        75.560863,
        37.630661
      ],
      [
        75.560855,
        37.630681
      ],
      [
        75.560838,
        37.630699
      ],
      [
        75.560797,
        37.630728
      ],
      [
        75.560756,
        37.630756
      ],
      [
        75.560712,
        37.630783
      ],
      [
        75.560662,
        37.630806
      ],
      [
        75.560601,
        37.630826
      ],
      [
        75.560539,
        37.630848
      ],
      [
        75.560479,
        37.630862
      ],
      [
        75.560413,
        37.630874
      ],
      [
        75.560342,
        37.630883
      ],
      [
        75.560275,
        37.630898
      ],
      [
        75.560212,
        37.630918
      ],
      [
        75.560152,
        37.630941
      ],
      [
        75.560086,
        37.630957
      ],
      [
        75.560047,
        37.630969
      ],
      [
        75.560029,
        37.630984
      ],
      [
        75.560025,
        37.630998
      ],
      [
        75.560029,
        37.631018
      ],
      [
        75.560055,
        37.631033
      ],
      [
        75.560091,
        37.631035
      ],
      [
        75.560132,
        37.631027
      ],
      [
        75.560175,
        37.631013
      ],
      [
        75.560248,
        37.630993
      ],
      [
        75.560327,
        37.63098
      ],
      [
        75.560401,
        37.630971
      ],
      [
        75.560475,
        37.630964
      ],
      [
        75.560557,
        37.630949
      ],
      [
        75.56062,
        37.630927
      ],
      [
        75.5607,
        37.630899
      ],
      [
        75.560773,
        37.630868
      ],
      [
        75.560812,
        37.630851
      ],
      [
        75.560854,
        37.630838
      ],
      [
        75.560893,
        37.630825
      ],
      [
        75.560946,
        37.63081
      ],
      [
        75.561016,
        37.63079
      ],
      [
        75.561055,
        37.63078
      ],
      [
        75.561092,
        37.630775
      ],
      [
        75.561128,
        37.630773
      ],
      [
        75.561164,
        37.630781
      ],
      [
        75.561184,
        37.630801
      ],
      [
        75.561189,
        37.630814
      ],
      [
        75.561191,
        37.630826
      ],
      [
        75.561188,
        37.630839
      ],
      [
        75.561178,
        37.630852
      ],
      [
        75.561164,
        37.630864
      ],
      [
        75.561146,
        37.630874
      ],
      [
        75.561104,
        37.630894
      ],
      [
        75.561063,
        37.630912
      ],
      [
        75.561007,
        37.630934
      ],
      [
        75.560948,
        37.630956
      ],
      [
        75.560893,
        37.630978
      ],
      [
        75.560866,
        37.630989
      ],
      [
        75.560839,
        37.631001
      ],
      [
        75.560792,
        37.631019
      ],
      [
        75.560745,
        37.631034
      ],
      [
        75.560699,
        37.631047
      ],
      [
        75.560643,
        37.631065
      ],
      [
        75.560582,
        37.631082
      ],
      [
        75.560549,
        37.63109
      ],
      [
        75.560517,
        37.6311
      ],
      [
        75.560503,
        37.631106
      ],
      [
        75.560489,
        37.631113
      ],
      [
        75.560477,
        37.631122
      ],
      [
        75.560471,
        37.631131
      ],
      [
        75.560468,
        37.631141
      ],
      [
        75.560467,
        37.63115
      ],
      [
        75.56047,
        37.63116
      ],
      [
        75.560478,
        37.631169
      ],
      [
        75.560492,
        37.631178
      ],
      [
        75.560509,
        37.631184
      ],
      [
        75.560534,
        37.631191
      ],
      [
        75.560562,
        37.631195
      ],
      [
        75.560594,
        37.631194
      ],
      [
        75.560625,
        37.631188
      ],
      [
        75.560653,
        37.631181
      ],
      [
        75.560681,
        37.631171
      ],
      [
        75.560707,
        37.63116
      ],
      [
        75.560732,
        37.631149
      ],
      [
        75.560759,
        37.631138
      ],
      [
        75.560788,
        37.631127
      ],
      [
        75.560807,
        37.63112
      ],
      [
        75.56085,
        37.631106
      ],
      [
        75.560919,
        37.631083
      ],
      [
        75.561013,
        37.631052
      ],
      [
        75.561066,
        37.631036
      ],
      [
        75.561118,
        37.63102
      ],
      [
        75.561169,
        37.631009
      ],
      [
        75.56122,
        37.630997
      ],
      [
        75.561326,
        37.630973
      ],
      [
        75.561386,
        37.63096
      ],
      [
        75.561442,
        37.63095
      ],
      [
        75.561499,
        37.630942
      ],
      [
        75.56153,
        37.63094
      ],
      [
        75.56156,
        37.63094
      ],
      [
        75.561582,
        37.630944
      ],
      [
        75.561605,
        37.630952
      ],
      [
        75.561621,
        37.630966
      ],
      [
        75.561631,
        37.630986
      ],
      [
        75.561629,
        37.631008
      ],
      [
        75.561616,
        37.631029
      ],
      [
        75.56159,
        37.631042
      ],
      [
        75.561562,
        37.631051
      ],
      [
        75.561498,
        37.631067
      ],
      [
        75.561433,
        37.63108
      ],
      [
        75.561376,
        37.631091
      ],
      [
        75.561318,
        37.631106
      ],
      [
        75.561262,
        37.631124
      ],
      [
        75.5612,
        37.631145
      ],
      [
        75.561094,
        37.631176
      ],
      [
        75.560983,
        37.631209
      ],
      [
        75.560925,
        37.631228
      ],
      [
        75.560868,
        37.631248
      ],
      [
        75.560845,
        37.631259
      ],
      [
        75.560831,
        37.631273
      ],
      [
        75.560824,
        37.631293
      ],
      [
        75.560831,
        37.631314
      ],
      [
        75.560854,
        37.63133
      ],
      [
        75.56088,
        37.631334
      ],
      [
        75.560909,
        37.631333
      ],
      [
        75.560959,
        37.63132
      ],
      [
        75.561006,
        37.631308
      ],
      [
        75.561174,
        37.631265
      ],
      [
        75.561352,
        37.631221
      ],
      [
        75.561438,
        37.631204
      ],
      [
        75.561521,
        37.631192
      ],
      [
        75.561572,
        37.631186
      ],
      [
        75.561617,
        37.631181
      ],
      [
        75.561711,
        37.631166
      ],
      [
        75.561807,
        37.631143
      ],
      [
        75.5619,
        37.631113
      ],
      [
        75.561994,
        37.631083
      ],
      [
        75.562097,
        37.631051
      ],
      [
        75.562159,
        37.631031
      ],
      [
        75.562221,
        37.631016
      ],
      [
        75.562242,
        37.631016
      ],
      [
        75.562258,
        37.631023
      ],
      [
        75.562273,
        37.631031
      ],
      [
        75.562283,
        37.631042
      ],
      [
        75.562286,
        37.631052
      ],
      [
        75.562287,
        37.631062
      ],
      [
        75.562285,
        37.631072
      ],
      [
        75.562281,
        37.631082
      ],
      [
        75.562273,
        37.631092
      ],
      [
        75.562264,
        37.631101
      ],
      [
        75.562253,
        37.63111
      ],
      [
        75.56224,
        37.631118
      ],
      [
        75.562216,
        37.631134
      ],
      [
        75.562189,
        37.631151
      ],
      [
        75.562168,
        37.631164
      ],
      [
        75.562135,
        37.631177
      ],
      [
        75.562065,
        37.631201
      ],
      [
        75.562,
        37.63122
      ],
      [
        75.561924,
        37.631238
      ],
      [
        75.56186,
        37.631256
      ],
      [
        75.561796,
        37.631278
      ],
      [
        75.561742,
        37.631299
      ],
      [
        75.56168,
        37.63132
      ],
      [
        75.561612,
        37.631339
      ],
      [
        75.561543,
        37.631356
      ],
      [
        75.561478,
        37.631366
      ],
      [
        75.561442,
        37.631374
      ],
      [
        75.561428,
        37.631382
      ],
      [
        75.561414,
        37.631395
      ],
      [
        75.561409,
        37.631406
      ],
      [
        75.561407,
        37.631417
      ],
      [
        75.561411,
        37.631428
      ],
      [
        75.561419,
        37.631438
      ],
      [
        75.561432,
        37.631449
      ],
      [
        75.561449,
        37.631457
      ],
      [
        75.561461,
        37.631459
      ],
      [
        75.561471,
        37.631461
      ],
      [
        75.561492,
        37.63146
      ],
      [
        75.561513,
        37.631458
      ],
      [
        75.561554,
        37.631451
      ],
      [
        75.561619,
        37.631438
      ],
      [
        75.56169,
        37.631426
      ],
      [
        75.561744,
        37.631419
      ],
      [
        75.561802,
        37.63141
      ],
      [
        75.561855,
        37.631396
      ],
      [
        75.561905,
        37.63138
      ],
      [
        75.561951,
        37.631365
      ],
      [
        75.562007,
        37.631354
      ],
      [
        75.562069,
        37.63134
      ],
      [
        75.562127,
        37.63133
      ],
      [
        75.562232,
        37.63131
      ],
      [
        75.562343,
        37.631285
      ],
      [
        75.562406,
        37.631271
      ],
      [
        75.562477,
        37.631258
      ],
      [
        75.562505,
        37.631256
      ],
      [
        75.562532,
        37.63126
      ],
      [
        75.562557,
        37.631271
      ],
      [
        75.562575,
        37.631284
      ],
      [
        75.56257,
        37.631309
      ],
      [
        75.562548,
        37.631329
      ],
      [
        75.562521,
        37.631346
      ],
      [
        75.562449,
        37.631375
      ],
      [
        75.562383,
        37.6314
      ],
      [
        75.562317,
        37.631422
      ],
      [
        75.562188,
        37.631459
      ],
      [
        75.562123,
        37.631477
      ],
      [
        75.562047,
        37.631496
      ],
      [
        75.561896,
        37.631532
      ],
      [
        75.561822,
        37.631547
      ],
      [
        75.561745,
        37.631558
      ],
      [
        75.561696,
        37.631562
      ],
      [
        75.561646,
        37.631571
      ],
      [
        75.561623,
        37.631579
      ],
      [
        75.561594,
        37.631588
      ],
      [
        75.561567,
        37.631601
      ],
      [
        75.561541,
        37.631617
      ],
      [
        75.561532,
        37.631628
      ],
      [
        75.561526,
        37.631639
      ],
      [
        75.561521,
        37.631655
      ],
      [
        75.561522,
        37.63167
      ],
      [
        75.561527,
        37.631685
      ],
      [
        75.561547,
        37.6317
      ],
      [
        75.561581,
        37.631709
      ],
      [
        75.561611,
        37.631711
      ],
      [
        75.561645,
        37.631708
      ],
      [
        75.561685,
        37.631703
      ],
      [
        75.561727,
        37.631699
      ],
      [
        75.561821,
        37.631691
      ],
      [
        75.561902,
        37.631685
      ],
      [
        75.561977,
        37.631675
      ],
      [
        75.562055,
        37.631667
      ],
      [
        75.562132,
        37.631655
      ],
      [
        75.562219,
        37.631644
      ],
      [
        75.562297,
        37.631631
      ],
      [
        75.562334,
        37.631623
      ],
      [
        75.562371,
        37.631614
      ],
      [
        75.562445,
        37.631594
      ],
      [
        75.562508,
        37.631575
      ],
      [
        75.562558,
        37.631562
      ],
      [
        75.562607,
        37.631553
      ],
      [
        75.562647,
        37.631546
      ],
      [
        75.562688,
        37.63154
      ],
      [
        75.562708,
        37.631542
      ],
      [
        75.562725,
        37.63155
      ],
      [
        75.562742,
        37.63156
      ],
      [
        75.56275,
        37.631575
      ],
      [
        75.562746,
        37.631598
      ],
      [
        75.562734,
        37.631621
      ],
      [
        75.562714,
        37.631642
      ],
      [
        75.562695,
        37.631658
      ],
      [
        75.562648,
        37.631691
      ],
      [
        75.562604,
        37.631723
      ],
      [
        75.562562,
        37.63176
      ],
      [
        75.562522,
        37.631798
      ],
      [
        75.562508,
        37.631818
      ],
      [
        75.562501,
        37.631844
      ],
      [
        75.562501,
        37.631859
      ],
      [
        75.562507,
        37.631877
      ],
      [
        75.562519,
        37.631889
      ],
      [
        75.562542,
        37.631905
      ],
      [
        75.562568,
        37.631915
      ],
      [
        75.562598,
        37.63192
      ],
      [
        75.562626,
        37.631922
      ],
      [
        75.562655,
        37.631919
      ],
      [
        75.562686,
        37.631912
      ],
      [
        75.56273,
        37.631895
      ],
      [
        75.562771,
        37.631877
      ],
      [
        75.562809,
        37.631859
      ],
      [
        75.562859,
        37.631836
      ],
      [
        75.562939,
        37.631801
      ],
      [
        75.563024,
        37.631769
      ],
      [
        75.563072,
        37.631759
      ],
      [
        75.563118,
        37.631753
      ],
      [
        75.56314,
        37.631752
      ],
      [
        75.563163,
        37.631754
      ],
      [
        75.563189,
        37.631761
      ],
      [
        75.563207,
        37.631772
      ],
      [
        75.563228,
        37.63179
      ],
      [
        75.563243,
        37.631813
      ],
      [
        75.56325,
        37.631833
      ],
      [
        75.563252,
        37.631852
      ],
      [
        75.563252,
        37.631874
      ],
      [
        75.56325,
        37.631901
      ],
      [
        75.563243,
        37.631964
      ],
      [
        75.563234,
        37.632033
      ],
      [
        75.563231,
        37.632069
      ],
      [
        75.563229,
        37.632105
      ],
      [
        75.563229,
        37.632177
      ],
      [
        75.563231,
        37.632194
      ],
      [
        75.563235,
        37.632211
      ],
      [
        75.56324,
        37.632226
      ],
      [
        75.563248,
        37.632242
      ],
      [
        75.563257,
        37.632257
      ],
      [
        75.563271,
        37.632271
      ],
      [
        75.563287,
        37.632285
      ],
      [
        75.563305,
        37.632296
      ],
      [
        75.563321,
        37.632301
      ],
      [
        75.563339,
        37.632304
      ],
      [
        75.563356,
        37.632304
      ],
      [
        75.563372,
        37.632304
      ],
      [
        75.563391,
        37.632302
      ],
      [
        75.563409,
        37.632298
      ],
      [
        75.563426,
        37.632292
      ],
      [
        75.563442,
        37.632285
      ],
      [
        75.563472,
        37.632268
      ],
      [
        75.563502,
        37.632248
      ],
      [
        75.563553,
        37.632206
      ],
      [
        75.563597,
        37.632158
      ],
      [
        75.563616,
        37.632134
      ],
      [
        75.563639,
        37.632109
      ],
      [
        75.563663,
        37.632086
      ],
      [
        75.563677,
        37.632074
      ],
      [
        75.563696,
        37.632063
      ],
      [
        75.563716,
        37.632056
      ],
      [
        75.563737,
        37.632054
      ],
      [
        75.563758,
        37.632055
      ],
      [
        75.563786,
        37.632061
      ],
      [
        75.563805,
        37.632073
      ],
      [
        75.563824,
        37.632087
      ],
      [
        75.563839,
        37.632104
      ],
      [
        75.56386,
        37.63213
      ],
      [
        75.563872,
        37.632155
      ],
      [
        75.563881,
        37.632181
      ],
      [
        75.563888,
        37.632208
      ],
      [
        75.563899,
        37.632308
      ],
      [
        75.563913,
        37.632408
      ],
      [
        75.563925,
        37.632499
      ],
      [
        75.563938,
        37.63259
      ],
      [
        75.563943,
        37.632617
      ],
      [
        75.563948,
        37.632645
      ],
      [
        75.563955,
        37.632672
      ],
      [
        75.563967,
        37.632699
      ],
      [
        75.563981,
        37.632719
      ],
      [
        75.563997,
        37.632736
      ],
      [
        75.564015,
        37.632752
      ],
      [
        75.564036,
        37.632766
      ],
      [
        75.564058,
        37.632771
      ],
      [
        75.564079,
        37.632772
      ],
      [
        75.564102,
        37.632773
      ],
      [
        75.564119,
        37.63277
      ],
      [
        75.564134,
        37.632768
      ],
      [
        75.56415,
        37.632765
      ],
      [
        75.564165,
        37.63276
      ],
      [
        75.564193,
        37.63275
      ],
      [
        75.564223,
        37.632737
      ],
      [
        75.564248,
        37.632723
      ],
      [
        75.564275,
        37.632709
      ],
      [
        75.564394,
        37.632648
      ],
      [
        75.564423,
        37.632635
      ],
      [
        75.564453,
        37.632624
      ],
      [
        75.564466,
        37.63262
      ],
      [
        75.564481,
        37.632616
      ],
      [
        75.564497,
        37.632614
      ],
      [
        75.564514,
        37.632613
      ],
      [
        75.564532,
        37.632613
      ],
      [
        75.564551,
        37.632615
      ],
      [
        75.564576,
        37.632619
      ],
      [
        75.564602,
        37.632626
      ],
      [
        75.564641,
        37.632638
      ],
      [
        75.56468,
        37.632661
      ],
      [
        75.564715,
        37.632688
      ],
      [
        75.564741,
        37.632715
      ],
      [
        75.564773,
        37.632753
      ],
      [
        75.564797,
        37.632793
      ],
      [
        75.564818,
        37.632839
      ],
      [
        75.564842,
        37.63289
      ],
      [
        75.564862,
        37.632927
      ],
      [
        75.564884,
        37.63296
      ],
      [
        75.564923,
        37.633001
      ],
      [
        75.564968,
        37.633037
      ],
      [
        75.565041,
        37.633078
      ],
      [
        75.565145,
        37.633113
      ],
      [
        75.565274,
        37.633142
      ],
      [
        75.565507,
        37.633195
      ],
      [
        75.565894,
        37.633276
      ],
      [
        75.567938,
        37.633797
      ],
      [
        75.569172,
        37.634125
      ],
      [
        75.571571,
        37.634729
      ],
      [
        75.573163,
        37.635154
      ],
      [
        75.575388,
        37.635841
      ],
      [
        75.579233,
        37.63707
      ],
      [
        75.579615,
        37.637201
      ],
      [
        75.579964,
        37.637316
      ],
      [
        75.580152,
        37.63738
      ],
      [
        75.58033,
        37.637432
      ],
      [
        75.580503,
        37.637462
      ],
      [
        75.580689,
        37.637481
      ],
      [
        75.580865,
        37.637474
      ],
      [
        75.58105,
        37.637433
      ],
      [
        75.581232,
        37.637372
      ],
      [
        75.581404,
        37.637306
      ],
      [
        75.581584,
        37.637236
      ],
      [
        75.581761,
        37.637157
      ],
      [
        75.581852,
        37.637113
      ],
      [
        75.581955,
        37.63707
      ],
      [
        75.581998,
        37.637054
      ],
      [
        75.582049,
        37.637043
      ],
      [
        75.582096,
        37.637037
      ],
      [
        75.582144,
        37.637036
      ],
      [
        75.582202,
        37.637042
      ],
      [
        75.582256,
        37.637058
      ],
      [
        75.58231,
        37.63708
      ],
      [
        75.582358,
        37.637105
      ],
      [
        75.58241,
        37.637141
      ],
      [
        75.582459,
        37.637182
      ],
      [
        75.582554,
        37.637285
      ],
      [
        75.582862,
        37.637612
      ],
      [
        75.583014,
        37.637779
      ],
      [
        75.583178,
        37.637945
      ],
      [
        75.58348,
        37.638253
      ],
      [
        75.583554,
        37.638315
      ],
      [
        75.583652,
        37.638377
      ],
      [
        75.583732,
        37.638425
      ],
      [
        75.583837,
        37.638463
      ],
      [
        75.58395,
        37.638501
      ],
      [
        75.584077,
        37.638547
      ],
      [
        75.584192,
        37.638613
      ],
      [
        75.584277,
        37.638681
      ],
      [
        75.584703,
        37.639108
      ],
      [
        75.584721,
        37.639125
      ],
      [
        75.585001,
        37.639394
      ],
      [
        75.585121,
        37.639518
      ],
      [
        75.585282,
        37.639682
      ],
      [
        75.585543,
        37.639958
      ],
      [
        75.585651,
        37.640108
      ],
      [
        75.585734,
        37.640244
      ],
      [
        75.586136,
        37.640765
      ],
      [
        75.586335,
        37.641048
      ],
      [
        75.586533,
        37.641316
      ],
      [
        75.586566,
        37.641348
      ],
      [
        75.586605,
        37.641377
      ],
      [
        75.586645,
        37.6414
      ],
      [
        75.586689,
        37.64142
      ],
      [
        75.586735,
        37.641432
      ],
      [
        75.586784,
        37.641441
      ],
      [
        75.586836,
        37.641445
      ],
      [
        75.586888,
        37.641441
      ],
      [
        75.586962,
        37.641434
      ],
      [
        75.587046,
        37.641427
      ],
      [
        75.587131,
        37.641419
      ],
      [
        75.587218,
        37.641408
      ],
      [
        75.587295,
        37.64139
      ],
      [
        75.587359,
        37.641368
      ],
      [
        75.58739,
        37.641352
      ],
      [
        75.587414,
        37.64133
      ],
      [
        75.587435,
        37.641306
      ],
      [
        75.587448,
        37.641283
      ],
      [
        75.587461,
        37.641247
      ],
      [
        75.587463,
        37.641206
      ],
      [
        75.587457,
        37.641166
      ],
      [
        75.587447,
        37.641129
      ],
      [
        75.587412,
        37.64105
      ],
      [
        75.587364,
        37.640969
      ],
      [
        75.587257,
        37.640828
      ],
      [
        75.587205,
        37.640751
      ],
      [
        75.587198,
        37.640731
      ],
      [
        75.587194,
        37.640711
      ],
      [
        75.587191,
        37.64068
      ],
      [
        75.587195,
        37.640632
      ],
      [
        75.587223,
        37.640545
      ],
      [
        75.587249,
        37.640482
      ],
      [
        75.587289,
        37.640419
      ],
      [
        75.587334,
        37.640388
      ],
      [
        75.587394,
        37.64036
      ],
      [
        75.587451,
        37.64035
      ],
      [
        75.587518,
        37.640352
      ],
      [
        75.587666,
        37.640385
      ],
      [
        75.587808,
        37.640423
      ],
      [
        75.587949,
        37.640461
      ],
      [
        75.588097,
        37.640483
      ],
      [
        75.588164,
        37.640482
      ],
      [
        75.58823,
        37.640473
      ],
      [
        75.588284,
        37.640453
      ],
      [
        75.588343,
        37.640425
      ],
      [
        75.588395,
        37.640391
      ],
      [
        75.588457,
        37.640342
      ],
      [
        75.588693,
        37.640127
      ],
      [
        75.589172,
        37.639662
      ],
      [
        75.589422,
        37.639427
      ],
      [
        75.589481,
        37.639379
      ],
      [
        75.58955,
        37.63933
      ],
      [
        75.589625,
        37.639281
      ],
      [
        75.589696,
        37.639238
      ],
      [
        75.589795,
        37.639202
      ],
      [
        75.58989,
        37.639186
      ],
      [
        75.590088,
        37.63915
      ],
      [
        75.590193,
        37.639124
      ],
      [
        75.590275,
        37.63909
      ],
      [
        75.590337,
        37.639064
      ],
      [
        75.5904,
        37.639022
      ],
      [
        75.590452,
        37.638954
      ],
      [
        75.590481,
        37.638886
      ],
      [
        75.590539,
        37.638727
      ],
      [
        75.590592,
        37.638505
      ],
      [
        75.590627,
        37.638283
      ],
      [
        75.590898,
        37.638419
      ],
      [
        75.591179,
        37.63851
      ],
      [
        75.592096,
        37.638772
      ],
      [
        75.593258,
        37.639127
      ],
      [
        75.593482,
        37.639199
      ],
      [
        75.595133,
        37.63973
      ],
      [
        75.595154,
        37.639709
      ],
      [
        75.596549,
        37.638285
      ],
      [
        75.597675,
        37.637135
      ],
      [
        75.597793,
        37.637016
      ],
      [
        75.597991,
        37.636822
      ],
      [
        75.598109,
        37.6367
      ],
      [
        75.598301,
        37.636495
      ],
      [
        75.598579,
        37.636218
      ],
      [
        75.598819,
        37.635973
      ],
      [
        75.59906,
        37.63572
      ],
      [
        75.599382,
        37.63539
      ],
      [
        75.599685,
        37.635091
      ],
      [
        75.599991,
        37.634786
      ],
      [
        75.600198,
        37.634569
      ],
      [
        75.600408,
        37.634352
      ],
      [
        75.600723,
        37.634394
      ],
      [
        75.600954,
        37.634432
      ],
      [
        75.601008,
        37.634447
      ],
      [
        75.601032,
        37.634465
      ],
      [
        75.60104,
        37.634489
      ],
      [
        75.601037,
        37.634519
      ],
      [
        75.601018,
        37.634548
      ],
      [
        75.600983,
        37.634579
      ],
      [
        75.600935,
        37.63462
      ],
      [
        75.60092,
        37.634642
      ],
      [
        75.600921,
        37.634669
      ],
      [
        75.600937,
        37.634701
      ],
      [
        75.60098,
        37.634752
      ],
      [
        75.601055,
        37.6348
      ],
      [
        75.601146,
        37.634853
      ],
      [
        75.601209,
        37.6349
      ],
      [
        75.601257,
        37.634947
      ],
      [
        75.601475,
        37.635117
      ],
      [
        75.601916,
        37.635576
      ],
      [
        75.601941,
        37.635618
      ],
      [
        75.601941,
        37.635656
      ],
      [
        75.601926,
        37.6357
      ],
      [
        75.601884,
        37.635738
      ],
      [
        75.601833,
        37.63577
      ],
      [
        75.601779,
        37.635801
      ],
      [
        75.601796,
        37.635905
      ],
      [
        75.601849,
        37.635981
      ],
      [
        75.602817,
        37.636731
      ],
      [
        75.603032,
        37.636379
      ],
      [
        75.604277,
        37.635296
      ],
      [
        75.605006,
        37.634879
      ],
      [
        75.606299,
        37.634297
      ],
      [
        75.607764,
        37.63281
      ],
      [
        75.607989,
        37.632653
      ],
      [
        75.610017,
        37.631655
      ],
      [
        75.61043,
        37.631391
      ],
      [
        75.610623,
        37.631128
      ],
      [
        75.610746,
        37.630822
      ],
      [
        75.610816,
        37.629373
      ],
      [
        75.610923,
        37.628983
      ],
      [
        75.612098,
        37.627768
      ],
      [
        75.61397,
        37.625201
      ],
      [
        75.614684,
        37.624343
      ],
      [
        75.617374,
        37.622495
      ],
      [
        75.617501,
        37.622323
      ],
      [
        75.617591,
        37.622151
      ],
      [
        75.617683,
        37.621343
      ],
      [
        75.617699,
        37.621216
      ],
      [
        75.617747,
        37.621093
      ],
      [
        75.617833,
        37.621019
      ],
      [
        75.617956,
        37.62095
      ],
      [
        75.618117,
        37.620883
      ],
      [
        75.618297,
        37.620861
      ],
      [
        75.618742,
        37.620846
      ],
      [
        75.61956,
        37.620829
      ],
      [
        75.619708,
        37.620829
      ],
      [
        75.61978,
        37.620757
      ],
      [
        75.620484,
        37.619986
      ],
      [
        75.621025,
        37.619393
      ],
      [
        75.621129,
        37.619288
      ],
      [
        75.621073,
        37.61892
      ],
      [
        75.620961,
        37.618506
      ],
      [
        75.620952,
        37.618432
      ],
      [
        75.620947,
        37.618321
      ],
      [
        75.620961,
        37.618029
      ],
      [
        75.620966,
        37.617966
      ],
      [
        75.620966,
        37.617903
      ],
      [
        75.620958,
        37.617858
      ],
      [
        75.620943,
        37.6178
      ],
      [
        75.620909,
        37.617727
      ],
      [
        75.620781,
        37.617544
      ],
      [
        75.620702,
        37.617431
      ],
      [
        75.620657,
        37.617354
      ],
      [
        75.620634,
        37.61722
      ],
      [
        75.620627,
        37.617108
      ],
      [
        75.620749,
        37.61679
      ],
      [
        75.620916,
        37.616455
      ],
      [
        75.620989,
        37.616239
      ],
      [
        75.620964,
        37.616108
      ],
      [
        75.620823,
        37.616009
      ],
      [
        75.620699,
        37.615918
      ],
      [
        75.620441,
        37.615734
      ],
      [
        75.620334,
        37.61565
      ],
      [
        75.620242,
        37.615586
      ],
      [
        75.619868,
        37.615296
      ],
      [
        75.622585,
        37.613385
      ],
      [
        75.622868,
        37.61325
      ],
      [
        75.623342,
        37.613144
      ],
      [
        75.623668,
        37.613021
      ],
      [
        75.624185,
        37.612639
      ],
      [
        75.623484,
        37.612006
      ],
      [
        75.619317,
        37.61487
      ],
      [
        75.619868,
        37.615296
      ],
      [
        75.620242,
        37.615586
      ],
      [
        75.620334,
        37.61565
      ],
      [
        75.620441,
        37.615734
      ],
      [
        75.620699,
        37.615918
      ],
      [
        75.620823,
        37.616009
      ],
      [
        75.620964,
        37.616108
      ],
      [
        75.620989,
        37.616239
      ],
      [
        75.620916,
        37.616455
      ],
      [
        75.620749,
        37.61679
      ],
      [
        75.620627,
        37.617108
      ],
      [
        75.620634,
        37.61722
      ],
      [
        75.620657,
        37.617354
      ],
      [
        75.620702,
        37.617431
      ],
      [
        75.620781,
        37.617544
      ],
      [
        75.620909,
        37.617727
      ],
      [
        75.620943,
        37.6178
      ],
      [
        75.620958,
        37.617858
      ],
      [
        75.620966,
        37.617903
      ],
      [
        75.620966,
        37.617966
      ],
      [
        75.620961,
        37.618029
      ],
      [
        75.620947,
        37.618321
      ],
      [
        75.620952,
        37.618432
      ],
      [
        75.620961,
        37.618506
      ],
      [
        75.621073,
        37.61892
      ],
      [
        75.621129,
        37.619288
      ],
      [
        75.621025,
        37.619393
      ],
      [
        75.61978,
        37.620757
      ],
      [
        75.619708,
        37.620829
      ],
      [
        75.61956,
        37.620829
      ],
      [
        75.618742,
        37.620846
      ],
      [
        75.618297,
        37.620861
      ],
      [
        75.618117,
        37.620883
      ],
      [
        75.617956,
        37.62095
      ],
      [
        75.617833,
        37.621019
      ],
      [
        75.617747,
        37.621093
      ],
      [
        75.617699,
        37.621216
      ],
      [
        75.617683,
        37.621343
      ],
      [
        75.617591,
        37.622151
      ],
      [
        75.617501,
        37.622323
      ],
      [
        75.617374,
        37.622495
      ],
      [
        75.614684,
        37.624343
      ],
      [
        75.61397,
        37.625201
      ],
      [
        75.612098,
        37.627768
      ],
      [
        75.610923,
        37.628983
      ],
      [
        75.610816,
        37.629373
      ],
      [
        75.610746,
        37.630822
      ],
      [
        75.610623,
        37.631128
      ],
      [
        75.61043,
        37.631391
      ],
      [
        75.610017,
        37.631655
      ],
      [
        75.607989,
        37.632653
      ],
      [
        75.607764,
        37.63281
      ],
      [
        75.606299,
        37.634297
      ],
      [
        75.605006,
        37.634879
      ],
      [
        75.604277,
        37.635296
      ],
      [
        75.603032,
        37.636379
      ],
      [
        75.602817,
        37.636731
      ],
      [
        75.602743,
        37.636914
      ],
      [
        75.602355,
        37.639255
      ],
      [
        75.602237,
        37.639627
      ],
      [
        75.602154,
        37.639747
      ],
      [
        75.602011,
        37.639838
      ],
      [
        75.601828,
        37.639878
      ],
      [
        75.601625,
        37.639901
      ],
      [
        75.60074,
        37.639888
      ],
      [
        75.600375,
        37.639883
      ],
      [
        75.59974,
        37.639872
      ],
      [
        75.599138,
        37.639889
      ],
      [
        75.598837,
        37.639963
      ],
      [
        75.598569,
        37.640073
      ],
      [
        75.598077,
        37.640352
      ],
      [
        75.597417,
        37.640844
      ],
      [
        75.596908,
        37.641369
      ],
      [
        75.596595,
        37.641961
      ],
      [
        75.596497,
        37.642266
      ],
      [
        75.596432,
        37.642657
      ],
      [
        75.596427,
        37.642874
      ],
      [
        75.596434,
        37.643299
      ],
      [
        75.596524,
        37.644385
      ],
      [
        75.596526,
        37.644483
      ],
      [
        75.596507,
        37.644623
      ],
      [
        75.596455,
        37.644749
      ],
      [
        75.596398,
        37.644828
      ],
      [
        75.596286,
        37.644911
      ],
      [
        75.596168,
        37.644967
      ],
      [
        75.5958,
        37.645083
      ],
      [
        75.594755,
        37.645414
      ],
      [
        75.592824,
        37.646391
      ],
      [
        75.592336,
        37.647028
      ],
      [
        75.591756,
        37.648137
      ],
      [
        75.591682,
        37.648311
      ],
      [
        75.591598,
        37.648628
      ],
      [
        75.591495,
        37.649464
      ],
      [
        75.591443,
        37.649867
      ],
      [
        75.591382,
        37.650285
      ],
      [
        75.591308,
        37.650521
      ],
      [
        75.591183,
        37.650748
      ],
      [
        75.591085,
        37.650885
      ],
      [
        75.590938,
        37.651037
      ],
      [
        75.590614,
        37.651282
      ],
      [
        75.590072,
        37.65167
      ],
      [
        75.587899,
        37.653047
      ],
      [
        75.586893,
        37.653666
      ],
      [
        75.584965,
        37.654852
      ],
      [
        75.583136,
        37.656232
      ],
      [
        75.582983,
        37.656361
      ],
      [
        75.580952,
        37.658088
      ],
      [
        75.579468,
        37.659345
      ],
      [
        75.579338,
        37.659455
      ],
      [
        75.579168,
        37.659558
      ],
      [
        75.579016,
        37.659621
      ],
      [
        75.578892,
        37.659651
      ],
      [
        75.578778,
        37.659669
      ],
      [
        75.57789,
        37.659676
      ],
      [
        75.577646,
        37.659693
      ],
      [
        75.57747,
        37.659715
      ],
      [
        75.577287,
        37.65976
      ],
      [
        75.577086,
        37.659834
      ],
      [
        75.575456,
        37.660437
      ],
      [
        75.575317,
        37.660478
      ],
      [
        75.575201,
        37.660493
      ],
      [
        75.575121,
        37.660491
      ],
      [
        75.574993,
        37.660478
      ],
      [
        75.574894,
        37.660459
      ],
      [
        75.574468,
        37.660314
      ],
      [
        75.57366,
        37.660043
      ],
      [
        75.573373,
        37.660003
      ],
      [
        75.573154,
        37.660003
      ],
      [
        75.572972,
        37.660018
      ],
      [
        75.572728,
        37.660054
      ],
      [
        75.572273,
        37.660203
      ],
      [
        75.571925,
        37.660288
      ],
      [
        75.57172,
        37.660292
      ],
      [
        75.570832,
        37.660307
      ],
      [
        75.570395,
        37.660305
      ],
      [
        75.568379,
        37.660314
      ],
      [
        75.567459,
        37.660335
      ],
      [
        75.567207,
        37.660321
      ],
      [
        75.564521,
        37.659893
      ],
      [
        75.562937,
        37.659637
      ],
      [
        75.56267,
        37.659623
      ],
      [
        75.560563,
        37.65972
      ],
      [
        75.559779,
        37.659765
      ],
      [
        75.559024,
        37.659816
      ],
      [
        75.558817,
        37.659831
      ],
      [
        75.558635,
        37.659828
      ],
      [
        75.55836,
        37.659803
      ],
      [
        75.558117,
        37.659761
      ],
      [
        75.557927,
        37.659721
      ],
      [
        75.557729,
        37.659657
      ],
      [
        75.557578,
        37.659563
      ],
      [
        75.557469,
        37.65945
      ],
      [
        75.557383,
        37.659358
      ],
      [
        75.557356,
        37.659191
      ],
      [
        75.557367,
        37.65897
      ],
      [
        75.557345,
        37.658822
      ],
      [
        75.557289,
        37.658698
      ],
      [
        75.557213,
        37.65862
      ],
      [
        75.557084,
        37.658561
      ],
      [
        75.556914,
        37.65856
      ],
      [
        75.556745,
        37.658578
      ],
      [
        75.556615,
        37.658622
      ],
      [
        75.556528,
        37.658696
      ],
      [
        75.556287,
        37.658968
      ],
      [
        75.556016,
        37.659288
      ],
      [
        75.555538,
        37.659902
      ],
      [
        75.555387,
        37.660046
      ],
      [
        75.55513,
        37.660234
      ],
      [
        75.55488,
        37.660383
      ],
      [
        75.554361,
        37.660713
      ],
      [
        75.553887,
        37.660891
      ],
      [
        75.55364,
        37.660941
      ],
      [
        75.553326,
        37.660931
      ],
      [
        75.553185,
        37.660918
      ],
      [
        75.553058,
        37.660941
      ],
      [
        75.552927,
        37.661019
      ],
      [
        75.551947,
        37.662232
      ],
      [
        75.551217,
        37.662674
      ],
      [
        75.550788,
        37.663132
      ],
      [
        75.549838,
        37.664555
      ],
      [
        75.549055,
        37.665765
      ],
      [
        75.548583,
        37.666343
      ],
      [
        75.547655,
        37.667154
      ],
      [
        75.546647,
        37.667944
      ],
      [
        75.545917,
        37.668305
      ],
      [
        75.545681,
        37.668474
      ],
      [
        75.545246,
        37.669642
      ],
      [
        75.54493,
        37.670092
      ],
      [
        75.542913,
        37.671209
      ],
      [
        75.542269,
        37.671748
      ],
      [
        75.541851,
        37.671905
      ],
      [
        75.541159,
        37.672555
      ],
      [
        75.539281,
        37.673472
      ],
      [
        75.538423,
        37.674105
      ],
      [
        75.537152,
        37.674763
      ],
      [
        75.536889,
        37.675026
      ],
      [
        75.536765,
        37.675459
      ],
      [
        75.536417,
        37.676393
      ],
      [
        75.535027,
        37.678087
      ],
      [
        75.533911,
        37.678856
      ],
      [
        75.531916,
        37.679518
      ],
      [
        75.531728,
        37.679718
      ],
      [
        75.531444,
        37.680342
      ],
      [
        75.531294,
        37.682095
      ],
      [
        75.531455,
        37.682724
      ],
      [
        75.531406,
        37.683165
      ],
      [
        75.530934,
        37.683993
      ],
      [
        75.53072,
        37.684961
      ],
      [
        75.530049,
        37.686744
      ],
      [
        75.52962,
        37.688803
      ],
      [
        75.529073,
        37.690976
      ],
      [
        75.528611,
        37.692623
      ],
      [
        75.528488,
        37.693867
      ],
      [
        75.528322,
        37.694707
      ],
      [
        75.527335,
        37.696163
      ],
      [
        75.526718,
        37.697004
      ],
      [
        75.52646,
        37.697348
      ],
      [
        75.525956,
        37.697526
      ],
      [
        75.525108,
        37.698154
      ],
      [
        75.52396,
        37.699529
      ],
      [
        75.522823,
        37.701129
      ],
      [
        75.521321,
        37.702755
      ],
      [
        75.521209,
        37.702938
      ],
      [
        75.521412,
        37.703222
      ],
      [
        75.521815,
        37.703994
      ],
      [
        75.52189,
        37.704631
      ],
      [
        75.521536,
        37.705913
      ],
      [
        75.521579,
        37.706384
      ],
      [
        75.521241,
        37.706796
      ],
      [
        75.520586,
        37.707411
      ],
      [
        75.519401,
        37.708807
      ],
      [
        75.519159,
        37.70966
      ],
      [
        75.518274,
        37.710411
      ],
      [
        75.517443,
        37.711434
      ],
      [
        75.517174,
        37.712465
      ],
      [
        75.516847,
        37.713043
      ],
      [
        75.515935,
        37.713802
      ],
      [
        75.514288,
        37.71474
      ],
      [
        75.513618,
        37.71527
      ],
      [
        75.51232,
        37.715589
      ],
      [
        75.511241,
        37.716314
      ],
      [
        75.510839,
        37.716815
      ],
      [
        75.510367,
        37.717205
      ],
      [
        75.509257,
        37.717498
      ],
      [
        75.508774,
        37.717689
      ],
      [
        75.508613,
        37.717969
      ],
      [
        75.508366,
        37.718597
      ],
      [
        75.508339,
        37.718822
      ],
      [
        75.507744,
        37.719539
      ],
      [
        75.507105,
        37.720346
      ],
      [
        75.506617,
        37.7213
      ],
      [
        75.506499,
        37.722645
      ],
      [
        75.506649,
        37.723859
      ],
      [
        75.506617,
        37.724457
      ],
      [
        75.506977,
        37.724873
      ],
      [
        75.508275,
        37.726702
      ],
      [
        75.508473,
        37.727818
      ],
      [
        75.5085,
        37.728021
      ],
      [
        75.50843,
        37.728289
      ],
      [
        75.508044,
        37.728747
      ],
      [
        75.50776,
        37.729574
      ],
      [
        75.507744,
        37.729841
      ],
      [
        75.507856,
        37.730041
      ],
      [
        75.507642,
        37.730741
      ],
      [
        75.50717,
        37.73164
      ],
      [
        75.507138,
        37.732039
      ],
      [
        75.507186,
        37.732222
      ],
      [
        75.508221,
        37.733236
      ],
      [
        75.508333,
        37.733306
      ],
      [
        75.509246,
        37.734067
      ],
      [
        75.510249,
        37.734843
      ],
      [
        75.510523,
        37.734983
      ],
      [
        75.512958,
        37.736345
      ],
      [
        75.51475,
        37.737228
      ],
      [
        75.515243,
        37.737949
      ],
      [
        75.515951,
        37.739612
      ],
      [
        75.516604,
        37.740979
      ],
      [
        75.516922,
        37.741805
      ],
      [
        75.518542,
        37.743739
      ],
      [
        75.519127,
        37.744906
      ],
      [
        75.519701,
        37.747252
      ],
      [
        75.51968,
        37.747417
      ],
      [
        75.519358,
        37.747854
      ],
      [
        75.51924,
        37.748091
      ],
      [
        75.519208,
        37.748796
      ],
      [
        75.519175,
        37.749771
      ],
      [
        75.518934,
        37.750323
      ],
      [
        75.517502,
        37.751985
      ],
      [
        75.515887,
        37.753932
      ],
      [
        75.515683,
        37.754216
      ],
      [
        75.514538,
        37.755812
      ],
      [
        75.513564,
        37.757283
      ],
      [
        75.512084,
        37.75878
      ],
      [
        75.510936,
        37.759798
      ],
      [
        75.510152,
        37.761125
      ],
      [
        75.509401,
        37.761592
      ],
      [
        75.508248,
        37.761931
      ],
      [
        75.50798,
        37.762011
      ],
      [
        75.507481,
        37.762385
      ],
      [
        75.506759,
        37.762708
      ],
      [
        75.505869,
        37.762916
      ],
      [
        75.505606,
        37.763035
      ],
      [
        75.505515,
        37.7632
      ],
      [
        75.505209,
        37.764765
      ],
      [
        75.505043,
        37.765699
      ],
      [
        75.50471,
        37.767297
      ],
      [
        75.50404,
        37.768488
      ],
      [
        75.503497,
        37.769435
      ],
      [
        75.503231,
        37.769711
      ],
      [
        75.503139,
        37.76978
      ],
      [
        75.502294,
        37.770379
      ],
      [
        75.501379,
        37.771011
      ],
      [
        75.500209,
        37.771845
      ],
      [
        75.4997,
        37.77225
      ],
      [
        75.499587,
        37.772402
      ],
      [
        75.499475,
        37.77278
      ],
      [
        75.499491,
        37.772868
      ],
      [
        75.499555,
        37.773212
      ],
      [
        75.5,
        37.775188
      ],
      [
        75.499973,
        37.775536
      ],
      [
        75.499271,
        37.776727
      ],
      [
        75.498627,
        37.777558
      ],
      [
        75.497007,
        37.779454
      ],
      [
        75.496557,
        37.779972
      ],
      [
        75.496304,
        37.780263
      ],
      [
        75.496068,
        37.78048
      ],
      [
        75.495221,
        37.780861
      ],
      [
        75.495049,
        37.781065
      ],
      [
        75.495011,
        37.781429
      ],
      [
        75.494904,
        37.782231
      ],
      [
        75.49418,
        37.784363
      ],
      [
        75.494008,
        37.784656
      ],
      [
        75.493767,
        37.784779
      ],
      [
        75.492501,
        37.784855
      ],
      [
        75.490022,
        37.785067
      ],
      [
        75.489626,
        37.785275
      ],
      [
        75.489384,
        37.785593
      ],
      [
        75.489148,
        37.786385
      ],
      [
        75.488526,
        37.788056
      ],
      [
        75.487796,
        37.789137
      ],
      [
        75.486648,
        37.790006
      ],
      [
        75.483912,
        37.791078
      ],
      [
        75.483392,
        37.791299
      ],
      [
        75.481649,
        37.792583
      ],
      [
        75.481155,
        37.792859
      ],
      [
        75.480399,
        37.793045
      ],
      [
        75.477298,
        37.793071
      ],
      [
        75.476982,
        37.793041
      ],
      [
        75.475592,
        37.79221
      ],
      [
        75.474514,
        37.791583
      ],
      [
        75.472604,
        37.790837
      ],
      [
        75.472379,
        37.790777
      ],
      [
        75.471183,
        37.790676
      ],
      [
        75.471065,
        37.79065
      ],
      [
        75.470571,
        37.790281
      ],
      [
        75.470158,
        37.790209
      ],
      [
        75.469713,
        37.790171
      ],
      [
        75.466858,
        37.789293
      ],
      [
        75.466463,
        37.789218
      ],
      [
        75.465761,
        37.789245
      ],
      [
        75.464487,
        37.789305
      ],
      [
        75.46344,
        37.789221
      ],
      [
        75.462038,
        37.788997
      ],
      [
        75.461866,
        37.788967
      ],
      [
        75.460588,
        37.788748
      ],
      [
        75.459918,
        37.7887
      ],
      [
        75.459328,
        37.788776
      ],
      [
        75.458534,
        37.78898
      ],
      [
        75.45774,
        37.789531
      ],
      [
        75.457172,
        37.789895
      ],
      [
        75.45567,
        37.790641
      ],
      [
        75.455069,
        37.790947
      ],
      [
        75.454297,
        37.791794
      ],
      [
        75.451883,
        37.795135
      ],
      [
        75.450659,
        37.797373
      ],
      [
        75.45023,
        37.797627
      ],
      [
        75.449619,
        37.798051
      ],
      [
        75.448331,
        37.798941
      ],
      [
        75.447216,
        37.799662
      ],
      [
        75.445992,
        37.799976
      ],
      [
        75.444703,
        37.800943
      ],
      [
        75.443634,
        37.801993
      ],
      [
        75.443061,
        37.803053
      ],
      [
        75.442058,
        37.805359
      ],
      [
        75.440608,
        37.808895
      ],
      [
        75.438682,
        37.810235
      ],
      [
        75.438028,
        37.811576
      ],
      [
        75.437569,
        37.813558
      ],
      [
        75.437967,
        37.81524
      ],
      [
        75.43822,
        37.815698
      ],
      [
        75.439142,
        37.816365
      ],
      [
        75.439641,
        37.816697
      ],
      [
        75.439803,
        37.817493
      ],
      [
        75.43955,
        37.817998
      ],
      [
        75.439492,
        37.818462
      ],
      [
        75.439878,
        37.818924
      ],
      [
        75.439849,
        37.819363
      ],
      [
        75.439768,
        37.82006
      ],
      [
        75.439943,
        37.820337
      ],
      [
        75.440248,
        37.820656
      ],
      [
        75.440626,
        37.820832
      ],
      [
        75.44132,
        37.820748
      ],
      [
        75.441607,
        37.820769
      ],
      [
        75.441834,
        37.820946
      ],
      [
        75.4419,
        37.821143
      ],
      [
        75.441944,
        37.821273
      ],
      [
        75.441899,
        37.821479
      ],
      [
        75.44165,
        37.821613
      ],
      [
        75.441185,
        37.821728
      ],
      [
        75.44099,
        37.82192
      ],
      [
        75.441036,
        37.822095
      ],
      [
        75.44133,
        37.822248
      ],
      [
        75.44173,
        37.822399
      ],
      [
        75.442054,
        37.822544
      ],
      [
        75.44229,
        37.822855
      ],
      [
        75.442366,
        37.823113
      ],
      [
        75.442499,
        37.824029
      ],
      [
        75.442551,
        37.824309
      ],
      [
        75.442764,
        37.824702
      ],
      [
        75.44274,
        37.824932
      ],
      [
        75.442517,
        37.825117
      ],
      [
        75.441442,
        37.825218
      ],
      [
        75.440178,
        37.825613
      ],
      [
        75.439671,
        37.825745
      ],
      [
        75.437914,
        37.825745
      ],
      [
        75.437216,
        37.825685
      ],
      [
        75.436809,
        37.825578
      ],
      [
        75.436419,
        37.825541
      ],
      [
        75.435632,
        37.825746
      ],
      [
        75.435126,
        37.825793
      ],
      [
        75.434441,
        37.825997
      ],
      [
        75.430482,
        37.827183
      ],
      [
        75.428397,
        37.828007
      ],
      [
        75.426718,
        37.828272
      ],
      [
        75.425428,
        37.828621
      ],
      [
        75.424208,
        37.829536
      ],
      [
        75.422706,
        37.830081
      ],
      [
        75.421946,
        37.830681
      ],
      [
        75.420108,
        37.83163
      ],
      [
        75.419489,
        37.832063
      ],
      [
        75.418075,
        37.833263
      ],
      [
        75.416715,
        37.833347
      ],
      [
        75.415813,
        37.834003
      ],
      [
        75.414718,
        37.834268
      ],
      [
        75.414152,
        37.835133
      ],
      [
        75.414099,
        37.836152
      ],
      [
        75.413481,
        37.838022
      ],
      [
        75.413056,
        37.8396
      ],
      [
        75.413074,
        37.840102
      ],
      [
        75.413428,
        37.84066
      ],
      [
        75.413551,
        37.841177
      ],
      [
        75.413905,
        37.841595
      ],
      [
        75.414347,
        37.841721
      ],
      [
        75.418155,
        37.842022
      ],
      [
        75.418842,
        37.841956
      ],
      [
        75.419126,
        37.841843
      ],
      [
        75.420532,
        37.840898
      ],
      [
        75.421575,
        37.84073
      ],
      [
        75.422277,
        37.840387
      ],
      [
        75.42339,
        37.840402
      ],
      [
        75.423801,
        37.840339
      ],
      [
        75.425303,
        37.839865
      ],
      [
        75.425547,
        37.839782
      ],
      [
        75.425748,
        37.839834
      ],
      [
        75.425001,
        37.840153
      ],
      [
        75.424506,
        37.840348
      ],
      [
        75.423987,
        37.840492
      ],
      [
        75.423695,
        37.840554
      ],
      [
        75.423273,
        37.840661
      ],
      [
        75.422819,
        37.840717
      ],
      [
        75.422499,
        37.840793
      ],
      [
        75.42204,
        37.840912
      ],
      [
        75.421623,
        37.841044
      ],
      [
        75.421349,
        37.841145
      ],
      [
        75.421101,
        37.84127
      ],
      [
        75.420888,
        37.841402
      ],
      [
        75.420681,
        37.841702
      ],
      [
        75.420577,
        37.84233
      ],
      [
        75.420459,
        37.842855
      ],
      [
        75.420511,
        37.84341
      ],
      [
        75.42059,
        37.843781
      ],
      [
        75.420577,
        37.844161
      ],
      [
        75.420358,
        37.844741
      ],
      [
        75.420436,
        37.845189
      ],
      [
        75.420491,
        37.845474
      ],
      [
        75.420506,
        37.845853
      ],
      [
        75.420476,
        37.846083
      ],
      [
        75.420325,
        37.846726
      ],
      [
        75.420292,
        37.846921
      ],
      [
        75.42034,
        37.847087
      ],
      [
        75.420421,
        37.847259
      ],
      [
        75.420487,
        37.847494
      ],
      [
        75.420539,
        37.847765
      ],
      [
        75.420542,
        37.847972
      ],
      [
        75.420531,
        37.84821
      ],
      [
        75.420517,
        37.84856
      ],
      [
        75.420542,
        37.848848
      ],
      [
        75.420627,
        37.84913
      ],
      [
        75.420734,
        37.849407
      ],
      [
        75.42083,
        37.849625
      ],
      [
        75.4209,
        37.849797
      ],
      [
        75.420926,
        37.850012
      ],
      [
        75.420878,
        37.850187
      ],
      [
        75.42083,
        37.850353
      ],
      [
        75.420686,
        37.850635
      ],
      [
        75.42062,
        37.850851
      ],
      [
        75.42062,
        37.851051
      ],
      [
        75.420649,
        37.851316
      ],
      [
        75.420664,
        37.851578
      ],
      [
        75.420642,
        37.851799
      ],
      [
        75.420572,
        37.852003
      ],
      [
        75.420443,
        37.852213
      ],
      [
        75.420259,
        37.852393
      ],
      [
        75.419939,
        37.852605
      ],
      [
        75.419735,
        37.8527
      ],
      [
        75.419548,
        37.852951
      ],
      [
        75.419438,
        37.853144
      ],
      [
        75.419412,
        37.853396
      ],
      [
        75.419428,
        37.853614
      ],
      [
        75.419568,
        37.853877
      ],
      [
        75.419767,
        37.854231
      ],
      [
        75.41986,
        37.854593
      ],
      [
        75.419918,
        37.854902
      ],
      [
        75.41985,
        37.855211
      ],
      [
        75.419667,
        37.855524
      ],
      [
        75.419489,
        37.855753
      ],
      [
        75.419208,
        37.856015
      ],
      [
        75.418641,
        37.856359
      ],
      [
        75.418176,
        37.856795
      ],
      [
        75.418008,
        37.857111
      ],
      [
        75.417901,
        37.857451
      ],
      [
        75.417876,
        37.857722
      ],
      [
        75.417912,
        37.857993
      ],
      [
        75.418005,
        37.858249
      ],
      [
        75.418134,
        37.858505
      ],
      [
        75.418572,
        37.859134
      ],
      [
        75.418753,
        37.859419
      ],
      [
        75.419214,
        37.860074
      ],
      [
        75.419409,
        37.860333
      ],
      [
        75.419626,
        37.860778
      ],
      [
        75.419756,
        37.861153
      ],
      [
        75.419774,
        37.861599
      ],
      [
        75.419612,
        37.86246
      ],
      [
        75.419501,
        37.863391
      ],
      [
        75.41942,
        37.863901
      ],
      [
        75.419335,
        37.864203
      ],
      [
        75.419232,
        37.864561
      ],
      [
        75.419092,
        37.864916
      ],
      [
        75.418989,
        37.865175
      ],
      [
        75.418701,
        37.865658
      ],
      [
        75.41841,
        37.866072
      ],
      [
        75.418148,
        37.866354
      ],
      [
        75.417935,
        37.866511
      ],
      [
        75.417551,
        37.86677
      ],
      [
        75.417219,
        37.866936
      ],
      [
        75.41663,
        37.867163
      ],
      [
        75.416427,
        37.867273
      ],
      [
        75.416136,
        37.867433
      ],
      [
        75.415918,
        37.867649
      ],
      [
        75.415704,
        37.867896
      ],
      [
        75.415373,
        37.868251
      ],
      [
        75.415078,
        37.868516
      ],
      [
        75.414783,
        37.868711
      ],
      [
        75.413312,
        37.869351
      ],
      [
        75.411214,
        37.870204
      ],
      [
        75.409003,
        37.871144
      ],
      [
        75.406968,
        37.871958
      ],
      [
        75.406216,
        37.872273
      ],
      [
        75.405829,
        37.872456
      ],
      [
        75.405538,
        37.872526
      ],
      [
        75.405239,
        37.872549
      ],
      [
        75.404874,
        37.872506
      ],
      [
        75.404402,
        37.872334
      ],
      [
        75.403175,
        37.871883
      ],
      [
        75.401689,
        37.87131
      ],
      [
        75.400646,
        37.870902
      ],
      [
        75.400108,
        37.870672
      ],
      [
        75.399559,
        37.870588
      ],
      [
        75.399024,
        37.870597
      ],
      [
        75.398604,
        37.870687
      ],
      [
        75.398228,
        37.870844
      ],
      [
        75.397929,
        37.871016
      ],
      [
        75.397649,
        37.87124
      ],
      [
        75.397365,
        37.871534
      ],
      [
        75.39717,
        37.871796
      ],
      [
        75.39689,
        37.872139
      ],
      [
        75.39658,
        37.8725
      ],
      [
        75.396152,
        37.872727
      ],
      [
        75.395784,
        37.872869
      ],
      [
        75.395179,
        37.873028
      ],
      [
        75.394684,
        37.873164
      ],
      [
        75.394267,
        37.873331
      ],
      [
        75.393959,
        37.873498
      ],
      [
        75.393465,
        37.873711
      ],
      [
        75.393255,
        37.873886
      ],
      [
        75.393018,
        37.874099
      ],
      [
        75.392907,
        37.874318
      ],
      [
        75.392809,
        37.874559
      ],
      [
        75.392683,
        37.874824
      ],
      [
        75.392584,
        37.874967
      ],
      [
        75.392289,
        37.875151
      ],
      [
        75.391918,
        37.875222
      ],
      [
        75.391654,
        37.875218
      ],
      [
        75.391305,
        37.875169
      ],
      [
        75.390993,
        37.875045
      ],
      [
        75.390804,
        37.874882
      ],
      [
        75.390266,
        37.874171
      ],
      [
        75.389923,
        37.873685
      ],
      [
        75.389759,
        37.873508
      ],
      [
        75.389509,
        37.873396
      ],
      [
        75.389181,
        37.873313
      ],
      [
        75.38787,
        37.872967
      ],
      [
        75.386546,
        37.872576
      ],
      [
        75.385867,
        37.872363
      ],
      [
        75.384994,
        37.87214
      ],
      [
        75.384517,
        37.871991
      ],
      [
        75.384139,
        37.871835
      ],
      [
        75.383836,
        37.871652
      ],
      [
        75.383592,
        37.871435
      ],
      [
        75.383352,
        37.87111
      ],
      [
        75.382989,
        37.870439
      ],
      [
        75.382734,
        37.869918
      ],
      [
        75.382605,
        37.869735
      ],
      [
        75.382424,
        37.869547
      ],
      [
        75.382184,
        37.869398
      ],
      [
        75.381985,
        37.869302
      ],
      [
        75.38173,
        37.869237
      ],
      [
        75.381407,
        37.869189
      ],
      [
        75.380598,
        37.869133
      ],
      [
        75.379974,
        37.869097
      ],
      [
        75.379384,
        37.869052
      ],
      [
        75.377946,
        37.868964
      ],
      [
        75.377296,
        37.868922
      ],
      [
        75.376935,
        37.868878
      ],
      [
        75.37644,
        37.868765
      ],
      [
        75.376052,
        37.868613
      ],
      [
        75.375679,
        37.868424
      ],
      [
        75.375275,
        37.868265
      ],
      [
        75.374909,
        37.86814
      ],
      [
        75.374569,
        37.868052
      ],
      [
        75.374213,
        37.868054
      ],
      [
        75.373926,
        37.868058
      ],
      [
        75.373038,
        37.86797
      ],
      [
        75.37214,
        37.867885
      ],
      [
        75.371761,
        37.867863
      ],
      [
        75.370041,
        37.867851
      ],
      [
        75.369539,
        37.867845
      ],
      [
        75.368149,
        37.867857
      ],
      [
        75.36769,
        37.867833
      ],
      [
        75.367496,
        37.867805
      ],
      [
        75.366918,
        37.867683
      ],
      [
        75.366646,
        37.86764
      ],
      [
        75.36628,
        37.867612
      ],
      [
        75.36596,
        37.867626
      ],
      [
        75.364562,
        37.867833
      ],
      [
        75.363858,
        37.867956
      ],
      [
        75.363329,
        37.868034
      ],
      [
        75.362905,
        37.868092
      ],
      [
        75.362486,
        37.868163
      ],
      [
        75.362186,
        37.868219
      ],
      [
        75.36157,
        37.86841
      ],
      [
        75.36129,
        37.868538
      ],
      [
        75.361084,
        37.868647
      ],
      [
        75.360468,
        37.869006
      ],
      [
        75.360251,
        37.869105
      ],
      [
        75.35984,
        37.869273
      ],
      [
        75.35953,
        37.869364
      ],
      [
        75.358685,
        37.869577
      ],
      [
        75.358168,
        37.869699
      ],
      [
        75.357756,
        37.869794
      ],
      [
        75.357615,
        37.869826
      ],
      [
        75.357005,
        37.869954
      ],
      [
        75.356667,
        37.869995
      ],
      [
        75.353216,
        37.870189
      ],
      [
        75.352631,
        37.870218
      ],
      [
        75.352305,
        37.870276
      ],
      [
        75.351937,
        37.87039
      ],
      [
        75.35147,
        37.870553
      ],
      [
        75.351236,
        37.870704
      ],
      [
        75.351026,
        37.870824
      ],
      [
        75.350759,
        37.871029
      ],
      [
        75.350156,
        37.871505
      ],
      [
        75.349722,
        37.871865
      ],
      [
        75.349425,
        37.872096
      ],
      [
        75.349018,
        37.872353
      ],
      [
        75.348756,
        37.872486
      ],
      [
        75.348494,
        37.872696
      ],
      [
        75.348186,
        37.873004
      ],
      [
        75.347881,
        37.873299
      ],
      [
        75.347646,
        37.87352
      ],
      [
        75.347472,
        37.873645
      ],
      [
        75.346763,
        37.874219
      ],
      [
        75.346219,
        37.874647
      ],
      [
        75.345739,
        37.875027
      ],
      [
        75.345351,
        37.875338
      ],
      [
        75.345094,
        37.875517
      ],
      [
        75.344877,
        37.875642
      ],
      [
        75.344546,
        37.875776
      ],
      [
        75.343128,
        37.876278
      ],
      [
        75.341845,
        37.876718
      ],
      [
        75.341037,
        37.877
      ],
      [
        75.34046,
        37.877197
      ],
      [
        75.340177,
        37.877269
      ],
      [
        75.339774,
        37.877309
      ],
      [
        75.339393,
        37.877295
      ],
      [
        75.338835,
        37.877249
      ],
      [
        75.338318,
        37.877211
      ],
      [
        75.337912,
        37.877249
      ],
      [
        75.337286,
        37.877343
      ],
      [
        75.336772,
        37.877405
      ],
      [
        75.335846,
        37.877518
      ],
      [
        75.335231,
        37.877618
      ],
      [
        75.334592,
        37.877667
      ],
      [
        75.334095,
        37.877691
      ],
      [
        75.333185,
        37.877647
      ],
      [
        75.332194,
        37.87761
      ],
      [
        75.331639,
        37.877556
      ],
      [
        75.33121,
        37.877456
      ],
      [
        75.330345,
        37.877187
      ],
      [
        75.329959,
        37.877068
      ],
      [
        75.329593,
        37.87702
      ],
      [
        75.328657,
        37.876986
      ],
      [
        75.328041,
        37.876951
      ],
      [
        75.3276,
        37.876957
      ],
      [
        75.327282,
        37.87703
      ],
      [
        75.326692,
        37.877195
      ],
      [
        75.326147,
        37.877305
      ],
      [
        75.32562,
        37.877369
      ],
      [
        75.325204,
        37.877375
      ],
      [
        75.324956,
        37.877365
      ],
      [
        75.324692,
        37.877409
      ],
      [
        75.324374,
        37.877464
      ],
      [
        75.323965,
        37.877488
      ],
      [
        75.323819,
        37.877488
      ],
      [
        75.323395,
        37.877448
      ],
      [
        75.323007,
        37.877335
      ],
      [
        75.32259,
        37.877174
      ],
      [
        75.322174,
        37.876966
      ],
      [
        75.32169,
        37.876682
      ],
      [
        75.32137,
        37.876515
      ],
      [
        75.321185,
        37.876347
      ],
      [
        75.320968,
        37.876072
      ],
      [
        75.320638,
        37.875622
      ],
      [
        75.320366,
        37.875392
      ],
      [
        75.320043,
        37.875091
      ],
      [
        75.319485,
        37.874657
      ],
      [
        75.319119,
        37.874338
      ],
      [
        75.318824,
        37.874101
      ],
      [
        75.318633,
        37.873888
      ],
      [
        75.318557,
        37.873667
      ],
      [
        75.318547,
        37.873209
      ],
      [
        75.318524,
        37.872964
      ],
      [
        75.318491,
        37.872803
      ],
      [
        75.318388,
        37.87262
      ],
      [
        75.318191,
        37.872407
      ],
      [
        75.317957,
        37.872218
      ],
      [
        75.317606,
        37.871935
      ],
      [
        75.317011,
        37.871519
      ],
      [
        75.316443,
        37.871124
      ],
      [
        75.31583,
        37.870736
      ],
      [
        75.315424,
        37.870467
      ],
      [
        75.315114,
        37.87031
      ],
      [
        75.314723,
        37.870171
      ],
      [
        75.314243,
        37.870051
      ],
      [
        75.313953,
        37.869995
      ],
      [
        75.313623,
        37.869902
      ],
      [
        75.313462,
        37.869816
      ],
      [
        75.313345,
        37.869695
      ],
      [
        75.313202,
        37.869488
      ],
      [
        75.313118,
        37.869269
      ],
      [
        75.313002,
        37.868725
      ],
      [
        75.312856,
        37.867801
      ],
      [
        75.312528,
        37.865728
      ],
      [
        75.312468,
        37.865425
      ],
      [
        75.312334,
        37.865212
      ],
      [
        75.311665,
        37.864579
      ],
      [
        75.311479,
        37.864436
      ],
      [
        75.31133,
        37.864338
      ],
      [
        75.311148,
        37.864274
      ],
      [
        75.310934,
        37.864256
      ],
      [
        75.310742,
        37.864292
      ],
      [
        75.310553,
        37.864376
      ],
      [
        75.310104,
        37.864637
      ],
      [
        75.309975,
        37.864692
      ],
      [
        75.309859,
        37.864776
      ],
      [
        75.309809,
        37.864874
      ],
      [
        75.309791,
        37.864983
      ],
      [
        75.309796,
        37.865093
      ],
      [
        75.309847,
        37.8652
      ],
      [
        75.309938,
        37.865362
      ],
      [
        75.30994,
        37.865501
      ],
      [
        75.309877,
        37.865658
      ],
      [
        75.309819,
        37.865796
      ],
      [
        75.309716,
        37.866039
      ],
      [
        75.309612,
        37.866218
      ],
      [
        75.309486,
        37.866435
      ],
      [
        75.30932,
        37.866626
      ],
      [
        75.308994,
        37.866903
      ],
      [
        75.308452,
        37.867377
      ],
      [
        75.308157,
        37.867642
      ],
      [
        75.307844,
        37.867926
      ],
      [
        75.307496,
        37.868227
      ],
      [
        75.307105,
        37.868598
      ],
      [
        75.306815,
        37.86885
      ],
      [
        75.306716,
        37.868994
      ],
      [
        75.306699,
        37.869111
      ],
      [
        75.306747,
        37.869296
      ],
      [
        75.306873,
        37.869537
      ],
      [
        75.307006,
        37.86977
      ],
      [
        75.307236,
        37.870258
      ],
      [
        75.30738,
        37.870515
      ],
      [
        75.307468,
        37.870664
      ],
      [
        75.307519,
        37.870802
      ],
      [
        75.307471,
        37.870955
      ],
      [
        75.307337,
        37.871128
      ],
      [
        75.307186,
        37.87131
      ],
      [
        75.307001,
        37.871503
      ],
      [
        75.306812,
        37.871672
      ],
      [
        75.306615,
        37.871754
      ],
      [
        75.306114,
        37.871819
      ],
      [
        75.305528,
        37.871909
      ],
      [
        75.304837,
        37.872013
      ],
      [
        75.304403,
        37.87209
      ],
      [
        75.303874,
        37.872108
      ],
      [
        75.303071,
        37.872082
      ],
      [
        75.302597,
        37.872076
      ],
      [
        75.301692,
        37.872124
      ],
      [
        75.301255,
        37.87212
      ],
      [
        75.300655,
        37.872172
      ],
      [
        75.3004,
        37.872178
      ],
      [
        75.300082,
        37.872148
      ],
      [
        75.299875,
        37.87205
      ],
      [
        75.299711,
        37.871897
      ],
      [
        75.299409,
        37.8716
      ],
      [
        75.299124,
        37.871373
      ],
      [
        75.298602,
        37.871075
      ],
      [
        75.298173,
        37.870828
      ],
      [
        75.297857,
        37.870591
      ],
      [
        75.297681,
        37.870418
      ],
      [
        75.297545,
        37.870193
      ],
      [
        75.297358,
        37.869786
      ],
      [
        75.297214,
        37.869523
      ],
      [
        75.297159,
        37.869444
      ],
      [
        75.297012,
        37.869061
      ],
      [
        75.296856,
        37.868842
      ],
      [
        75.296626,
        37.868629
      ],
      [
        75.296354,
        37.868359
      ],
      [
        75.295976,
        37.868004
      ],
      [
        75.295668,
        37.867767
      ],
      [
        75.294626,
        37.86716
      ],
      [
        75.294341,
        37.866991
      ],
      [
        75.294112,
        37.866853
      ],
      [
        75.293731,
        37.866746
      ],
      [
        75.293345,
        37.866706
      ],
      [
        75.292989,
        37.866678
      ],
      [
        75.292315,
        37.866622
      ],
      [
        75.291967,
        37.866608
      ],
      [
        75.291637,
        37.866656
      ],
      [
        75.29138,
        37.866738
      ],
      [
        75.29111,
        37.866849
      ],
      [
        75.2909,
        37.866998
      ],
      [
        75.290704,
        37.867176
      ],
      [
        75.290507,
        37.867383
      ],
      [
        75.290338,
        37.867586
      ],
      [
        75.290113,
        37.867833
      ],
      [
        75.289932,
        37.86805
      ],
      [
        75.289808,
        37.868217
      ],
      [
        75.289722,
        37.868434
      ],
      [
        75.289735,
        37.868588
      ],
      [
        75.289692,
        37.868717
      ],
      [
        75.28975,
        37.868942
      ],
      [
        75.289899,
        37.869114
      ],
      [
        75.29003,
        37.869351
      ],
      [
        75.29005,
        37.869444
      ],
      [
        75.29003,
        37.869592
      ],
      [
        75.289992,
        37.869719
      ],
      [
        75.289997,
        37.869872
      ],
      [
        75.29003,
        37.870008
      ],
      [
        75.290002,
        37.870107
      ],
      [
        75.289932,
        37.870199
      ],
      [
        75.289775,
        37.870354
      ],
      [
        75.289579,
        37.870603
      ],
      [
        75.289424,
        37.870845
      ],
      [
        75.28928,
        37.871126
      ],
      [
        75.289097,
        37.871575
      ],
      [
        75.288786,
        37.872286
      ],
      [
        75.288568,
        37.872871
      ],
      [
        75.288331,
        37.87341
      ],
      [
        75.288153,
        37.87375
      ],
      [
        75.287841,
        37.874433
      ],
      [
        75.287623,
        37.874878
      ],
      [
        75.28743,
        37.875241
      ],
      [
        75.287297,
        37.875608
      ],
      [
        75.287114,
        37.875917
      ],
      [
        75.286911,
        37.876209
      ],
      [
        75.28655,
        37.8766
      ],
      [
        75.286293,
        37.876881
      ],
      [
        75.285769,
        37.877392
      ],
      [
        75.285383,
        37.877775
      ],
      [
        75.284938,
        37.878236
      ],
      [
        75.284664,
        37.878595
      ],
      [
        75.284471,
        37.878887
      ],
      [
        75.284308,
        37.879207
      ],
      [
        75.284137,
        37.879504
      ],
      [
        75.284006,
        37.879774
      ],
      [
        75.283875,
        37.879959
      ],
      [
        75.283729,
        37.880125
      ],
      [
        75.283632,
        37.880314
      ],
      [
        75.283467,
        37.880504
      ],
      [
        75.283306,
        37.880675
      ],
      [
        75.283233,
        37.880771
      ],
      [
        75.283187,
        37.880863
      ],
      [
        75.283164,
        37.881016
      ],
      [
        75.283165,
        37.881083
      ],
      [
        75.28321,
        37.881158
      ],
      [
        75.283315,
        37.881282
      ],
      [
        75.283462,
        37.881368
      ],
      [
        75.28356,
        37.8815
      ],
      [
        75.283627,
        37.881649
      ],
      [
        75.283648,
        37.881793
      ],
      [
        75.283693,
        37.881906
      ],
      [
        75.283763,
        37.882072
      ],
      [
        75.283854,
        37.882279
      ],
      [
        75.283878,
        37.882425
      ],
      [
        75.28385,
        37.88256
      ],
      [
        75.283808,
        37.882731
      ],
      [
        75.283766,
        37.882947
      ],
      [
        75.283718,
        37.883112
      ],
      [
        75.283606,
        37.883308
      ],
      [
        75.28348,
        37.883446
      ],
      [
        75.283329,
        37.883576
      ],
      [
        75.283078,
        37.883673
      ],
      [
        75.28285,
        37.883769
      ],
      [
        75.282532,
        37.883808
      ],
      [
        75.282137,
        37.883871
      ],
      [
        75.281798,
        37.883946
      ],
      [
        75.281102,
        37.884048
      ],
      [
        75.279755,
        37.884272
      ],
      [
        75.279301,
        37.884357
      ],
      [
        75.278877,
        37.884421
      ],
      [
        75.27865,
        37.884421
      ],
      [
        75.278223,
        37.884401
      ],
      [
        75.277814,
        37.884412
      ],
      [
        75.277454,
        37.884434
      ],
      [
        75.277136,
        37.884473
      ],
      [
        75.275464,
        37.884721
      ],
      [
        75.274716,
        37.884829
      ],
      [
        75.27416,
        37.88492
      ],
      [
        75.273932,
        37.884967
      ],
      [
        75.273632,
        37.885025
      ],
      [
        75.273366,
        37.885044
      ],
      [
        75.273114,
        37.884995
      ],
      [
        75.272915,
        37.884876
      ],
      [
        75.272575,
        37.884647
      ],
      [
        75.272341,
        37.884492
      ],
      [
        75.271932,
        37.884194
      ],
      [
        75.271565,
        37.883904
      ],
      [
        75.271194,
        37.883664
      ],
      [
        75.270813,
        37.883394
      ],
      [
        75.270512,
        37.883148
      ],
      [
        75.270253,
        37.882969
      ],
      [
        75.27005,
        37.882869
      ],
      [
        75.269827,
        37.882836
      ],
      [
        75.269592,
        37.882839
      ],
      [
        75.269225,
        37.882878
      ],
      [
        75.268616,
        37.882985
      ],
      [
        75.267893,
        37.883115
      ],
      [
        75.267354,
        37.883209
      ],
      [
        75.266941,
        37.883311
      ],
      [
        75.266413,
        37.88341
      ],
      [
        75.266049,
        37.883471
      ],
      [
        75.26585,
        37.883579
      ],
      [
        75.265721,
        37.883742
      ],
      [
        75.26557,
        37.883982
      ],
      [
        75.265389,
        37.884313
      ],
      [
        75.265277,
        37.884539
      ],
      [
        75.265102,
        37.884807
      ],
      [
        75.264969,
        37.884917
      ],
      [
        75.264686,
        37.885166
      ],
      [
        75.264238,
        37.885492
      ],
      [
        75.263951,
        37.885734
      ],
      [
        75.263573,
        37.88606
      ],
      [
        75.263287,
        37.886284
      ],
      [
        75.263017,
        37.886502
      ],
      [
        75.262804,
        37.8867
      ],
      [
        75.262545,
        37.886916
      ],
      [
        75.262374,
        37.887098
      ],
      [
        75.262182,
        37.887219
      ],
      [
        75.262028,
        37.887299
      ],
      [
        75.261653,
        37.88741
      ],
      [
        75.261398,
        37.887493
      ],
      [
        75.261202,
        37.887609
      ],
      [
        75.261083,
        37.887694
      ],
      [
        75.260898,
        37.887752
      ],
      [
        75.260671,
        37.887774
      ],
      [
        75.260485,
        37.887807
      ],
      [
        75.260314,
        37.88786
      ],
      [
        75.260174,
        37.887948
      ],
      [
        75.259996,
        37.888031
      ],
      [
        75.259793,
        37.88813
      ],
      [
        75.259513,
        37.888188
      ],
      [
        75.259233,
        37.888185
      ],
      [
        75.258908,
        37.888119
      ],
      [
        75.258583,
        37.88805
      ],
      [
        75.258251,
        37.888003
      ],
      [
        75.257939,
        37.888009
      ],
      [
        75.257558,
        37.888056
      ],
      [
        75.257177,
        37.888119
      ],
      [
        75.25667,
        37.888166
      ],
      [
        75.25631,
        37.888172
      ],
      [
        75.256047,
        37.888158
      ],
      [
        75.255817,
        37.888136
      ],
      [
        75.255509,
        37.888172
      ],
      [
        75.255292,
        37.888235
      ],
      [
        75.255002,
        37.888362
      ],
      [
        75.254701,
        37.888483
      ],
      [
        75.254302,
        37.888495
      ],
      [
        75.25405,
        37.888478
      ],
      [
        75.253729,
        37.888398
      ],
      [
        75.253355,
        37.888279
      ],
      [
        75.252875,
        37.887984
      ],
      [
        75.252054,
        37.887493
      ],
      [
        75.251708,
        37.887293
      ],
      [
        75.251232,
        37.887018
      ],
      [
        75.250361,
        37.886502
      ],
      [
        75.249654,
        37.886077
      ],
      [
        75.249581,
        37.886032
      ],
      [
        75.249028,
        37.885699
      ],
      [
        75.24835,
        37.885312
      ],
      [
        75.247983,
        37.885089
      ],
      [
        75.247727,
        37.884926
      ],
      [
        75.247339,
        37.884757
      ],
      [
        75.246874,
        37.884567
      ],
      [
        75.246381,
        37.884418
      ],
      [
        75.246063,
        37.884332
      ],
      [
        75.245766,
        37.88426
      ],
      [
        75.24543,
        37.884189
      ],
      [
        75.244891,
        37.884078
      ],
      [
        75.244402,
        37.883973
      ],
      [
        75.24387,
        37.883882
      ],
      [
        75.2433,
        37.883772
      ],
      [
        75.243055,
        37.883719
      ],
      [
        75.242891,
        37.883626
      ],
      [
        75.24273,
        37.883504
      ],
      [
        75.242601,
        37.883358
      ],
      [
        75.242454,
        37.883151
      ],
      [
        75.242237,
        37.882844
      ],
      [
        75.241999,
        37.882535
      ],
      [
        75.241835,
        37.882356
      ],
      [
        75.241604,
        37.882138
      ],
      [
        75.241328,
        37.88187
      ],
      [
        75.241013,
        37.881649
      ],
      [
        75.240632,
        37.881398
      ],
      [
        75.240229,
        37.881136
      ],
      [
        75.239757,
        37.880874
      ],
      [
        75.239415,
        37.880733
      ],
      [
        75.239117,
        37.880606
      ],
      [
        75.238869,
        37.880531
      ],
      [
        75.238631,
        37.880479
      ],
      [
        75.238327,
        37.880454
      ],
      [
        75.237984,
        37.880451
      ],
      [
        75.237732,
        37.880487
      ],
      [
        75.237274,
        37.880537
      ],
      [
        75.236911,
        37.880562
      ],
      [
        75.236585,
        37.880617
      ],
      [
        75.236253,
        37.880683
      ],
      [
        75.235896,
        37.880774
      ],
      [
        75.235652,
        37.880838
      ],
      [
        75.235431,
        37.880923
      ],
      [
        75.2352,
        37.881034
      ],
      [
        75.234938,
        37.881139
      ],
      [
        75.234697,
        37.881266
      ],
      [
        75.234372,
        37.881395
      ],
      [
        75.233774,
        37.881619
      ],
      [
        75.233497,
        37.881727
      ],
      [
        75.233266,
        37.88184
      ],
      [
        75.233141,
        37.881947
      ],
      [
        75.232976,
        37.882063
      ],
      [
        75.232801,
        37.882185
      ],
      [
        75.23264,
        37.882295
      ],
      [
        75.232368,
        37.882444
      ],
      [
        75.232151,
        37.882568
      ],
      [
        75.231903,
        37.882682
      ],
      [
        75.231619,
        37.882856
      ],
      [
        75.231238,
        37.883063
      ],
      [
        75.231021,
        37.883162
      ],
      [
        75.23086,
        37.883236
      ],
      [
        75.230661,
        37.883281
      ],
      [
        75.230304,
        37.883311
      ],
      [
        75.229752,
        37.883366
      ],
      [
        75.229493,
        37.883383
      ],
      [
        75.229168,
        37.883391
      ],
      [
        75.228384,
        37.883377
      ],
      [
        75.227699,
        37.883363
      ],
      [
        75.227524,
        37.883358
      ],
      [
        75.227325,
        37.883344
      ],
      [
        75.227146,
        37.883286
      ],
      [
        75.226929,
        37.883187
      ],
      [
        75.226762,
        37.883049
      ],
      [
        75.226548,
        37.882856
      ],
      [
        75.226216,
        37.882552
      ],
      [
        75.225891,
        37.882273
      ],
      [
        75.225611,
        37.882066
      ],
      [
        75.225387,
        37.881851
      ],
      [
        75.225223,
        37.88163
      ],
      [
        75.225002,
        37.881296
      ],
      [
        75.224852,
        37.88102
      ],
      [
        75.224691,
        37.880749
      ],
      [
        75.224562,
        37.880614
      ],
      [
        75.224394,
        37.880526
      ],
      [
        75.224079,
        37.880455
      ],
      [
        75.223391,
        37.880299
      ],
      [
        75.223246,
        37.880269
      ],
      [
        75.222941,
        37.880205
      ],
      [
        75.222699,
        37.88015
      ],
      [
        75.22246,
        37.880144
      ],
      [
        75.222425,
        37.879656
      ],
      [
        75.222334,
        37.879097
      ],
      [
        75.222192,
        37.878547
      ],
      [
        75.221999,
        37.878025
      ],
      [
        75.221624,
        37.877106
      ],
      [
        75.221195,
        37.876316
      ],
      [
        75.220695,
        37.875377
      ],
      [
        75.219817,
        37.873971
      ],
      [
        75.219621,
        37.873662
      ],
      [
        75.218999,
        37.872545
      ],
      [
        75.218604,
        37.871887
      ],
      [
        75.218248,
        37.871198
      ],
      [
        75.218083,
        37.870739
      ],
      [
        75.217927,
        37.870341
      ],
      [
        75.217768,
        37.869903
      ],
      [
        75.2174,
        37.868264
      ],
      [
        75.217148,
        37.867143
      ],
      [
        75.216929,
        37.866306
      ],
      [
        75.216783,
        37.865835
      ],
      [
        75.216529,
        37.865175
      ],
      [
        75.216152,
        37.864353
      ],
      [
        75.215518,
        37.862964
      ],
      [
        75.215318,
        37.862503
      ],
      [
        75.215033,
        37.86187
      ],
      [
        75.21467,
        37.86111
      ],
      [
        75.214485,
        37.860879
      ],
      [
        75.214351,
        37.860703
      ],
      [
        75.214102,
        37.860464
      ],
      [
        75.213866,
        37.860264
      ],
      [
        75.213617,
        37.860025
      ],
      [
        75.213488,
        37.859884
      ],
      [
        75.213376,
        37.859694
      ],
      [
        75.21327,
        37.859476
      ],
      [
        75.213096,
        37.859132
      ],
      [
        75.212945,
        37.858861
      ],
      [
        75.212798,
        37.858629
      ],
      [
        75.212633,
        37.858411
      ],
      [
        75.212441,
        37.858253
      ],
      [
        75.211965,
        37.857968
      ],
      [
        75.211431,
        37.857655
      ],
      [
        75.211043,
        37.857409
      ],
      [
        75.210723,
        37.857097
      ],
      [
        75.210464,
        37.85672
      ],
      [
        75.210294,
        37.856301
      ],
      [
        75.210242,
        37.855852
      ],
      [
        75.210242,
        37.85529
      ],
      [
        75.210242,
        37.854673
      ],
      [
        75.210241,
        37.854357
      ],
      [
        75.210239,
        37.853912
      ],
      [
        75.210231,
        37.852061
      ],
      [
        75.21021,
        37.851651
      ],
      [
        75.210137,
        37.851109
      ],
      [
        75.210093,
        37.850799
      ],
      [
        75.209881,
        37.849782
      ],
      [
        75.209646,
        37.848645
      ],
      [
        75.209573,
        37.84795
      ],
      [
        75.209567,
        37.847483
      ],
      [
        75.209665,
        37.846361
      ],
      [
        75.209878,
        37.844501
      ],
      [
        75.209898,
        37.844314
      ],
      [
        75.210158,
        37.841913
      ],
      [
        75.210632,
        37.837558
      ],
      [
        75.210757,
        37.836412
      ],
      [
        75.210785,
        37.835596
      ],
      [
        75.210758,
        37.8348
      ],
      [
        75.210678,
        37.834127
      ],
      [
        75.210544,
        37.833313
      ],
      [
        75.210403,
        37.832451
      ],
      [
        75.21026,
        37.831609
      ],
      [
        75.210121,
        37.830725
      ],
      [
        75.210051,
        37.830107
      ],
      [
        75.210029,
        37.829557
      ],
      [
        75.210056,
        37.829012
      ],
      [
        75.210115,
        37.828393
      ],
      [
        75.210139,
        37.828246
      ],
      [
        75.210173,
        37.827859
      ],
      [
        75.210296,
        37.827268
      ],
      [
        75.210461,
        37.826781
      ],
      [
        75.210814,
        37.826114
      ],
      [
        75.21112,
        37.825684
      ],
      [
        75.211584,
        37.825215
      ],
      [
        75.212645,
        37.824295
      ],
      [
        75.214445,
        37.822793
      ],
      [
        75.214768,
        37.822379
      ],
      [
        75.215193,
        37.821622
      ],
      [
        75.216116,
        37.820091
      ],
      [
        75.216436,
        37.819517
      ],
      [
        75.21648,
        37.819437
      ],
      [
        75.216911,
        37.818664
      ],
      [
        75.217092,
        37.818315
      ],
      [
        75.217176,
        37.818121
      ],
      [
        75.217263,
        37.817921
      ],
      [
        75.217397,
        37.817472
      ],
      [
        75.217488,
        37.816977
      ],
      [
        75.217515,
        37.816486
      ],
      [
        75.217491,
        37.815919
      ],
      [
        75.217412,
        37.814351
      ],
      [
        75.217313,
        37.8121
      ],
      [
        75.2172,
        37.80983
      ],
      [
        75.217141,
        37.808638
      ],
      [
        75.217078,
        37.807364
      ],
      [
        75.216893,
        37.803346
      ],
      [
        75.216886,
        37.803192
      ],
      [
        75.216643,
        37.797922
      ],
      [
        75.216511,
        37.795058
      ],
      [
        75.216423,
        37.793301
      ],
      [
        75.216388,
        37.792073
      ],
      [
        75.216436,
        37.791022
      ],
      [
        75.21656,
        37.79015
      ],
      [
        75.216823,
        37.78902
      ],
      [
        75.217343,
        37.787046
      ],
      [
        75.217476,
        37.786554
      ],
      [
        75.218223,
        37.783794
      ],
      [
        75.218362,
        37.783281
      ],
      [
        75.218429,
        37.783032
      ],
      [
        75.219005,
        37.780846
      ],
      [
        75.219249,
        37.77993
      ],
      [
        75.219693,
        37.778252
      ],
      [
        75.220216,
        37.776383
      ],
      [
        75.221419,
        37.776726
      ],
      [
        75.221943,
        37.776877
      ],
      [
        75.222156,
        37.776932
      ],
      [
        75.222858,
        37.777105
      ],
      [
        75.223192,
        37.777193
      ],
      [
        75.223536,
        37.777277
      ],
      [
        75.223595,
        37.777292
      ],
      [
        75.224286,
        37.777467
      ],
      [
        75.224474,
        37.776901
      ]
    ],
    "type": "LineString"
  }
}
