{
  "type": "Feature",
  "properties": {
    "tripId": "xinjiang-self-drive-2026",
    "dayId": "day-1",
    "segmentId": "day-1-driving",
    "label": "阿勒泰机场经阿禾公路至禾木游客服务中心",
    "mode": "driving",
    "routeQuality": "road-network",
    "routingProvider": "https://router.project-osrm.org",
    "routingProfile": "driving",
    "requestOptions": {
      "geometries": "geojson",
      "overview": "full",
      "steps": false,
      "alternatives": false
    },
    "inputCoordinates": [
      [
        88.090188,
        47.751698
      ],
      [
        88.12917,
        47.825756
      ],
      [
        88.290908,
        48.355491
      ],
      [
        87.524492,
        48.571074
      ]
    ],
    "snappedWaypoints": [
      [
        88.090571,
        47.752171
      ],
      [
        88.129422,
        47.825646
      ],
      [
        88.290908,
        48.355491
      ],
      [
        87.524082,
        48.571894
      ]
    ],
    "source": "OSRM",
    "sourceUrl": "https://project-osrm.org/",
    "mapData": "© OpenStreetMap contributors",
    "mapDataUrl": "https://www.openstreetmap.org/copyright",
    "generatedAt": "2026-09-05T14:58:42.029Z",
    "distanceMeters": 236844.1,
    "durationSeconds": 10949.8,
    "distanceKm": 236.8,
    "durationMinutes": 182
  },
  "geometry": {
    "coordinates": [
      [
        88.090571,
        47.752171
      ],
      [
        88.090972,
        47.752024
      ],
      [
        88.091938,
        47.751671
      ],
      [
        88.092096,
        47.751867
      ],
      [
        88.092602,
        47.752495
      ],
      [
        88.093938,
        47.754155
      ],
      [
        88.092611,
        47.754642
      ],
      [
        88.091347,
        47.755107
      ],
      [
        88.089371,
        47.755833
      ],
      [
        88.090369,
        47.757053
      ],
      [
        88.090603,
        47.757276
      ],
      [
        88.090851,
        47.757509
      ],
      [
        88.091091,
        47.757707
      ],
      [
        88.091409,
        47.757935
      ],
      [
        88.091789,
        47.758164
      ],
      [
        88.09219,
        47.758367
      ],
      [
        88.092581,
        47.758535
      ],
      [
        88.092923,
        47.758657
      ],
      [
        88.093308,
        47.758783
      ],
      [
        88.093813,
        47.758932
      ],
      [
        88.094774,
        47.759191
      ],
      [
        88.095082,
        47.759273
      ],
      [
        88.09543,
        47.759365
      ],
      [
        88.097482,
        47.759906
      ],
      [
        88.097687,
        47.759962
      ],
      [
        88.104563,
        47.761779
      ],
      [
        88.107492,
        47.762555
      ],
      [
        88.10788,
        47.762655
      ],
      [
        88.109004,
        47.762958
      ],
      [
        88.111586,
        47.763631
      ],
      [
        88.11769,
        47.765258
      ],
      [
        88.118615,
        47.765547
      ],
      [
        88.119714,
        47.765981
      ],
      [
        88.12046,
        47.766343
      ],
      [
        88.121114,
        47.766741
      ],
      [
        88.121658,
        47.76713
      ],
      [
        88.122089,
        47.767491
      ],
      [
        88.122471,
        47.767869
      ],
      [
        88.122778,
        47.768237
      ],
      [
        88.123103,
        47.768681
      ],
      [
        88.123483,
        47.769342
      ],
      [
        88.123739,
        47.76995
      ],
      [
        88.1239,
        47.770655
      ],
      [
        88.124082,
        47.771666
      ],
      [
        88.124341,
        47.773488
      ],
      [
        88.124605,
        47.774947
      ],
      [
        88.124766,
        47.776052
      ],
      [
        88.124957,
        47.777087
      ],
      [
        88.124998,
        47.777535
      ],
      [
        88.124986,
        47.777954
      ],
      [
        88.124925,
        47.77858
      ],
      [
        88.124829,
        47.779081
      ],
      [
        88.124665,
        47.779575
      ],
      [
        88.124448,
        47.780104
      ],
      [
        88.124159,
        47.78061
      ],
      [
        88.123847,
        47.781068
      ],
      [
        88.123508,
        47.781484
      ],
      [
        88.123166,
        47.781844
      ],
      [
        88.122972,
        47.782048
      ],
      [
        88.12248,
        47.782484
      ],
      [
        88.121952,
        47.782908
      ],
      [
        88.120834,
        47.783664
      ],
      [
        88.120553,
        47.783876
      ],
      [
        88.120167,
        47.784128
      ],
      [
        88.119823,
        47.784391
      ],
      [
        88.119453,
        47.784705
      ],
      [
        88.119194,
        47.78495
      ],
      [
        88.122104,
        47.78577
      ],
      [
        88.125226,
        47.786647
      ],
      [
        88.125323,
        47.786675
      ],
      [
        88.128302,
        47.787517
      ],
      [
        88.128401,
        47.787545
      ],
      [
        88.129396,
        47.787826
      ],
      [
        88.129781,
        47.787975
      ],
      [
        88.130162,
        47.788165
      ],
      [
        88.13052,
        47.788396
      ],
      [
        88.130842,
        47.788662
      ],
      [
        88.131117,
        47.788975
      ],
      [
        88.131491,
        47.789498
      ],
      [
        88.133178,
        47.792111
      ],
      [
        88.133673,
        47.792867
      ],
      [
        88.133832,
        47.793164
      ],
      [
        88.133928,
        47.793437
      ],
      [
        88.133963,
        47.793694
      ],
      [
        88.133971,
        47.794054
      ],
      [
        88.133923,
        47.79435
      ],
      [
        88.133859,
        47.794572
      ],
      [
        88.133833,
        47.794663
      ],
      [
        88.133743,
        47.794849
      ],
      [
        88.132009,
        47.798279
      ],
      [
        88.13131,
        47.799679
      ],
      [
        88.131075,
        47.800043
      ],
      [
        88.130744,
        47.800426
      ],
      [
        88.130291,
        47.800859
      ],
      [
        88.128057,
        47.802927
      ],
      [
        88.127971,
        47.803006
      ],
      [
        88.125696,
        47.805186
      ],
      [
        88.12545,
        47.805422
      ],
      [
        88.12518,
        47.805717
      ],
      [
        88.124925,
        47.806117
      ],
      [
        88.124809,
        47.806315
      ],
      [
        88.124568,
        47.806779
      ],
      [
        88.123582,
        47.808849
      ],
      [
        88.123536,
        47.808944
      ],
      [
        88.123469,
        47.810122
      ],
      [
        88.123468,
        47.810271
      ],
      [
        88.123443,
        47.812672
      ],
      [
        88.123473,
        47.814642
      ],
      [
        88.123474,
        47.814736
      ],
      [
        88.123449,
        47.815202
      ],
      [
        88.123438,
        47.815433
      ],
      [
        88.123327,
        47.820445
      ],
      [
        88.123317,
        47.820878
      ],
      [
        88.123331,
        47.820967
      ],
      [
        88.123451,
        47.821389
      ],
      [
        88.123564,
        47.821617
      ],
      [
        88.123735,
        47.821892
      ],
      [
        88.124111,
        47.822517
      ],
      [
        88.124734,
        47.823794
      ],
      [
        88.124892,
        47.824082
      ],
      [
        88.125557,
        47.825258
      ],
      [
        88.126584,
        47.827293
      ],
      [
        88.127609,
        47.826935
      ],
      [
        88.1283,
        47.826694
      ],
      [
        88.128479,
        47.826616
      ],
      [
        88.128951,
        47.826409
      ],
      [
        88.1298,
        47.826036
      ],
      [
        88.129422,
        47.825646
      ],
      [
        88.128974,
        47.825184
      ],
      [
        88.12885,
        47.825056
      ],
      [
        88.127065,
        47.823291
      ],
      [
        88.125956,
        47.82214
      ],
      [
        88.125894,
        47.82207
      ],
      [
        88.125968,
        47.822015
      ],
      [
        88.126029,
        47.822083
      ],
      [
        88.126213,
        47.822288
      ],
      [
        88.127351,
        47.823451
      ],
      [
        88.129679,
        47.825781
      ],
      [
        88.132345,
        47.828421
      ],
      [
        88.133665,
        47.829649
      ],
      [
        88.134248,
        47.830165
      ],
      [
        88.135012,
        47.830841
      ],
      [
        88.135398,
        47.831227
      ],
      [
        88.135623,
        47.831511
      ],
      [
        88.135811,
        47.831778
      ],
      [
        88.135945,
        47.832055
      ],
      [
        88.136031,
        47.832325
      ],
      [
        88.13609,
        47.832595
      ],
      [
        88.136127,
        47.832912
      ],
      [
        88.136133,
        47.833146
      ],
      [
        88.136106,
        47.83356
      ],
      [
        88.136009,
        47.834061
      ],
      [
        88.13587,
        47.834695
      ],
      [
        88.135757,
        47.835048
      ],
      [
        88.135613,
        47.83551
      ],
      [
        88.135543,
        47.835725
      ],
      [
        88.134801,
        47.837648
      ],
      [
        88.134312,
        47.838891
      ],
      [
        88.134225,
        47.839136
      ],
      [
        88.134062,
        47.839593
      ],
      [
        88.133986,
        47.839906
      ],
      [
        88.13399,
        47.839998
      ],
      [
        88.13403,
        47.840324
      ],
      [
        88.134092,
        47.840649
      ],
      [
        88.134549,
        47.842828
      ],
      [
        88.134779,
        47.843909
      ],
      [
        88.134861,
        47.844251
      ],
      [
        88.135176,
        47.846019
      ],
      [
        88.135276,
        47.846345
      ],
      [
        88.135377,
        47.846638
      ],
      [
        88.135527,
        47.846885
      ],
      [
        88.135608,
        47.84702
      ],
      [
        88.135758,
        47.847215
      ],
      [
        88.135945,
        47.84742
      ],
      [
        88.136595,
        47.848099
      ],
      [
        88.136645,
        47.848152
      ],
      [
        88.136557,
        47.848204
      ],
      [
        88.135269,
        47.849024
      ],
      [
        88.134862,
        47.849289
      ],
      [
        88.134475,
        47.849512
      ],
      [
        88.133667,
        47.850001
      ],
      [
        88.132848,
        47.850489
      ],
      [
        88.13197,
        47.85102
      ],
      [
        88.131061,
        47.851554
      ],
      [
        88.130177,
        47.852088
      ],
      [
        88.129409,
        47.852549
      ],
      [
        88.128493,
        47.853088
      ],
      [
        88.127646,
        47.853582
      ],
      [
        88.126618,
        47.854172
      ],
      [
        88.126476,
        47.854294
      ],
      [
        88.126392,
        47.854411
      ],
      [
        88.125794,
        47.856048
      ],
      [
        88.125745,
        47.856264
      ],
      [
        88.125742,
        47.856355
      ],
      [
        88.125729,
        47.856607
      ],
      [
        88.125726,
        47.856671
      ],
      [
        88.125723,
        47.858099
      ],
      [
        88.125735,
        47.859589
      ],
      [
        88.125688,
        47.861025
      ],
      [
        88.125642,
        47.861272
      ],
      [
        88.125396,
        47.862669
      ],
      [
        88.125226,
        47.863735
      ],
      [
        88.125053,
        47.864824
      ],
      [
        88.124948,
        47.865486
      ],
      [
        88.124847,
        47.866118
      ],
      [
        88.124929,
        47.86726
      ],
      [
        88.12539,
        47.869117
      ],
      [
        88.125498,
        47.869769
      ],
      [
        88.125527,
        47.87014
      ],
      [
        88.125526,
        47.870834
      ],
      [
        88.125157,
        47.872366
      ],
      [
        88.12495,
        47.873177
      ],
      [
        88.124895,
        47.87336
      ],
      [
        88.124704,
        47.874087
      ],
      [
        88.124573,
        47.874465
      ],
      [
        88.124313,
        47.875172
      ],
      [
        88.124084,
        47.875609
      ],
      [
        88.124006,
        47.875747
      ],
      [
        88.123733,
        47.876197
      ],
      [
        88.12311,
        47.8772
      ],
      [
        88.122611,
        47.878096
      ],
      [
        88.122282,
        47.87901
      ],
      [
        88.122281,
        47.879398
      ],
      [
        88.122359,
        47.880358
      ],
      [
        88.122414,
        47.88088
      ],
      [
        88.122376,
        47.881365
      ],
      [
        88.122246,
        47.882151
      ],
      [
        88.122034,
        47.88275
      ],
      [
        88.121612,
        47.883416
      ],
      [
        88.120213,
        47.885411
      ],
      [
        88.118983,
        47.887173
      ],
      [
        88.11875,
        47.887691
      ],
      [
        88.118587,
        47.888029
      ],
      [
        88.118409,
        47.888544
      ],
      [
        88.11835,
        47.888863
      ],
      [
        88.118303,
        47.889278
      ],
      [
        88.11828,
        47.8897
      ],
      [
        88.118303,
        47.890099
      ],
      [
        88.11842,
        47.890638
      ],
      [
        88.119353,
        47.895094
      ],
      [
        88.120559,
        47.900547
      ],
      [
        88.121965,
        47.903127
      ],
      [
        88.124175,
        47.907068
      ],
      [
        88.124797,
        47.907687
      ],
      [
        88.125913,
        47.908881
      ],
      [
        88.126557,
        47.910549
      ],
      [
        88.126943,
        47.911254
      ],
      [
        88.127652,
        47.91182
      ],
      [
        88.128301,
        47.912437
      ],
      [
        88.128343,
        47.912518
      ],
      [
        88.128423,
        47.912672
      ],
      [
        88.128884,
        47.913521
      ],
      [
        88.129522,
        47.914199
      ],
      [
        88.130972,
        47.916618
      ],
      [
        88.131979,
        47.918959
      ],
      [
        88.131973,
        47.920046
      ],
      [
        88.131918,
        47.920691
      ],
      [
        88.132889,
        47.922374
      ],
      [
        88.133095,
        47.923237
      ],
      [
        88.134163,
        47.925154
      ],
      [
        88.135757,
        47.927051
      ],
      [
        88.136026,
        47.928044
      ],
      [
        88.136271,
        47.9296
      ],
      [
        88.136448,
        47.930798
      ],
      [
        88.136534,
        47.931459
      ],
      [
        88.136369,
        47.931893
      ],
      [
        88.13648,
        47.932502
      ],
      [
        88.136498,
        47.932842
      ],
      [
        88.136255,
        47.933242
      ],
      [
        88.135296,
        47.933805
      ],
      [
        88.134019,
        47.934775
      ],
      [
        88.133526,
        47.935268
      ],
      [
        88.133144,
        47.935891
      ],
      [
        88.132908,
        47.936419
      ],
      [
        88.13272,
        47.936592
      ],
      [
        88.132147,
        47.937201
      ],
      [
        88.132018,
        47.937352
      ],
      [
        88.13184,
        47.937634
      ],
      [
        88.131862,
        47.938149
      ],
      [
        88.131921,
        47.938548
      ],
      [
        88.132004,
        47.939326
      ],
      [
        88.132461,
        47.940216
      ],
      [
        88.132881,
        47.941032
      ],
      [
        88.133763,
        47.941957
      ],
      [
        88.134514,
        47.942653
      ],
      [
        88.135426,
        47.943195
      ],
      [
        88.136587,
        47.943624
      ],
      [
        88.137482,
        47.943932
      ],
      [
        88.138382,
        47.944247
      ],
      [
        88.139074,
        47.944443
      ],
      [
        88.139742,
        47.944511
      ],
      [
        88.140596,
        47.944586
      ],
      [
        88.141765,
        47.944626
      ],
      [
        88.14236,
        47.944672
      ],
      [
        88.143185,
        47.94472
      ],
      [
        88.143804,
        47.944759
      ],
      [
        88.14464,
        47.944802
      ],
      [
        88.145891,
        47.944752
      ],
      [
        88.14698,
        47.944716
      ],
      [
        88.14875,
        47.944687
      ],
      [
        88.149871,
        47.944648
      ],
      [
        88.151711,
        47.944701
      ],
      [
        88.154098,
        47.94487
      ],
      [
        88.156281,
        47.94482
      ],
      [
        88.157274,
        47.944692
      ],
      [
        88.158272,
        47.944466
      ],
      [
        88.158637,
        47.944487
      ],
      [
        88.159066,
        47.944602
      ],
      [
        88.159431,
        47.944724
      ],
      [
        88.159619,
        47.944814
      ],
      [
        88.159796,
        47.944918
      ],
      [
        88.160257,
        47.945245
      ],
      [
        88.160423,
        47.945385
      ],
      [
        88.160815,
        47.945795
      ],
      [
        88.161201,
        47.946312
      ],
      [
        88.161411,
        47.946625
      ],
      [
        88.16155,
        47.946812
      ],
      [
        88.161636,
        47.946901
      ],
      [
        88.161759,
        47.947002
      ],
      [
        88.161915,
        47.947081
      ],
      [
        88.162145,
        47.947171
      ],
      [
        88.162301,
        47.947218
      ],
      [
        88.162526,
        47.947318
      ],
      [
        88.164147,
        47.948522
      ],
      [
        88.164468,
        47.948752
      ],
      [
        88.16516,
        47.949211
      ],
      [
        88.165214,
        47.949455
      ],
      [
        88.165053,
        47.949534
      ],
      [
        88.1648,
        47.94952
      ],
      [
        88.163196,
        47.948219
      ],
      [
        88.162972,
        47.948166
      ],
      [
        88.162794,
        47.94828
      ],
      [
        88.162789,
        47.94842
      ],
      [
        88.163615,
        47.949002
      ],
      [
        88.164603,
        47.949689
      ],
      [
        88.164978,
        47.949844
      ],
      [
        88.165059,
        47.949948
      ],
      [
        88.165348,
        47.950221
      ],
      [
        88.165552,
        47.950451
      ],
      [
        88.165638,
        47.950534
      ],
      [
        88.16648,
        47.951155
      ],
      [
        88.167054,
        47.951619
      ],
      [
        88.167271,
        47.951871
      ],
      [
        88.167317,
        47.952017
      ],
      [
        88.167347,
        47.952195
      ],
      [
        88.16743,
        47.952441
      ],
      [
        88.167639,
        47.952686
      ],
      [
        88.16787,
        47.952872
      ],
      [
        88.168095,
        47.953059
      ],
      [
        88.168526,
        47.953663
      ],
      [
        88.168557,
        47.953807
      ],
      [
        88.168651,
        47.954011
      ],
      [
        88.168733,
        47.954123
      ],
      [
        88.16883,
        47.954302
      ],
      [
        88.168884,
        47.954349
      ],
      [
        88.168948,
        47.954381
      ],
      [
        88.169039,
        47.954403
      ],
      [
        88.169281,
        47.954439
      ],
      [
        88.169468,
        47.954514
      ],
      [
        88.170665,
        47.955488
      ],
      [
        88.170836,
        47.955646
      ],
      [
        88.171024,
        47.955858
      ],
      [
        88.171126,
        47.95603
      ],
      [
        88.171206,
        47.956228
      ],
      [
        88.1714,
        47.956839
      ],
      [
        88.171464,
        47.956921
      ],
      [
        88.171587,
        47.956986
      ],
      [
        88.172194,
        47.957119
      ],
      [
        88.172349,
        47.957187
      ],
      [
        88.172473,
        47.957291
      ],
      [
        88.172655,
        47.9575
      ],
      [
        88.173148,
        47.958139
      ],
      [
        88.173218,
        47.958272
      ],
      [
        88.173696,
        47.958664
      ],
      [
        88.173873,
        47.958847
      ],
      [
        88.17398,
        47.958937
      ],
      [
        88.174066,
        47.959037
      ],
      [
        88.174112,
        47.959137
      ],
      [
        88.174158,
        47.959276
      ],
      [
        88.174285,
        47.959415
      ],
      [
        88.174447,
        47.95955
      ],
      [
        88.17462,
        47.959628
      ],
      [
        88.174757,
        47.959694
      ],
      [
        88.174956,
        47.959799
      ],
      [
        88.175085,
        47.959864
      ],
      [
        88.17545,
        47.960194
      ],
      [
        88.175874,
        47.960482
      ],
      [
        88.177106,
        47.961171
      ],
      [
        88.178829,
        47.962052
      ],
      [
        88.179491,
        47.962454
      ],
      [
        88.179782,
        47.962655
      ],
      [
        88.179939,
        47.96273
      ],
      [
        88.180105,
        47.962834
      ],
      [
        88.180636,
        47.9631
      ],
      [
        88.18098,
        47.96329
      ],
      [
        88.181098,
        47.963394
      ],
      [
        88.18158,
        47.963736
      ],
      [
        88.181709,
        47.9638
      ],
      [
        88.1818,
        47.963886
      ],
      [
        88.18216,
        47.964346
      ],
      [
        88.182417,
        47.964634
      ],
      [
        88.182616,
        47.96482
      ],
      [
        88.182836,
        47.965065
      ],
      [
        88.183002,
        47.965223
      ],
      [
        88.183254,
        47.965438
      ],
      [
        88.183431,
        47.965564
      ],
      [
        88.183968,
        47.965866
      ],
      [
        88.185116,
        47.9663
      ],
      [
        88.18665,
        47.967001
      ],
      [
        88.186768,
        47.967062
      ],
      [
        88.187288,
        47.967403
      ],
      [
        88.187905,
        47.967773
      ],
      [
        88.188007,
        47.967813
      ],
      [
        88.188479,
        47.967939
      ],
      [
        88.189933,
        47.968564
      ],
      [
        88.191156,
        47.969135
      ],
      [
        88.19136,
        47.969217
      ],
      [
        88.191757,
        47.969336
      ],
      [
        88.191971,
        47.969419
      ],
      [
        88.192776,
        47.969864
      ],
      [
        88.193023,
        47.969954
      ],
      [
        88.193527,
        47.970101
      ],
      [
        88.195297,
        47.970798
      ],
      [
        88.195598,
        47.970902
      ],
      [
        88.196054,
        47.971017
      ],
      [
        88.196703,
        47.97115
      ],
      [
        88.197078,
        47.971258
      ],
      [
        88.198242,
        47.971773
      ],
      [
        88.198747,
        47.97201
      ],
      [
        88.198886,
        47.972111
      ],
      [
        88.199009,
        47.972247
      ],
      [
        88.199122,
        47.972438
      ],
      [
        88.199165,
        47.972545
      ],
      [
        88.199245,
        47.97298
      ],
      [
        88.19939,
        47.97344
      ],
      [
        88.199616,
        47.973943
      ],
      [
        88.199744,
        47.974313
      ],
      [
        88.199755,
        47.974406
      ],
      [
        88.199723,
        47.974643
      ],
      [
        88.199755,
        47.97488
      ],
      [
        88.199862,
        47.975207
      ],
      [
        88.199916,
        47.97529
      ],
      [
        88.20001,
        47.975374
      ],
      [
        88.200409,
        47.975673
      ],
      [
        88.200597,
        47.97578
      ],
      [
        88.200731,
        47.975874
      ],
      [
        88.200957,
        47.97599
      ],
      [
        88.201397,
        47.976166
      ],
      [
        88.201848,
        47.976291
      ],
      [
        88.204145,
        47.976521
      ],
      [
        88.205506,
        47.976685
      ],
      [
        88.206412,
        47.976843
      ],
      [
        88.207042,
        47.976887
      ],
      [
        88.209438,
        47.976582
      ],
      [
        88.209894,
        47.976593
      ],
      [
        88.21018,
        47.976637
      ],
      [
        88.210782,
        47.976772
      ],
      [
        88.211668,
        47.977045
      ],
      [
        88.212065,
        47.977213
      ],
      [
        88.212215,
        47.977314
      ],
      [
        88.212242,
        47.977436
      ],
      [
        88.212209,
        47.977562
      ],
      [
        88.21207,
        47.977687
      ],
      [
        88.211882,
        47.977788
      ],
      [
        88.211593,
        47.977802
      ],
      [
        88.211024,
        47.97772
      ],
      [
        88.210777,
        47.977723
      ],
      [
        88.210552,
        47.977813
      ],
      [
        88.210546,
        47.977924
      ],
      [
        88.210632,
        47.978029
      ],
      [
        88.210841,
        47.978057
      ],
      [
        88.211196,
        47.978054
      ],
      [
        88.211593,
        47.978194
      ],
      [
        88.212107,
        47.97842
      ],
      [
        88.212596,
        47.978585
      ],
      [
        88.21354,
        47.978675
      ],
      [
        88.214078,
        47.978731
      ],
      [
        88.214625,
        47.978839
      ],
      [
        88.216792,
        47.979394
      ],
      [
        88.217887,
        47.979739
      ],
      [
        88.218711,
        47.980184
      ],
      [
        88.22091,
        47.980895
      ],
      [
        88.221996,
        47.98101
      ],
      [
        88.222938,
        47.981268
      ],
      [
        88.223981,
        47.981527
      ],
      [
        88.224644,
        47.9818
      ],
      [
        88.226007,
        47.982252
      ],
      [
        88.227593,
        47.982776
      ],
      [
        88.228685,
        47.983033
      ],
      [
        88.230208,
        47.983105
      ],
      [
        88.231086,
        47.982652
      ],
      [
        88.23163,
        47.982741
      ],
      [
        88.232051,
        47.983266
      ],
      [
        88.232424,
        47.983538
      ],
      [
        88.232811,
        47.983481
      ],
      [
        88.233186,
        47.98315
      ],
      [
        88.233682,
        47.98308
      ],
      [
        88.234173,
        47.983014
      ],
      [
        88.234641,
        47.983115
      ],
      [
        88.23568,
        47.982967
      ],
      [
        88.236511,
        47.982899
      ],
      [
        88.237124,
        47.983021
      ],
      [
        88.237758,
        47.983076
      ],
      [
        88.238529,
        47.983118
      ],
      [
        88.238868,
        47.983296
      ],
      [
        88.239094,
        47.983696
      ],
      [
        88.239494,
        47.984016
      ],
      [
        88.239897,
        47.98444
      ],
      [
        88.240329,
        47.984861
      ],
      [
        88.241611,
        47.985459
      ],
      [
        88.242375,
        47.986087
      ],
      [
        88.242941,
        47.986659
      ],
      [
        88.244446,
        47.987326
      ],
      [
        88.246214,
        47.987896
      ],
      [
        88.247894,
        47.988239
      ],
      [
        88.249091,
        47.988791
      ],
      [
        88.250497,
        47.988888
      ],
      [
        88.251725,
        47.989394
      ],
      [
        88.253179,
        47.9898
      ],
      [
        88.254285,
        47.989947
      ],
      [
        88.254949,
        47.990026
      ],
      [
        88.255447,
        47.990237
      ],
      [
        88.256313,
        47.990637
      ],
      [
        88.257043,
        47.990898
      ],
      [
        88.257683,
        47.991102
      ],
      [
        88.25845,
        47.991317
      ],
      [
        88.259182,
        47.991832
      ],
      [
        88.260086,
        47.9921
      ],
      [
        88.260832,
        47.992309
      ],
      [
        88.261003,
        47.992458
      ],
      [
        88.261015,
        47.992666
      ],
      [
        88.260677,
        47.993142
      ],
      [
        88.260748,
        47.993476
      ],
      [
        88.261011,
        47.993957
      ],
      [
        88.261145,
        47.995142
      ],
      [
        88.261338,
        47.995999
      ],
      [
        88.261768,
        47.996527
      ],
      [
        88.262647,
        47.996893
      ],
      [
        88.263667,
        47.997087
      ],
      [
        88.264383,
        47.997468
      ],
      [
        88.264858,
        47.997733
      ],
      [
        88.265522,
        47.997925
      ],
      [
        88.266553,
        47.997938
      ],
      [
        88.26718,
        47.998229
      ],
      [
        88.267513,
        47.998351
      ],
      [
        88.267846,
        47.998301
      ],
      [
        88.268076,
        47.998204
      ],
      [
        88.268737,
        47.997932
      ],
      [
        88.269299,
        47.997827
      ],
      [
        88.269954,
        47.997977
      ],
      [
        88.270201,
        47.998272
      ],
      [
        88.270501,
        47.99881
      ],
      [
        88.270973,
        47.999127
      ],
      [
        88.272711,
        47.999255
      ],
      [
        88.273516,
        47.999363
      ],
      [
        88.273897,
        47.999868
      ],
      [
        88.274267,
        47.999995
      ],
      [
        88.275168,
        47.999988
      ],
      [
        88.276011,
        48.000593
      ],
      [
        88.27658,
        48.001361
      ],
      [
        88.277636,
        48.001761
      ],
      [
        88.278532,
        48.002201
      ],
      [
        88.279395,
        48.00283
      ],
      [
        88.279846,
        48.003103
      ],
      [
        88.280453,
        48.003292
      ],
      [
        88.281644,
        48.003364
      ],
      [
        88.282663,
        48.003515
      ],
      [
        88.283483,
        48.003993
      ],
      [
        88.284412,
        48.004283
      ],
      [
        88.28521,
        48.004388
      ],
      [
        88.286659,
        48.004288
      ],
      [
        88.287695,
        48.004541
      ],
      [
        88.288847,
        48.00446
      ],
      [
        88.289534,
        48.004812
      ],
      [
        88.290216,
        48.004936
      ],
      [
        88.293016,
        48.005324
      ],
      [
        88.293982,
        48.005625
      ],
      [
        88.295419,
        48.00541
      ],
      [
        88.297528,
        48.005478
      ],
      [
        88.298267,
        48.00577
      ],
      [
        88.298519,
        48.005792
      ],
      [
        88.298793,
        48.00569
      ],
      [
        88.299385,
        48.005355
      ],
      [
        88.300014,
        48.005055
      ],
      [
        88.300527,
        48.005077
      ],
      [
        88.301006,
        48.005288
      ],
      [
        88.301579,
        48.00549
      ],
      [
        88.302909,
        48.006012
      ],
      [
        88.30522,
        48.006418
      ],
      [
        88.306212,
        48.006703
      ],
      [
        88.306367,
        48.006549
      ],
      [
        88.306164,
        48.006333
      ],
      [
        88.305772,
        48.006204
      ],
      [
        88.304994,
        48.006036
      ],
      [
        88.304393,
        48.005967
      ],
      [
        88.304324,
        48.005752
      ],
      [
        88.304624,
        48.005598
      ],
      [
        88.306255,
        48.00596
      ],
      [
        88.307951,
        48.005984
      ],
      [
        88.309709,
        48.006089
      ],
      [
        88.309897,
        48.005914
      ],
      [
        88.309693,
        48.005731
      ],
      [
        88.306738,
        48.005199
      ],
      [
        88.304833,
        48.004769
      ],
      [
        88.304586,
        48.004589
      ],
      [
        88.304715,
        48.004424
      ],
      [
        88.305016,
        48.004438
      ],
      [
        88.305327,
        48.004553
      ],
      [
        88.307065,
        48.00484
      ],
      [
        88.307896,
        48.004866
      ],
      [
        88.308928,
        48.004847
      ],
      [
        88.309575,
        48.004883
      ],
      [
        88.313236,
        48.004589
      ],
      [
        88.31374,
        48.004531
      ],
      [
        88.31428,
        48.004887
      ],
      [
        88.314173,
        48.005081
      ],
      [
        88.31406,
        48.005695
      ],
      [
        88.314232,
        48.005924
      ],
      [
        88.314511,
        48.005888
      ],
      [
        88.314532,
        48.00563
      ],
      [
        88.314484,
        48.005207
      ],
      [
        88.31517,
        48.004618
      ],
      [
        88.315315,
        48.004216
      ],
      [
        88.3159,
        48.00395
      ],
      [
        88.316353,
        48.004075
      ],
      [
        88.316592,
        48.004295
      ],
      [
        88.316455,
        48.004416
      ],
      [
        88.316088,
        48.004822
      ],
      [
        88.315087,
        48.005188
      ],
      [
        88.314881,
        48.005476
      ],
      [
        88.315317,
        48.00601
      ],
      [
        88.3159,
        48.006301
      ],
      [
        88.316809,
        48.006347
      ],
      [
        88.317892,
        48.005665
      ],
      [
        88.318684,
        48.005386
      ],
      [
        88.319671,
        48.005314
      ],
      [
        88.320819,
        48.005049
      ],
      [
        88.323804,
        48.004797
      ],
      [
        88.324671,
        48.004797
      ],
      [
        88.325123,
        48.004711
      ],
      [
        88.325293,
        48.004496
      ],
      [
        88.325669,
        48.004209
      ],
      [
        88.326151,
        48.004245
      ],
      [
        88.326677,
        48.004395
      ],
      [
        88.32802,
        48.004101
      ],
      [
        88.330078,
        48.003194
      ],
      [
        88.330577,
        48.003057
      ],
      [
        88.331677,
        48.002627
      ],
      [
        88.331993,
        48.00248
      ],
      [
        88.332304,
        48.002354
      ],
      [
        88.33342,
        48.00202
      ],
      [
        88.334686,
        48.0016
      ],
      [
        88.335212,
        48.001461
      ],
      [
        88.335641,
        48.001399
      ],
      [
        88.337406,
        48.001324
      ],
      [
        88.33813,
        48.001245
      ],
      [
        88.338667,
        48.001159
      ],
      [
        88.339997,
        48.000897
      ],
      [
        88.340759,
        48.000642
      ],
      [
        88.341327,
        48.000549
      ],
      [
        88.34159,
        48.000542
      ],
      [
        88.342143,
        48.000398
      ],
      [
        88.342567,
        48.000179
      ],
      [
        88.342856,
        47.999978
      ],
      [
        88.343012,
        47.999716
      ],
      [
        88.343183,
        47.99948
      ],
      [
        88.343371,
        47.999386
      ],
      [
        88.343607,
        47.999417
      ],
      [
        88.3438,
        47.999584
      ],
      [
        88.343645,
        48.000036
      ],
      [
        88.343328,
        48.00054
      ],
      [
        88.343189,
        48.001118
      ],
      [
        88.343377,
        48.001665
      ],
      [
        88.343725,
        48.002508
      ],
      [
        88.343988,
        48.003255
      ],
      [
        88.343934,
        48.003535
      ],
      [
        88.343586,
        48.004051
      ],
      [
        88.343269,
        48.004486
      ],
      [
        88.343108,
        48.004744
      ],
      [
        88.342888,
        48.005189
      ],
      [
        88.342116,
        48.006144
      ],
      [
        88.342148,
        48.006412
      ],
      [
        88.342695,
        48.007166
      ],
      [
        88.34276,
        48.00797
      ],
      [
        88.342255,
        48.0091
      ],
      [
        88.342491,
        48.00947
      ],
      [
        88.342663,
        48.009613
      ],
      [
        88.343414,
        48.010245
      ],
      [
        88.344208,
        48.011193
      ],
      [
        88.344637,
        48.011874
      ],
      [
        88.344732,
        48.012304
      ],
      [
        88.344396,
        48.012865
      ],
      [
        88.34401,
        48.013058
      ],
      [
        88.343537,
        48.013088
      ],
      [
        88.343039,
        48.012987
      ],
      [
        88.342271,
        48.012722
      ],
      [
        88.3421,
        48.012571
      ],
      [
        88.341365,
        48.012345
      ],
      [
        88.341011,
        48.012298
      ],
      [
        88.340914,
        48.01233
      ],
      [
        88.340845,
        48.012399
      ],
      [
        88.340839,
        48.012478
      ],
      [
        88.341054,
        48.012657
      ],
      [
        88.341461,
        48.012797
      ],
      [
        88.341735,
        48.012919
      ],
      [
        88.341987,
        48.013174
      ],
      [
        88.342143,
        48.013289
      ],
      [
        88.342427,
        48.01354
      ],
      [
        88.342636,
        48.013762
      ],
      [
        88.34284,
        48.013945
      ],
      [
        88.344154,
        48.015018
      ],
      [
        88.34483,
        48.01542
      ],
      [
        88.345496,
        48.016124
      ],
      [
        88.345571,
        48.01626
      ],
      [
        88.34615,
        48.016805
      ],
      [
        88.346504,
        48.017207
      ],
      [
        88.346665,
        48.017322
      ],
      [
        88.346837,
        48.017401
      ],
      [
        88.347427,
        48.017623
      ],
      [
        88.347791,
        48.017832
      ],
      [
        88.348135,
        48.018076
      ],
      [
        88.3485,
        48.018255
      ],
      [
        88.348714,
        48.01832
      ],
      [
        88.349572,
        48.018485
      ],
      [
        88.350463,
        48.018578
      ],
      [
        88.351214,
        48.018886
      ],
      [
        88.351375,
        48.019066
      ],
      [
        88.351353,
        48.019245
      ],
      [
        88.351439,
        48.019389
      ],
      [
        88.35145,
        48.019992
      ],
      [
        88.351343,
        48.020616
      ],
      [
        88.351225,
        48.020925
      ],
      [
        88.351193,
        48.022058
      ],
      [
        88.351278,
        48.022195
      ],
      [
        88.351278,
        48.022345
      ],
      [
        88.351064,
        48.02373
      ],
      [
        88.350506,
        48.02467
      ],
      [
        88.350409,
        48.025036
      ],
      [
        88.350409,
        48.025244
      ],
      [
        88.350989,
        48.025503
      ],
      [
        88.351386,
        48.025625
      ],
      [
        88.351547,
        48.025725
      ],
      [
        88.35175,
        48.025783
      ],
      [
        88.352544,
        48.026091
      ],
      [
        88.35307,
        48.026357
      ],
      [
        88.355334,
        48.029521
      ],
      [
        88.356171,
        48.030188
      ],
      [
        88.35851,
        48.032527
      ],
      [
        88.359389,
        48.033603
      ],
      [
        88.360527,
        48.034206
      ],
      [
        88.361921,
        48.035067
      ],
      [
        88.362501,
        48.035268
      ],
      [
        88.363252,
        48.035311
      ],
      [
        88.363853,
        48.035296
      ],
      [
        88.364947,
        48.035669
      ],
      [
        88.36595,
        48.036492
      ],
      [
        88.366181,
        48.036598
      ],
      [
        88.366883,
        48.036656
      ],
      [
        88.367425,
        48.036598
      ],
      [
        88.367736,
        48.036519
      ],
      [
        88.367849,
        48.036509
      ],
      [
        88.368171,
        48.036494
      ],
      [
        88.368396,
        48.036523
      ],
      [
        88.368584,
        48.036616
      ],
      [
        88.370268,
        48.037728
      ],
      [
        88.371513,
        48.038826
      ],
      [
        88.371727,
        48.039141
      ],
      [
        88.371942,
        48.039744
      ],
      [
        88.372436,
        48.040332
      ],
      [
        88.372479,
        48.040633
      ],
      [
        88.37265,
        48.04092
      ],
      [
        88.372929,
        48.042915
      ],
      [
        88.373015,
        48.04455
      ],
      [
        88.372264,
        48.04653
      ],
      [
        88.370976,
        48.048624
      ],
      [
        88.370719,
        48.050446
      ],
      [
        88.371427,
        48.051823
      ],
      [
        88.372205,
        48.05377
      ],
      [
        88.372779,
        48.055541
      ],
      [
        88.372843,
        48.05718
      ],
      [
        88.372543,
        48.058901
      ],
      [
        88.371212,
        48.061088
      ],
      [
        88.369024,
        48.064056
      ],
      [
        88.368595,
        48.065361
      ],
      [
        88.368638,
        48.066609
      ],
      [
        88.368981,
        48.067598
      ],
      [
        88.370311,
        48.069921
      ],
      [
        88.372114,
        48.072918
      ],
      [
        88.373551,
        48.07567
      ],
      [
        88.375193,
        48.078344
      ],
      [
        88.375847,
        48.078954
      ],
      [
        88.37633,
        48.079269
      ],
      [
        88.378165,
        48.080208
      ],
      [
        88.378916,
        48.080631
      ],
      [
        88.379012,
        48.081054
      ],
      [
        88.378884,
        48.081598
      ],
      [
        88.379238,
        48.082165
      ],
      [
        88.379334,
        48.082373
      ],
      [
        88.379308,
        48.082811
      ],
      [
        88.379366,
        48.083389
      ],
      [
        88.380402,
        48.083985
      ],
      [
        88.382628,
        48.085798
      ],
      [
        88.383518,
        48.086307
      ],
      [
        88.384495,
        48.087547
      ],
      [
        88.385825,
        48.08883
      ],
      [
        88.385739,
        48.090077
      ],
      [
        88.385031,
        48.092471
      ],
      [
        88.383678,
        48.095038
      ],
      [
        88.383862,
        48.095452
      ],
      [
        88.384115,
        48.095587
      ],
      [
        88.384357,
        48.095689
      ],
      [
        88.384967,
        48.09586
      ],
      [
        88.385407,
        48.095953
      ],
      [
        88.385836,
        48.095996
      ],
      [
        88.386287,
        48.095975
      ],
      [
        88.38692,
        48.09586
      ],
      [
        88.387295,
        48.095731
      ],
      [
        88.387885,
        48.095423
      ],
      [
        88.388432,
        48.095186
      ],
      [
        88.388722,
        48.094957
      ],
      [
        88.38884,
        48.094828
      ],
      [
        88.388894,
        48.094692
      ],
      [
        88.389055,
        48.094592
      ],
      [
        88.389347,
        48.09402
      ],
      [
        88.389934,
        48.093116
      ],
      [
        88.391061,
        48.092585
      ],
      [
        88.392391,
        48.091783
      ],
      [
        88.392917,
        48.091517
      ],
      [
        88.393539,
        48.091345
      ],
      [
        88.398668,
        48.089618
      ],
      [
        88.404021,
        48.088687
      ],
      [
        88.408227,
        48.088257
      ],
      [
        88.412132,
        48.087655
      ],
      [
        88.412991,
        48.087741
      ],
      [
        88.413656,
        48.087576
      ],
      [
        88.414584,
        48.087185
      ],
      [
        88.416038,
        48.086752
      ],
      [
        88.416858,
        48.086626
      ],
      [
        88.416939,
        48.086859
      ],
      [
        88.416048,
        48.087268
      ],
      [
        88.415072,
        48.087852
      ],
      [
        88.413709,
        48.088597
      ],
      [
        88.412781,
        48.089196
      ],
      [
        88.408603,
        48.090149
      ],
      [
        88.403453,
        48.091732
      ],
      [
        88.401983,
        48.092779
      ],
      [
        88.401613,
        48.093495
      ],
      [
        88.401564,
        48.09409
      ],
      [
        88.40179,
        48.095072
      ],
      [
        88.401924,
        48.095283
      ],
      [
        88.402187,
        48.095298
      ],
      [
        88.402337,
        48.095136
      ],
      [
        88.402358,
        48.094893
      ],
      [
        88.402391,
        48.094542
      ],
      [
        88.402557,
        48.094219
      ],
      [
        88.402889,
        48.09376
      ],
      [
        88.403238,
        48.093373
      ],
      [
        88.403469,
        48.09304
      ],
      [
        88.403726,
        48.092768
      ],
      [
        88.403935,
        48.0926
      ],
      [
        88.404236,
        48.092607
      ],
      [
        88.404359,
        48.092804
      ],
      [
        88.404145,
        48.093105
      ],
      [
        88.403957,
        48.093413
      ],
      [
        88.403828,
        48.093746
      ],
      [
        88.403968,
        48.09409
      ],
      [
        88.403989,
        48.094269
      ],
      [
        88.404064,
        48.094556
      ],
      [
        88.404263,
        48.094875
      ],
      [
        88.404493,
        48.094954
      ],
      [
        88.404729,
        48.094928
      ],
      [
        88.404772,
        48.094721
      ],
      [
        88.404858,
        48.094344
      ],
      [
        88.404799,
        48.093789
      ],
      [
        88.404805,
        48.093567
      ],
      [
        88.404826,
        48.093416
      ],
      [
        88.404901,
        48.09328
      ],
      [
        88.405024,
        48.093044
      ],
      [
        88.405277,
        48.092865
      ],
      [
        88.405448,
        48.092732
      ],
      [
        88.405738,
        48.09266
      ],
      [
        88.405851,
        48.092786
      ],
      [
        88.405818,
        48.092983
      ],
      [
        88.405556,
        48.093255
      ],
      [
        88.405502,
        48.09347
      ],
      [
        88.405695,
        48.093882
      ],
      [
        88.405979,
        48.09419
      ],
      [
        88.406682,
        48.095057
      ],
      [
        88.407733,
        48.097071
      ],
      [
        88.408195,
        48.100274
      ],
      [
        88.408442,
        48.102359
      ],
      [
        88.409536,
        48.103036
      ],
      [
        88.410839,
        48.103695
      ],
      [
        88.411521,
        48.104365
      ],
      [
        88.411698,
        48.104884
      ],
      [
        88.412089,
        48.105758
      ],
      [
        88.411886,
        48.106589
      ],
      [
        88.411483,
        48.107474
      ],
      [
        88.411308,
        48.107637
      ],
      [
        88.410909,
        48.107872
      ],
      [
        88.409571,
        48.108459
      ],
      [
        88.406907,
        48.109759
      ],
      [
        88.405073,
        48.110139
      ],
      [
        88.403099,
        48.109967
      ],
      [
        88.399322,
        48.110784
      ],
      [
        88.398963,
        48.111282
      ],
      [
        88.399113,
        48.111783
      ],
      [
        88.399639,
        48.11232
      ],
      [
        88.399853,
        48.112872
      ],
      [
        88.399542,
        48.113825
      ],
      [
        88.39959,
        48.11506
      ],
      [
        88.399156,
        48.115626
      ],
      [
        88.398244,
        48.116357
      ],
      [
        88.39752,
        48.11659
      ],
      [
        88.39708,
        48.117177
      ],
      [
        88.396983,
        48.117675
      ],
      [
        88.397166,
        48.118452
      ],
      [
        88.397262,
        48.118685
      ],
      [
        88.397579,
        48.118993
      ],
      [
        88.397825,
        48.119157
      ],
      [
        88.398051,
        48.119419
      ],
      [
        88.398088,
        48.119512
      ],
      [
        88.398078,
        48.119909
      ],
      [
        88.39812,
        48.120131
      ],
      [
        88.398442,
        48.120687
      ],
      [
        88.39848,
        48.120841
      ],
      [
        88.398346,
        48.120959
      ],
      [
        88.398072,
        48.121095
      ],
      [
        88.397766,
        48.121188
      ],
      [
        88.397648,
        48.121195
      ],
      [
        88.397015,
        48.120773
      ],
      [
        88.396812,
        48.120719
      ],
      [
        88.396694,
        48.120726
      ],
      [
        88.396597,
        48.120773
      ],
      [
        88.396441,
        48.121055
      ],
      [
        88.396468,
        48.121288
      ],
      [
        88.396972,
        48.121858
      ],
      [
        88.396924,
        48.12204
      ],
      [
        88.396715,
        48.12208
      ],
      [
        88.396474,
        48.122083
      ],
      [
        88.396227,
        48.122012
      ],
      [
        88.3959,
        48.121961
      ],
      [
        88.395245,
        48.121951
      ],
      [
        88.395122,
        48.121969
      ],
      [
        88.394108,
        48.122309
      ],
      [
        88.393362,
        48.122205
      ],
      [
        88.392912,
        48.122187
      ],
      [
        88.392617,
        48.122298
      ],
      [
        88.392134,
        48.122635
      ],
      [
        88.391699,
        48.122699
      ],
      [
        88.391372,
        48.122631
      ],
      [
        88.390862,
        48.122448
      ],
      [
        88.390374,
        48.122105
      ],
      [
        88.389682,
        48.121868
      ],
      [
        88.388926,
        48.121822
      ],
      [
        88.388041,
        48.12156
      ],
      [
        88.387536,
        48.121385
      ],
      [
        88.386721,
        48.121313
      ],
      [
        88.386657,
        48.121453
      ],
      [
        88.386694,
        48.1216
      ],
      [
        88.387349,
        48.122155
      ],
      [
        88.387944,
        48.122509
      ],
      [
        88.388164,
        48.122688
      ],
      [
        88.388148,
        48.122764
      ],
      [
        88.388078,
        48.122821
      ],
      [
        88.387966,
        48.122842
      ],
      [
        88.387735,
        48.122803
      ],
      [
        88.386587,
        48.122334
      ],
      [
        88.385219,
        48.121933
      ],
      [
        88.383996,
        48.121865
      ],
      [
        88.38339,
        48.122019
      ],
      [
        88.382987,
        48.12242
      ],
      [
        88.382971,
        48.122892
      ],
      [
        88.383529,
        48.123387
      ],
      [
        88.383771,
        48.123841
      ],
      [
        88.38369,
        48.124411
      ],
      [
        88.384087,
        48.124686
      ],
      [
        88.384194,
        48.12484
      ],
      [
        88.384264,
        48.12507
      ],
      [
        88.384409,
        48.12527
      ],
      [
        88.384447,
        48.125804
      ],
      [
        88.384184,
        48.126917
      ],
      [
        88.383647,
        48.127218
      ],
      [
        88.38266,
        48.12788
      ],
      [
        88.382553,
        48.127916
      ],
      [
        88.382226,
        48.127984
      ],
      [
        88.382108,
        48.127984
      ],
      [
        88.381877,
        48.127934
      ],
      [
        88.380557,
        48.127483
      ],
      [
        88.380016,
        48.127383
      ],
      [
        88.379425,
        48.127386
      ],
      [
        88.379082,
        48.127422
      ],
      [
        88.377162,
        48.128435
      ],
      [
        88.376427,
        48.128597
      ],
      [
        88.374335,
        48.128611
      ],
      [
        88.372859,
        48.128503
      ],
      [
        88.371642,
        48.128679
      ],
      [
        88.37059,
        48.128901
      ],
      [
        88.369491,
        48.128632
      ],
      [
        88.36919,
        48.128529
      ],
      [
        88.369158,
        48.128457
      ],
      [
        88.369185,
        48.128167
      ],
      [
        88.369276,
        48.128031
      ],
      [
        88.369609,
        48.127838
      ],
      [
        88.370306,
        48.127684
      ],
      [
        88.370397,
        48.127641
      ],
      [
        88.370483,
        48.127419
      ],
      [
        88.370462,
        48.127275
      ],
      [
        88.370338,
        48.127243
      ],
      [
        88.369995,
        48.127229
      ],
      [
        88.365553,
        48.127447
      ],
      [
        88.361181,
        48.127508
      ],
      [
        88.358493,
        48.127021
      ],
      [
        88.358198,
        48.126899
      ],
      [
        88.357099,
        48.126695
      ],
      [
        88.357024,
        48.126613
      ],
      [
        88.35704,
        48.126463
      ],
      [
        88.357227,
        48.126384
      ],
      [
        88.359464,
        48.12618
      ],
      [
        88.359545,
        48.126036
      ],
      [
        88.359513,
        48.125965
      ],
      [
        88.359405,
        48.125922
      ],
      [
        88.359057,
        48.125879
      ],
      [
        88.3566,
        48.125768
      ],
      [
        88.355699,
        48.125857
      ],
      [
        88.352292,
        48.125267
      ],
      [
        88.349261,
        48.125059
      ],
      [
        88.346466,
        48.125059
      ],
      [
        88.346279,
        48.125098
      ],
      [
        88.346086,
        48.125209
      ],
      [
        88.346027,
        48.125438
      ],
      [
        88.346123,
        48.125714
      ],
      [
        88.346198,
        48.126094
      ],
      [
        88.346188,
        48.126248
      ],
      [
        88.345951,
        48.126309
      ],
      [
        88.345576,
        48.126104
      ],
      [
        88.345281,
        48.125703
      ],
      [
        88.345082,
        48.125327
      ],
      [
        88.344981,
        48.124916
      ],
      [
        88.34519,
        48.124618
      ],
      [
        88.345479,
        48.124432
      ],
      [
        88.345678,
        48.124232
      ],
      [
        88.34564,
        48.124035
      ],
      [
        88.345404,
        48.123999
      ],
      [
        88.345168,
        48.124003
      ],
      [
        88.34483,
        48.124063
      ],
      [
        88.344637,
        48.124149
      ],
      [
        88.34439,
        48.124336
      ],
      [
        88.344117,
        48.124654
      ],
      [
        88.343977,
        48.124951
      ],
      [
        88.343886,
        48.125349
      ],
      [
        88.343677,
        48.125413
      ],
      [
        88.343468,
        48.125274
      ],
      [
        88.343457,
        48.125027
      ],
      [
        88.3435,
        48.124579
      ],
      [
        88.343672,
        48.124235
      ],
      [
        88.344321,
        48.12349
      ],
      [
        88.344712,
        48.123168
      ],
      [
        88.344938,
        48.122896
      ],
      [
        88.34483,
        48.122756
      ],
      [
        88.344621,
        48.122753
      ],
      [
        88.344503,
        48.122907
      ],
      [
        88.344353,
        48.123079
      ],
      [
        88.344267,
        48.123215
      ],
      [
        88.343639,
        48.123591
      ],
      [
        88.343318,
        48.123823
      ],
      [
        88.342534,
        48.124486
      ],
      [
        88.342212,
        48.125213
      ],
      [
        88.342164,
        48.125814
      ],
      [
        88.34203,
        48.12594
      ],
      [
        88.341837,
        48.125972
      ],
      [
        88.341601,
        48.125804
      ],
      [
        88.341563,
        48.125431
      ],
      [
        88.34166,
        48.125059
      ],
      [
        88.341928,
        48.124729
      ],
      [
        88.342009,
        48.124507
      ],
      [
        88.341864,
        48.124361
      ],
      [
        88.341692,
        48.124371
      ],
      [
        88.341526,
        48.124475
      ],
      [
        88.341402,
        48.124554
      ],
      [
        88.340952,
        48.125206
      ],
      [
        88.340018,
        48.127207
      ],
      [
        88.340002,
        48.127834
      ],
      [
        88.34012,
        48.128464
      ],
      [
        88.340158,
        48.128965
      ],
      [
        88.339965,
        48.129162
      ],
      [
        88.339664,
        48.12922
      ],
      [
        88.339423,
        48.129169
      ],
      [
        88.339278,
        48.128969
      ],
      [
        88.339343,
        48.12836
      ],
      [
        88.339391,
        48.127927
      ],
      [
        88.339203,
        48.127766
      ],
      [
        88.338962,
        48.127709
      ],
      [
        88.338742,
        48.127723
      ],
      [
        88.338506,
        48.127834
      ],
      [
        88.338404,
        48.128095
      ],
      [
        88.33828,
        48.128668
      ],
      [
        88.337953,
        48.129366
      ],
      [
        88.336966,
        48.130197
      ],
      [
        88.33677,
        48.130675
      ],
      [
        88.336827,
        48.131282
      ],
      [
        88.336902,
        48.132213
      ],
      [
        88.336738,
        48.132369
      ],
      [
        88.336397,
        48.132456
      ],
      [
        88.336127,
        48.132619
      ],
      [
        88.3361,
        48.132752
      ],
      [
        88.336255,
        48.132855
      ],
      [
        88.336623,
        48.132864
      ],
      [
        88.33703,
        48.132607
      ],
      [
        88.337331,
        48.132141
      ],
      [
        88.337299,
        48.13154
      ],
      [
        88.337411,
        48.131321
      ],
      [
        88.33776,
        48.131232
      ],
      [
        88.337953,
        48.131404
      ],
      [
        88.337814,
        48.131683
      ],
      [
        88.337556,
        48.13212
      ],
      [
        88.337631,
        48.132872
      ],
      [
        88.337426,
        48.133207
      ],
      [
        88.336652,
        48.133597
      ],
      [
        88.335952,
        48.133833
      ],
      [
        88.335789,
        48.134151
      ],
      [
        88.336209,
        48.134506
      ],
      [
        88.336975,
        48.134754
      ],
      [
        88.3381,
        48.135176
      ],
      [
        88.338864,
        48.135757
      ],
      [
        88.340688,
        48.138262
      ],
      [
        88.340854,
        48.138482
      ],
      [
        88.342127,
        48.140837
      ],
      [
        88.343259,
        48.142759
      ],
      [
        88.34336,
        48.142781
      ],
      [
        88.34358,
        48.142759
      ],
      [
        88.343623,
        48.142548
      ],
      [
        88.343516,
        48.142326
      ],
      [
        88.343291,
        48.14199
      ],
      [
        88.343232,
        48.141693
      ],
      [
        88.34343,
        48.141625
      ],
      [
        88.343543,
        48.141625
      ],
      [
        88.34365,
        48.141639
      ],
      [
        88.343725,
        48.1417
      ],
      [
        88.343768,
        48.141922
      ],
      [
        88.344358,
        48.142927
      ],
      [
        88.344997,
        48.143844
      ],
      [
        88.345608,
        48.144424
      ],
      [
        88.34571,
        48.144792
      ],
      [
        88.345576,
        48.145226
      ],
      [
        88.343843,
        48.1465
      ],
      [
        88.342744,
        48.147037
      ],
      [
        88.342722,
        48.147187
      ],
      [
        88.342808,
        48.147233
      ],
      [
        88.343124,
        48.147241
      ],
      [
        88.343543,
        48.147133
      ],
      [
        88.343972,
        48.147065
      ],
      [
        88.345496,
        48.146729
      ],
      [
        88.345946,
        48.146514
      ],
      [
        88.346209,
        48.145881
      ],
      [
        88.346499,
        48.145601
      ],
      [
        88.346922,
        48.145591
      ],
      [
        88.34747,
        48.145684
      ],
      [
        88.347802,
        48.145816
      ],
      [
        88.347824,
        48.146188
      ],
      [
        88.347743,
        48.146496
      ],
      [
        88.346016,
        48.14796
      ],
      [
        88.345603,
        48.148261
      ],
      [
        88.345447,
        48.14893
      ],
      [
        88.344981,
        48.149764
      ],
      [
        88.344342,
        48.150487
      ],
      [
        88.344256,
        48.151142
      ],
      [
        88.344128,
        48.151511
      ],
      [
        88.344079,
        48.152409
      ],
      [
        88.344208,
        48.152756
      ],
      [
        88.344946,
        48.154409
      ],
      [
        88.345058,
        48.15468
      ],
      [
        88.345102,
        48.154807
      ],
      [
        88.345061,
        48.154857
      ],
      [
        88.344074,
        48.155014
      ],
      [
        88.340228,
        48.155701
      ],
      [
        88.339176,
        48.155801
      ],
      [
        88.337588,
        48.155669
      ],
      [
        88.334515,
        48.155705
      ],
      [
        88.331966,
        48.156506
      ],
      [
        88.331076,
        48.156617
      ],
      [
        88.329488,
        48.157104
      ],
      [
        88.328651,
        48.15729
      ],
      [
        88.327283,
        48.157304
      ],
      [
        88.326774,
        48.157362
      ],
      [
        88.325583,
        48.157784
      ],
      [
        88.324022,
        48.158518
      ],
      [
        88.323747,
        48.158592
      ],
      [
        88.320517,
        48.159422
      ],
      [
        88.318479,
        48.161211
      ],
      [
        88.31819,
        48.162847
      ],
      [
        88.318014,
        48.163531
      ],
      [
        88.318068,
        48.164352
      ],
      [
        88.31748,
        48.165115
      ],
      [
        88.316376,
        48.165704
      ],
      [
        88.315786,
        48.167206
      ],
      [
        88.315418,
        48.167604
      ],
      [
        88.314832,
        48.16804
      ],
      [
        88.314498,
        48.168426
      ],
      [
        88.314436,
        48.168639
      ],
      [
        88.314504,
        48.168706
      ],
      [
        88.314605,
        48.169385
      ],
      [
        88.314533,
        48.169721
      ],
      [
        88.313994,
        48.170312
      ],
      [
        88.313627,
        48.170596
      ],
      [
        88.31351,
        48.170892
      ],
      [
        88.312355,
        48.1725
      ],
      [
        88.312039,
        48.172689
      ],
      [
        88.310762,
        48.173182
      ],
      [
        88.310421,
        48.173406
      ],
      [
        88.309896,
        48.173943
      ],
      [
        88.309751,
        48.174193
      ],
      [
        88.309747,
        48.174323
      ],
      [
        88.309897,
        48.174951
      ],
      [
        88.309807,
        48.175033
      ],
      [
        88.309626,
        48.17505
      ],
      [
        88.309426,
        48.174982
      ],
      [
        88.30924,
        48.174864
      ],
      [
        88.307968,
        48.173615
      ],
      [
        88.307556,
        48.173447
      ],
      [
        88.307122,
        48.173382
      ],
      [
        88.306685,
        48.173438
      ],
      [
        88.306103,
        48.173729
      ],
      [
        88.305161,
        48.174112
      ],
      [
        88.304515,
        48.174648
      ],
      [
        88.303789,
        48.175319
      ],
      [
        88.30374,
        48.17564
      ],
      [
        88.303803,
        48.175802
      ],
      [
        88.303908,
        48.175981
      ],
      [
        88.305109,
        48.177361
      ],
      [
        88.305669,
        48.178123
      ],
      [
        88.306365,
        48.178717
      ],
      [
        88.307054,
        48.179188
      ],
      [
        88.310154,
        48.181562
      ],
      [
        88.310498,
        48.181742
      ],
      [
        88.311709,
        48.182079
      ],
      [
        88.312548,
        48.182226
      ],
      [
        88.313427,
        48.182247
      ],
      [
        88.313682,
        48.182307
      ],
      [
        88.313923,
        48.182475
      ],
      [
        88.314026,
        48.182715
      ],
      [
        88.314136,
        48.183492
      ],
      [
        88.314135,
        48.184113
      ],
      [
        88.314272,
        48.185166
      ],
      [
        88.314253,
        48.185324
      ],
      [
        88.313955,
        48.185919
      ],
      [
        88.313896,
        48.186562
      ],
      [
        88.314359,
        48.187855
      ],
      [
        88.314815,
        48.188289
      ],
      [
        88.315014,
        48.188635
      ],
      [
        88.31517,
        48.189187
      ],
      [
        88.315195,
        48.189785
      ],
      [
        88.313718,
        48.192348
      ],
      [
        88.313601,
        48.19266
      ],
      [
        88.31365,
        48.192979
      ],
      [
        88.314154,
        48.193639
      ],
      [
        88.314148,
        48.193907
      ],
      [
        88.313586,
        48.194174
      ],
      [
        88.312397,
        48.194347
      ],
      [
        88.312079,
        48.194484
      ],
      [
        88.311633,
        48.194946
      ],
      [
        88.311285,
        48.195537
      ],
      [
        88.309935,
        48.19642
      ],
      [
        88.308302,
        48.197949
      ],
      [
        88.307415,
        48.198483
      ],
      [
        88.306728,
        48.199028
      ],
      [
        88.30566,
        48.200224
      ],
      [
        88.305587,
        48.200811
      ],
      [
        88.305499,
        48.200977
      ],
      [
        88.305324,
        48.201117
      ],
      [
        88.305083,
        48.201218
      ],
      [
        88.304542,
        48.201372
      ],
      [
        88.304367,
        48.20153
      ],
      [
        88.304058,
        48.202578
      ],
      [
        88.303783,
        48.20289
      ],
      [
        88.303185,
        48.203362
      ],
      [
        88.302871,
        48.203709
      ],
      [
        88.302836,
        48.2039
      ],
      [
        88.302985,
        48.204459
      ],
      [
        88.302828,
        48.204824
      ],
      [
        88.302399,
        48.205108
      ],
      [
        88.3019,
        48.205302
      ],
      [
        88.301741,
        48.205444
      ],
      [
        88.301623,
        48.206069
      ],
      [
        88.30152,
        48.206268
      ],
      [
        88.301026,
        48.20679
      ],
      [
        88.300552,
        48.207522
      ],
      [
        88.29979,
        48.208109
      ],
      [
        88.29935,
        48.208675
      ],
      [
        88.29854,
        48.209425
      ],
      [
        88.298222,
        48.209857
      ],
      [
        88.29746,
        48.21109
      ],
      [
        88.2971,
        48.211794
      ],
      [
        88.296863,
        48.212472
      ],
      [
        88.296599,
        48.213892
      ],
      [
        88.296698,
        48.217591
      ],
      [
        88.296979,
        48.217955
      ],
      [
        88.297212,
        48.218082
      ],
      [
        88.29749,
        48.218143
      ],
      [
        88.298415,
        48.218188
      ],
      [
        88.298553,
        48.218232
      ],
      [
        88.298625,
        48.218325
      ],
      [
        88.298887,
        48.219221
      ],
      [
        88.298845,
        48.219374
      ],
      [
        88.298284,
        48.220209
      ],
      [
        88.298249,
        48.220515
      ],
      [
        88.298446,
        48.220752
      ],
      [
        88.299243,
        48.221121
      ],
      [
        88.299595,
        48.221464
      ],
      [
        88.299961,
        48.222116
      ],
      [
        88.300394,
        48.22336
      ],
      [
        88.300406,
        48.223765
      ],
      [
        88.300247,
        48.224268
      ],
      [
        88.300039,
        48.224506
      ],
      [
        88.299504,
        48.224896
      ],
      [
        88.299057,
        48.225508
      ],
      [
        88.298409,
        48.226351
      ],
      [
        88.298349,
        48.226564
      ],
      [
        88.298364,
        48.226672
      ],
      [
        88.298503,
        48.226916
      ],
      [
        88.298737,
        48.227038
      ],
      [
        88.299849,
        48.22701
      ],
      [
        88.300757,
        48.227017
      ],
      [
        88.301968,
        48.227441
      ],
      [
        88.304836,
        48.228452
      ],
      [
        88.306958,
        48.229444
      ],
      [
        88.307355,
        48.229722
      ],
      [
        88.308118,
        48.230582
      ],
      [
        88.30862,
        48.230824
      ],
      [
        88.309344,
        48.231186
      ],
      [
        88.30984,
        48.231571
      ],
      [
        88.311357,
        48.232976
      ],
      [
        88.312683,
        48.234434
      ],
      [
        88.313469,
        48.235086
      ],
      [
        88.316646,
        48.237109
      ],
      [
        88.318186,
        48.238292
      ],
      [
        88.319405,
        48.23934
      ],
      [
        88.321164,
        48.240448
      ],
      [
        88.325179,
        48.242512
      ],
      [
        88.325545,
        48.242594
      ],
      [
        88.325792,
        48.242556
      ],
      [
        88.325998,
        48.242552
      ],
      [
        88.326832,
        48.242657
      ],
      [
        88.329525,
        48.243733
      ],
      [
        88.330876,
        48.24409
      ],
      [
        88.331805,
        48.244423
      ],
      [
        88.333082,
        48.245011
      ],
      [
        88.334091,
        48.245252
      ],
      [
        88.334549,
        48.245419
      ],
      [
        88.3348,
        48.245698
      ],
      [
        88.335423,
        48.246176
      ],
      [
        88.336521,
        48.246876
      ],
      [
        88.337629,
        48.247343
      ],
      [
        88.338447,
        48.24778
      ],
      [
        88.339415,
        48.248452
      ],
      [
        88.340032,
        48.248696
      ],
      [
        88.340247,
        48.248904
      ],
      [
        88.340847,
        48.24926
      ],
      [
        88.342027,
        48.250361
      ],
      [
        88.342117,
        48.250618
      ],
      [
        88.342058,
        48.250916
      ],
      [
        88.342126,
        48.251131
      ],
      [
        88.34277,
        48.251972
      ],
      [
        88.343005,
        48.252576
      ],
      [
        88.343626,
        48.253745
      ],
      [
        88.343683,
        48.254118
      ],
      [
        88.343661,
        48.254735
      ],
      [
        88.343731,
        48.254945
      ],
      [
        88.344132,
        48.255566
      ],
      [
        88.344755,
        48.257054
      ],
      [
        88.345409,
        48.258207
      ],
      [
        88.345419,
        48.258394
      ],
      [
        88.345302,
        48.258777
      ],
      [
        88.344814,
        48.25975
      ],
      [
        88.342731,
        48.261881
      ],
      [
        88.342082,
        48.262332
      ],
      [
        88.34107,
        48.262903
      ],
      [
        88.340409,
        48.263455
      ],
      [
        88.339894,
        48.263541
      ],
      [
        88.339253,
        48.263533
      ],
      [
        88.338819,
        48.263592
      ],
      [
        88.337791,
        48.264586
      ],
      [
        88.336339,
        48.265742
      ],
      [
        88.33534,
        48.266305
      ],
      [
        88.333898,
        48.266921
      ],
      [
        88.333431,
        48.267165
      ],
      [
        88.332369,
        48.268208
      ],
      [
        88.330522,
        48.269847
      ],
      [
        88.328709,
        48.271741
      ],
      [
        88.328456,
        48.271856
      ],
      [
        88.327522,
        48.272084
      ],
      [
        88.326461,
        48.272066
      ],
      [
        88.325494,
        48.271952
      ],
      [
        88.324992,
        48.271826
      ],
      [
        88.323839,
        48.271196
      ],
      [
        88.323404,
        48.27103
      ],
      [
        88.323013,
        48.271071
      ],
      [
        88.322843,
        48.271169
      ],
      [
        88.322773,
        48.27133
      ],
      [
        88.322808,
        48.271508
      ],
      [
        88.322936,
        48.271691
      ],
      [
        88.323492,
        48.272279
      ],
      [
        88.324902,
        48.2736
      ],
      [
        88.324982,
        48.273899
      ],
      [
        88.324838,
        48.274537
      ],
      [
        88.324749,
        48.274648
      ],
      [
        88.324565,
        48.274687
      ],
      [
        88.324388,
        48.274639
      ],
      [
        88.324317,
        48.27451
      ],
      [
        88.324381,
        48.273982
      ],
      [
        88.32435,
        48.273828
      ],
      [
        88.324219,
        48.273706
      ],
      [
        88.324001,
        48.273626
      ],
      [
        88.322982,
        48.273475
      ],
      [
        88.322491,
        48.273282
      ],
      [
        88.32234,
        48.273326
      ],
      [
        88.322299,
        48.273439
      ],
      [
        88.322381,
        48.273544
      ],
      [
        88.323139,
        48.273949
      ],
      [
        88.323288,
        48.274164
      ],
      [
        88.322999,
        48.274659
      ],
      [
        88.322696,
        48.274831
      ],
      [
        88.322545,
        48.274829
      ],
      [
        88.322416,
        48.274768
      ],
      [
        88.322315,
        48.274627
      ],
      [
        88.322124,
        48.274093
      ],
      [
        88.321995,
        48.273963
      ],
      [
        88.321243,
        48.273583
      ],
      [
        88.321071,
        48.27357
      ],
      [
        88.320947,
        48.273627
      ],
      [
        88.320922,
        48.273748
      ],
      [
        88.321004,
        48.273876
      ],
      [
        88.321433,
        48.274294
      ],
      [
        88.321593,
        48.274621
      ],
      [
        88.321575,
        48.274767
      ],
      [
        88.321173,
        48.275349
      ],
      [
        88.321331,
        48.275947
      ],
      [
        88.320901,
        48.276845
      ],
      [
        88.32078,
        48.277391
      ],
      [
        88.320571,
        48.277698
      ],
      [
        88.319204,
        48.279078
      ],
      [
        88.318618,
        48.280202
      ],
      [
        88.31742,
        48.281385
      ],
      [
        88.317004,
        48.281915
      ],
      [
        88.316411,
        48.283071
      ],
      [
        88.316005,
        48.284125
      ],
      [
        88.315648,
        48.285613
      ],
      [
        88.315496,
        48.286969
      ],
      [
        88.315368,
        48.287167
      ],
      [
        88.314793,
        48.28763
      ],
      [
        88.314545,
        48.2879
      ],
      [
        88.314529,
        48.288061
      ],
      [
        88.314628,
        48.288231
      ],
      [
        88.315211,
        48.28865
      ],
      [
        88.315455,
        48.288936
      ],
      [
        88.316252,
        48.290444
      ],
      [
        88.317783,
        48.292386
      ],
      [
        88.317832,
        48.29251
      ],
      [
        88.317777,
        48.292615
      ],
      [
        88.317629,
        48.292665
      ],
      [
        88.317457,
        48.292632
      ],
      [
        88.316485,
        48.291973
      ],
      [
        88.315374,
        48.291529
      ],
      [
        88.314869,
        48.291451
      ],
      [
        88.314399,
        48.291574
      ],
      [
        88.3125,
        48.293195
      ],
      [
        88.310558,
        48.293916
      ],
      [
        88.309807,
        48.294402
      ],
      [
        88.308353,
        48.295577
      ],
      [
        88.306563,
        48.297573
      ],
      [
        88.306173,
        48.297871
      ],
      [
        88.305472,
        48.298207
      ],
      [
        88.304067,
        48.298585
      ],
      [
        88.303647,
        48.298764
      ],
      [
        88.303257,
        48.298998
      ],
      [
        88.302896,
        48.299516
      ],
      [
        88.300962,
        48.301143
      ],
      [
        88.300122,
        48.302101
      ],
      [
        88.298782,
        48.303361
      ],
      [
        88.296011,
        48.305175
      ],
      [
        88.295125,
        48.30589
      ],
      [
        88.294817,
        48.306223
      ],
      [
        88.294739,
        48.306518
      ],
      [
        88.294851,
        48.307689
      ],
      [
        88.295252,
        48.308459
      ],
      [
        88.295307,
        48.308669
      ],
      [
        88.295171,
        48.309405
      ],
      [
        88.294709,
        48.310645
      ],
      [
        88.29452,
        48.311859
      ],
      [
        88.294586,
        48.312582
      ],
      [
        88.294971,
        48.313978
      ],
      [
        88.296072,
        48.316588
      ],
      [
        88.296493,
        48.317775
      ],
      [
        88.296906,
        48.318455
      ],
      [
        88.29813,
        48.319911
      ],
      [
        88.299059,
        48.320896
      ],
      [
        88.299963,
        48.321468
      ],
      [
        88.301185,
        48.322007
      ],
      [
        88.301708,
        48.322417
      ],
      [
        88.301906,
        48.323172
      ],
      [
        88.302296,
        48.323697
      ],
      [
        88.30287,
        48.324143
      ],
      [
        88.304157,
        48.324806
      ],
      [
        88.305541,
        48.325577
      ],
      [
        88.306689,
        48.326376
      ],
      [
        88.308899,
        48.328263
      ],
      [
        88.309967,
        48.329147
      ],
      [
        88.311222,
        48.329825
      ],
      [
        88.311732,
        48.330106
      ],
      [
        88.312172,
        48.330513
      ],
      [
        88.312386,
        48.330955
      ],
      [
        88.312472,
        48.331447
      ],
      [
        88.312826,
        48.333402
      ],
      [
        88.313722,
        48.338779
      ],
      [
        88.314157,
        48.339287
      ],
      [
        88.314519,
        48.339484
      ],
      [
        88.314906,
        48.339608
      ],
      [
        88.316208,
        48.339677
      ],
      [
        88.317649,
        48.339936
      ],
      [
        88.318619,
        48.339963
      ],
      [
        88.318925,
        48.340011
      ],
      [
        88.319157,
        48.340122
      ],
      [
        88.319272,
        48.340291
      ],
      [
        88.31924,
        48.340482
      ],
      [
        88.319107,
        48.340641
      ],
      [
        88.318968,
        48.340751
      ],
      [
        88.318518,
        48.340902
      ],
      [
        88.318172,
        48.341103
      ],
      [
        88.317875,
        48.341342
      ],
      [
        88.317157,
        48.342157
      ],
      [
        88.31598,
        48.342914
      ],
      [
        88.31563,
        48.343284
      ],
      [
        88.315361,
        48.343737
      ],
      [
        88.31492,
        48.34402
      ],
      [
        88.314126,
        48.344797
      ],
      [
        88.313214,
        48.345333
      ],
      [
        88.311851,
        48.345927
      ],
      [
        88.311694,
        48.346039
      ],
      [
        88.311342,
        48.346429
      ],
      [
        88.3112,
        48.34689
      ],
      [
        88.310896,
        48.347282
      ],
      [
        88.309693,
        48.348441
      ],
      [
        88.308835,
        48.349125
      ],
      [
        88.308603,
        48.349392
      ],
      [
        88.308098,
        48.349798
      ],
      [
        88.307606,
        48.350409
      ],
      [
        88.306727,
        48.35111
      ],
      [
        88.306292,
        48.351347
      ],
      [
        88.305851,
        48.351515
      ],
      [
        88.305294,
        48.351585
      ],
      [
        88.30429,
        48.351391
      ],
      [
        88.303803,
        48.3514
      ],
      [
        88.302992,
        48.351606
      ],
      [
        88.302023,
        48.352086
      ],
      [
        88.301567,
        48.352147
      ],
      [
        88.30139,
        48.352129
      ],
      [
        88.300549,
        48.35182
      ],
      [
        88.298413,
        48.351657
      ],
      [
        88.29663,
        48.351387
      ],
      [
        88.296216,
        48.351469
      ],
      [
        88.295334,
        48.35175
      ],
      [
        88.294364,
        48.35222
      ],
      [
        88.293749,
        48.352446
      ],
      [
        88.29283,
        48.352648
      ],
      [
        88.292123,
        48.352688
      ],
      [
        88.291772,
        48.3526
      ],
      [
        88.291574,
        48.352376
      ],
      [
        88.291639,
        48.351696
      ],
      [
        88.291571,
        48.351506
      ],
      [
        88.291434,
        48.351347
      ],
      [
        88.290991,
        48.351089
      ],
      [
        88.290716,
        48.350991
      ],
      [
        88.290455,
        48.350963
      ],
      [
        88.290144,
        48.350993
      ],
      [
        88.289252,
        48.351104
      ],
      [
        88.288057,
        48.351343
      ],
      [
        88.28743,
        48.351587
      ],
      [
        88.287066,
        48.351668
      ],
      [
        88.285672,
        48.351514
      ],
      [
        88.284312,
        48.351688
      ],
      [
        88.283876,
        48.35183
      ],
      [
        88.283164,
        48.352284
      ],
      [
        88.282683,
        48.352547
      ],
      [
        88.282411,
        48.352785
      ],
      [
        88.282404,
        48.353
      ],
      [
        88.282756,
        48.353001
      ],
      [
        88.282998,
        48.352851
      ],
      [
        88.28366,
        48.352475
      ],
      [
        88.284127,
        48.352227
      ],
      [
        88.284437,
        48.35214
      ],
      [
        88.284836,
        48.352176
      ],
      [
        88.285926,
        48.35244
      ],
      [
        88.286205,
        48.352558
      ],
      [
        88.28635,
        48.352683
      ],
      [
        88.286667,
        48.35373
      ],
      [
        88.287042,
        48.353929
      ],
      [
        88.288303,
        48.353972
      ],
      [
        88.288916,
        48.353986
      ],
      [
        88.289808,
        48.354157
      ],
      [
        88.290209,
        48.354339
      ],
      [
        88.290829,
        48.354809
      ],
      [
        88.29091,
        48.354945
      ],
      [
        88.290908,
        48.355491
      ],
      [
        88.290908,
        48.355491
      ],
      [
        88.290675,
        48.356129
      ],
      [
        88.29015,
        48.356662
      ],
      [
        88.289271,
        48.357246
      ],
      [
        88.288981,
        48.357625
      ],
      [
        88.288768,
        48.358023
      ],
      [
        88.288675,
        48.358452
      ],
      [
        88.288713,
        48.358665
      ],
      [
        88.289127,
        48.358956
      ],
      [
        88.28909,
        48.359218
      ],
      [
        88.288887,
        48.359491
      ],
      [
        88.28801,
        48.359949
      ],
      [
        88.287034,
        48.360455
      ],
      [
        88.286755,
        48.360826
      ],
      [
        88.286659,
        48.361303
      ],
      [
        88.286659,
        48.362195
      ],
      [
        88.286433,
        48.36253
      ],
      [
        88.286015,
        48.362587
      ],
      [
        88.28565,
        48.362451
      ],
      [
        88.285629,
        48.362237
      ],
      [
        88.285961,
        48.361845
      ],
      [
        88.286251,
        48.361318
      ],
      [
        88.286251,
        48.360826
      ],
      [
        88.286047,
        48.360755
      ],
      [
        88.285865,
        48.360869
      ],
      [
        88.285714,
        48.361375
      ],
      [
        88.285081,
        48.361924
      ],
      [
        88.284845,
        48.362594
      ],
      [
        88.28418,
        48.363164
      ],
      [
        88.282957,
        48.363777
      ],
      [
        88.282313,
        48.364219
      ],
      [
        88.281005,
        48.364826
      ],
      [
        88.279931,
        48.365148
      ],
      [
        88.278835,
        48.365378
      ],
      [
        88.275986,
        48.365556
      ],
      [
        88.273213,
        48.365925
      ],
      [
        88.268455,
        48.366095
      ],
      [
        88.266344,
        48.366273
      ],
      [
        88.263531,
        48.366316
      ],
      [
        88.261686,
        48.366368
      ],
      [
        88.260136,
        48.366234
      ],
      [
        88.258492,
        48.365931
      ],
      [
        88.256953,
        48.365794
      ],
      [
        88.251038,
        48.365048
      ],
      [
        88.248358,
        48.364762
      ],
      [
        88.246359,
        48.364045
      ],
      [
        88.243361,
        48.362187
      ],
      [
        88.240357,
        48.360917
      ],
      [
        88.239512,
        48.36058
      ],
      [
        88.238399,
        48.360128
      ],
      [
        88.237201,
        48.359777
      ],
      [
        88.235923,
        48.359244
      ],
      [
        88.234595,
        48.358754
      ],
      [
        88.232627,
        48.35803
      ],
      [
        88.229929,
        48.357033
      ],
      [
        88.227118,
        48.35634
      ],
      [
        88.22483,
        48.355975
      ],
      [
        88.223649,
        48.355914
      ],
      [
        88.223191,
        48.355855
      ],
      [
        88.220142,
        48.35512
      ],
      [
        88.219141,
        48.354969
      ],
      [
        88.214026,
        48.354877
      ],
      [
        88.213475,
        48.354961
      ],
      [
        88.212392,
        48.355263
      ],
      [
        88.211991,
        48.355292
      ],
      [
        88.210772,
        48.354987
      ],
      [
        88.209403,
        48.354904
      ],
      [
        88.207505,
        48.354555
      ],
      [
        88.205289,
        48.354378
      ],
      [
        88.202513,
        48.354609
      ],
      [
        88.201509,
        48.3546
      ],
      [
        88.200389,
        48.354405
      ],
      [
        88.199648,
        48.354359
      ],
      [
        88.197681,
        48.354472
      ],
      [
        88.196576,
        48.354461
      ],
      [
        88.19305,
        48.354562
      ],
      [
        88.192665,
        48.35454
      ],
      [
        88.191672,
        48.354225
      ],
      [
        88.190785,
        48.354034
      ],
      [
        88.190503,
        48.353896
      ],
      [
        88.189844,
        48.353441
      ],
      [
        88.189538,
        48.353312
      ],
      [
        88.18797,
        48.353043
      ],
      [
        88.186942,
        48.353041
      ],
      [
        88.186224,
        48.352774
      ],
      [
        88.185849,
        48.352683
      ],
      [
        88.185198,
        48.352581
      ],
      [
        88.183998,
        48.352506
      ],
      [
        88.183642,
        48.352437
      ],
      [
        88.182168,
        48.351809
      ],
      [
        88.180769,
        48.351551
      ],
      [
        88.179616,
        48.351181
      ],
      [
        88.179179,
        48.351021
      ],
      [
        88.178309,
        48.35053
      ],
      [
        88.178028,
        48.350434
      ],
      [
        88.176019,
        48.350098
      ],
      [
        88.175078,
        48.349747
      ],
      [
        88.174004,
        48.349531
      ],
      [
        88.173116,
        48.349438
      ],
      [
        88.171731,
        48.349442
      ],
      [
        88.169995,
        48.349534
      ],
      [
        88.169613,
        48.349655
      ],
      [
        88.169217,
        48.349848
      ],
      [
        88.168568,
        48.350035
      ],
      [
        88.168032,
        48.350152
      ],
      [
        88.167074,
        48.350232
      ],
      [
        88.166501,
        48.350456
      ],
      [
        88.164965,
        48.350926
      ],
      [
        88.163346,
        48.351197
      ],
      [
        88.162478,
        48.351604
      ],
      [
        88.161222,
        48.352052
      ],
      [
        88.160318,
        48.352174
      ],
      [
        88.158434,
        48.352587
      ],
      [
        88.158004,
        48.35258
      ],
      [
        88.155983,
        48.352251
      ],
      [
        88.155261,
        48.3522
      ],
      [
        88.154427,
        48.35224
      ],
      [
        88.15267,
        48.352509
      ],
      [
        88.151981,
        48.352536
      ],
      [
        88.151353,
        48.352422
      ],
      [
        88.150773,
        48.352233
      ],
      [
        88.150335,
        48.352203
      ],
      [
        88.14919,
        48.352243
      ],
      [
        88.148832,
        48.352301
      ],
      [
        88.148501,
        48.352436
      ],
      [
        88.148236,
        48.352744
      ],
      [
        88.148045,
        48.352836
      ],
      [
        88.147785,
        48.352839
      ],
      [
        88.146835,
        48.3527
      ],
      [
        88.144813,
        48.352936
      ],
      [
        88.144453,
        48.352913
      ],
      [
        88.14304,
        48.35268
      ],
      [
        88.142214,
        48.35274
      ],
      [
        88.141574,
        48.35271
      ],
      [
        88.140138,
        48.352768
      ],
      [
        88.138858,
        48.352938
      ],
      [
        88.137749,
        48.353215
      ],
      [
        88.136841,
        48.353527
      ],
      [
        88.135831,
        48.35372
      ],
      [
        88.134344,
        48.354347
      ],
      [
        88.133046,
        48.354737
      ],
      [
        88.130535,
        48.355699
      ],
      [
        88.130218,
        48.355771
      ],
      [
        88.129327,
        48.35587
      ],
      [
        88.128375,
        48.356224
      ],
      [
        88.127492,
        48.356474
      ],
      [
        88.121908,
        48.357723
      ],
      [
        88.120269,
        48.358163
      ],
      [
        88.119186,
        48.358406
      ],
      [
        88.118152,
        48.358701
      ],
      [
        88.116788,
        48.35925
      ],
      [
        88.113746,
        48.359417
      ],
      [
        88.112272,
        48.359389
      ],
      [
        88.109859,
        48.359608
      ],
      [
        88.105031,
        48.358943
      ],
      [
        88.10439,
        48.358745
      ],
      [
        88.103786,
        48.358693
      ],
      [
        88.102965,
        48.35832
      ],
      [
        88.102438,
        48.35831
      ],
      [
        88.101727,
        48.35786
      ],
      [
        88.100248,
        48.357472
      ],
      [
        88.099302,
        48.35681
      ],
      [
        88.098697,
        48.356487
      ],
      [
        88.09804,
        48.355927
      ],
      [
        88.097236,
        48.355493
      ],
      [
        88.095902,
        48.354797
      ],
      [
        88.093084,
        48.353894
      ],
      [
        88.091585,
        48.353527
      ],
      [
        88.090807,
        48.353415
      ],
      [
        88.090293,
        48.353396
      ],
      [
        88.0895,
        48.353472
      ],
      [
        88.088274,
        48.35339
      ],
      [
        88.087219,
        48.353512
      ],
      [
        88.086227,
        48.353506
      ],
      [
        88.086008,
        48.353543
      ],
      [
        88.085415,
        48.353793
      ],
      [
        88.085174,
        48.353848
      ],
      [
        88.084092,
        48.353921
      ],
      [
        88.08247,
        48.354184
      ],
      [
        88.082002,
        48.354332
      ],
      [
        88.080624,
        48.354936
      ],
      [
        88.078761,
        48.3553
      ],
      [
        88.077349,
        48.355709
      ],
      [
        88.075892,
        48.356433
      ],
      [
        88.074011,
        48.356968
      ],
      [
        88.073151,
        48.357261
      ],
      [
        88.071003,
        48.358132
      ],
      [
        88.070576,
        48.358352
      ],
      [
        88.070419,
        48.358494
      ],
      [
        88.07029,
        48.358856
      ],
      [
        88.07025,
        48.359705
      ],
      [
        88.070167,
        48.36013
      ],
      [
        88.069643,
        48.361169
      ],
      [
        88.069503,
        48.361795
      ],
      [
        88.069265,
        48.362409
      ],
      [
        88.0692,
        48.362844
      ],
      [
        88.069132,
        48.365356
      ],
      [
        88.069397,
        48.36636
      ],
      [
        88.069434,
        48.36676
      ],
      [
        88.069377,
        48.36716
      ],
      [
        88.069186,
        48.367549
      ],
      [
        88.066939,
        48.370093
      ],
      [
        88.066342,
        48.370461
      ],
      [
        88.065325,
        48.370913
      ],
      [
        88.064589,
        48.371568
      ],
      [
        88.064108,
        48.371866
      ],
      [
        88.063225,
        48.372321
      ],
      [
        88.062205,
        48.372636
      ],
      [
        88.061902,
        48.372854
      ],
      [
        88.061844,
        48.372996
      ],
      [
        88.061905,
        48.373435
      ],
      [
        88.061829,
        48.373583
      ],
      [
        88.061246,
        48.373895
      ],
      [
        88.061119,
        48.374039
      ],
      [
        88.06061,
        48.375201
      ],
      [
        88.060285,
        48.376397
      ],
      [
        88.060052,
        48.376831
      ],
      [
        88.059643,
        48.377239
      ],
      [
        88.058561,
        48.378035
      ],
      [
        88.058347,
        48.378277
      ],
      [
        88.058291,
        48.378561
      ],
      [
        88.058388,
        48.379215
      ],
      [
        88.058264,
        48.379635
      ],
      [
        88.058073,
        48.3797
      ],
      [
        88.057918,
        48.379663
      ],
      [
        88.05788,
        48.379552
      ],
      [
        88.058124,
        48.37917
      ],
      [
        88.058156,
        48.379022
      ],
      [
        88.058044,
        48.378773
      ],
      [
        88.05774,
        48.378405
      ],
      [
        88.057697,
        48.37826
      ],
      [
        88.05774,
        48.377906
      ],
      [
        88.05789,
        48.377519
      ],
      [
        88.058259,
        48.377012
      ],
      [
        88.058192,
        48.376921
      ],
      [
        88.058055,
        48.376952
      ],
      [
        88.057641,
        48.3775
      ],
      [
        88.056856,
        48.378132
      ],
      [
        88.056655,
        48.378606
      ],
      [
        88.056535,
        48.378676
      ],
      [
        88.055846,
        48.378855
      ],
      [
        88.05556,
        48.378999
      ],
      [
        88.055446,
        48.379093
      ],
      [
        88.054809,
        48.380069
      ],
      [
        88.054306,
        48.380569
      ],
      [
        88.054157,
        48.380664
      ],
      [
        88.053965,
        48.380706
      ],
      [
        88.05377,
        48.380671
      ],
      [
        88.053628,
        48.380591
      ],
      [
        88.053064,
        48.380094
      ],
      [
        88.052869,
        48.38002
      ],
      [
        88.052634,
        48.379996
      ],
      [
        88.052381,
        48.380022
      ],
      [
        88.051353,
        48.380316
      ],
      [
        88.050254,
        48.38054
      ],
      [
        88.050084,
        48.380534
      ],
      [
        88.049989,
        48.38046
      ],
      [
        88.050016,
        48.380356
      ],
      [
        88.050162,
        48.380263
      ],
      [
        88.051582,
        48.379902
      ],
      [
        88.052414,
        48.379534
      ],
      [
        88.053118,
        48.379384
      ],
      [
        88.053342,
        48.379205
      ],
      [
        88.053329,
        48.379062
      ],
      [
        88.053018,
        48.378862
      ],
      [
        88.052615,
        48.378722
      ],
      [
        88.052071,
        48.378658
      ],
      [
        88.051703,
        48.378666
      ],
      [
        88.051231,
        48.378779
      ],
      [
        88.050857,
        48.378795
      ],
      [
        88.048085,
        48.378384
      ],
      [
        88.04652,
        48.377787
      ],
      [
        88.045251,
        48.377389
      ],
      [
        88.044756,
        48.377136
      ],
      [
        88.044427,
        48.376713
      ],
      [
        88.043977,
        48.376538
      ],
      [
        88.043512,
        48.37645
      ],
      [
        88.042412,
        48.376439
      ],
      [
        88.041518,
        48.376703
      ],
      [
        88.041083,
        48.376735
      ],
      [
        88.038079,
        48.376654
      ],
      [
        88.037878,
        48.376728
      ],
      [
        88.037745,
        48.376987
      ],
      [
        88.037728,
        48.377531
      ],
      [
        88.037563,
        48.378422
      ],
      [
        88.037268,
        48.378673
      ],
      [
        88.036625,
        48.378919
      ],
      [
        88.036302,
        48.378993
      ],
      [
        88.036156,
        48.37895
      ],
      [
        88.035134,
        48.378944
      ],
      [
        88.031872,
        48.378381
      ],
      [
        88.03003,
        48.378254
      ],
      [
        88.029435,
        48.378295
      ],
      [
        88.027847,
        48.378629
      ],
      [
        88.026824,
        48.378646
      ],
      [
        88.020595,
        48.377693
      ],
      [
        88.019622,
        48.377485
      ],
      [
        88.019056,
        48.377271
      ],
      [
        88.015961,
        48.375802
      ],
      [
        88.013337,
        48.374551
      ],
      [
        88.01207,
        48.373888
      ],
      [
        88.011391,
        48.373655
      ],
      [
        88.010935,
        48.373582
      ],
      [
        88.009113,
        48.373497
      ],
      [
        87.997613,
        48.372608
      ],
      [
        87.99711,
        48.372441
      ],
      [
        87.996461,
        48.371974
      ],
      [
        87.995285,
        48.372029
      ],
      [
        87.994707,
        48.371982
      ],
      [
        87.993968,
        48.37179
      ],
      [
        87.992928,
        48.371429
      ],
      [
        87.991676,
        48.371111
      ],
      [
        87.990566,
        48.370925
      ],
      [
        87.989131,
        48.370769
      ],
      [
        87.987934,
        48.370537
      ],
      [
        87.987166,
        48.370306
      ],
      [
        87.98683,
        48.370143
      ],
      [
        87.986617,
        48.369976
      ],
      [
        87.986366,
        48.369907
      ],
      [
        87.985617,
        48.369826
      ],
      [
        87.984161,
        48.369543
      ],
      [
        87.983196,
        48.369483
      ],
      [
        87.980673,
        48.369795
      ],
      [
        87.980173,
        48.369927
      ],
      [
        87.979598,
        48.370227
      ],
      [
        87.979411,
        48.370275
      ],
      [
        87.979008,
        48.370226
      ],
      [
        87.978501,
        48.370053
      ],
      [
        87.9781,
        48.37008
      ],
      [
        87.977372,
        48.370266
      ],
      [
        87.976568,
        48.370257
      ],
      [
        87.976303,
        48.370298
      ],
      [
        87.976076,
        48.370376
      ],
      [
        87.975543,
        48.370705
      ],
      [
        87.975303,
        48.370746
      ],
      [
        87.974541,
        48.370715
      ],
      [
        87.973851,
        48.370779
      ],
      [
        87.972829,
        48.370655
      ],
      [
        87.972274,
        48.370709
      ],
      [
        87.971639,
        48.370896
      ],
      [
        87.971181,
        48.370936
      ],
      [
        87.970925,
        48.370903
      ],
      [
        87.969867,
        48.370617
      ],
      [
        87.969437,
        48.370558
      ],
      [
        87.969286,
        48.37061
      ],
      [
        87.969244,
        48.370706
      ],
      [
        87.969343,
        48.37081
      ],
      [
        87.969542,
        48.370875
      ],
      [
        87.970567,
        48.370994
      ],
      [
        87.971437,
        48.371363
      ],
      [
        87.971673,
        48.371378
      ],
      [
        87.972308,
        48.371186
      ],
      [
        87.972805,
        48.371184
      ],
      [
        87.973851,
        48.371456
      ],
      [
        87.97465,
        48.371488
      ],
      [
        87.975382,
        48.371765
      ],
      [
        87.975822,
        48.37174
      ],
      [
        87.977331,
        48.371361
      ],
      [
        87.977922,
        48.371396
      ],
      [
        87.978285,
        48.371474
      ],
      [
        87.978373,
        48.371566
      ],
      [
        87.978172,
        48.371695
      ],
      [
        87.977937,
        48.371714
      ],
      [
        87.977243,
        48.371633
      ],
      [
        87.976845,
        48.371652
      ],
      [
        87.975927,
        48.372039
      ],
      [
        87.975271,
        48.372158
      ],
      [
        87.974351,
        48.372146
      ],
      [
        87.973685,
        48.372221
      ],
      [
        87.972615,
        48.372218
      ],
      [
        87.972397,
        48.372287
      ],
      [
        87.971686,
        48.372675
      ],
      [
        87.971474,
        48.372735
      ],
      [
        87.96901,
        48.373015
      ],
      [
        87.968646,
        48.373097
      ],
      [
        87.968603,
        48.373192
      ],
      [
        87.968724,
        48.373271
      ],
      [
        87.970166,
        48.373308
      ],
      [
        87.971711,
        48.373272
      ],
      [
        87.973176,
        48.373053
      ],
      [
        87.974551,
        48.372971
      ],
      [
        87.974725,
        48.372995
      ],
      [
        87.974716,
        48.373104
      ],
      [
        87.97461,
        48.373191
      ],
      [
        87.973505,
        48.373296
      ],
      [
        87.973055,
        48.373428
      ],
      [
        87.971929,
        48.373979
      ],
      [
        87.970084,
        48.374776
      ],
      [
        87.969806,
        48.374967
      ],
      [
        87.969613,
        48.375242
      ],
      [
        87.969548,
        48.37554
      ],
      [
        87.969939,
        48.37656
      ],
      [
        87.969954,
        48.376965
      ],
      [
        87.969623,
        48.377706
      ],
      [
        87.969565,
        48.378643
      ],
      [
        87.969462,
        48.378959
      ],
      [
        87.96935,
        48.379075
      ],
      [
        87.968996,
        48.379214
      ],
      [
        87.967011,
        48.379393
      ],
      [
        87.96607,
        48.379923
      ],
      [
        87.965865,
        48.380018
      ],
      [
        87.965652,
        48.380118
      ],
      [
        87.96389,
        48.381051
      ],
      [
        87.963022,
        48.381655
      ],
      [
        87.962454,
        48.38222
      ],
      [
        87.962091,
        48.382698
      ],
      [
        87.961926,
        48.383022
      ],
      [
        87.961614,
        48.384032
      ],
      [
        87.96131,
        48.384718
      ],
      [
        87.960614,
        48.385288
      ],
      [
        87.96035,
        48.38559
      ],
      [
        87.960394,
        48.38591
      ],
      [
        87.960684,
        48.386364
      ],
      [
        87.960645,
        48.386517
      ],
      [
        87.960489,
        48.386648
      ],
      [
        87.959786,
        48.386917
      ],
      [
        87.959383,
        48.387141
      ],
      [
        87.95755,
        48.388852
      ],
      [
        87.95653,
        48.389591
      ],
      [
        87.956196,
        48.390003
      ],
      [
        87.955909,
        48.390673
      ],
      [
        87.955554,
        48.391026
      ],
      [
        87.955501,
        48.391223
      ],
      [
        87.955629,
        48.391873
      ],
      [
        87.955618,
        48.39276
      ],
      [
        87.955828,
        48.393766
      ],
      [
        87.955744,
        48.39401
      ],
      [
        87.955477,
        48.394146
      ],
      [
        87.955178,
        48.394204
      ],
      [
        87.954881,
        48.394147
      ],
      [
        87.954552,
        48.393998
      ],
      [
        87.954076,
        48.393653
      ],
      [
        87.953744,
        48.393234
      ],
      [
        87.953296,
        48.392822
      ],
      [
        87.952969,
        48.391866
      ],
      [
        87.952575,
        48.391146
      ],
      [
        87.952402,
        48.391057
      ],
      [
        87.952172,
        48.391015
      ],
      [
        87.951627,
        48.391053
      ],
      [
        87.951127,
        48.390956
      ],
      [
        87.950541,
        48.390683
      ],
      [
        87.949875,
        48.390513
      ],
      [
        87.949364,
        48.390254
      ],
      [
        87.949205,
        48.39026
      ],
      [
        87.949103,
        48.39034
      ],
      [
        87.949136,
        48.390453
      ],
      [
        87.949279,
        48.390547
      ],
      [
        87.950374,
        48.390762
      ],
      [
        87.950545,
        48.390835
      ],
      [
        87.951082,
        48.391294
      ],
      [
        87.951737,
        48.391542
      ],
      [
        87.951885,
        48.391646
      ],
      [
        87.95191,
        48.391749
      ],
      [
        87.951832,
        48.391828
      ],
      [
        87.951601,
        48.391824
      ],
      [
        87.951424,
        48.391769
      ],
      [
        87.949853,
        48.391029
      ],
      [
        87.947801,
        48.390713
      ],
      [
        87.947322,
        48.390718
      ],
      [
        87.946895,
        48.390782
      ],
      [
        87.945514,
        48.391278
      ],
      [
        87.945158,
        48.391451
      ],
      [
        87.945007,
        48.391499
      ],
      [
        87.94483,
        48.391471
      ],
      [
        87.94485,
        48.391321
      ],
      [
        87.94499,
        48.391149
      ],
      [
        87.945912,
        48.390392
      ],
      [
        87.946247,
        48.389948
      ],
      [
        87.947258,
        48.389233
      ],
      [
        87.947488,
        48.388931
      ],
      [
        87.947574,
        48.388649
      ],
      [
        87.947578,
        48.388354
      ],
      [
        87.94737,
        48.387057
      ],
      [
        87.947187,
        48.386537
      ],
      [
        87.946855,
        48.386252
      ],
      [
        87.945629,
        48.385789
      ],
      [
        87.945434,
        48.385768
      ],
      [
        87.944827,
        48.386016
      ],
      [
        87.943809,
        48.386606
      ],
      [
        87.942878,
        48.386936
      ],
      [
        87.94232,
        48.387186
      ],
      [
        87.94086,
        48.387605
      ],
      [
        87.939111,
        48.388175
      ],
      [
        87.936891,
        48.388721
      ],
      [
        87.935633,
        48.389133
      ],
      [
        87.935138,
        48.389353
      ],
      [
        87.934206,
        48.390127
      ],
      [
        87.933676,
        48.390278
      ],
      [
        87.933097,
        48.390291
      ],
      [
        87.932832,
        48.390419
      ],
      [
        87.932215,
        48.391021
      ],
      [
        87.931363,
        48.391699
      ],
      [
        87.931217,
        48.391896
      ],
      [
        87.930741,
        48.393121
      ],
      [
        87.930226,
        48.393924
      ],
      [
        87.929527,
        48.394488
      ],
      [
        87.929203,
        48.394869
      ],
      [
        87.928775,
        48.395234
      ],
      [
        87.927228,
        48.396102
      ],
      [
        87.92636,
        48.396652
      ],
      [
        87.925646,
        48.397179
      ],
      [
        87.925196,
        48.397737
      ],
      [
        87.924964,
        48.397868
      ],
      [
        87.924562,
        48.397796
      ],
      [
        87.923876,
        48.397396
      ],
      [
        87.923459,
        48.397372
      ],
      [
        87.922053,
        48.397708
      ],
      [
        87.921094,
        48.397996
      ],
      [
        87.919958,
        48.398201
      ],
      [
        87.918447,
        48.398849
      ],
      [
        87.9179,
        48.399019
      ],
      [
        87.916348,
        48.399204
      ],
      [
        87.915385,
        48.399396
      ],
      [
        87.914803,
        48.399554
      ],
      [
        87.914243,
        48.399809
      ],
      [
        87.914113,
        48.399807
      ],
      [
        87.913911,
        48.399723
      ],
      [
        87.911586,
        48.398512
      ],
      [
        87.911181,
        48.398385
      ],
      [
        87.910769,
        48.398372
      ],
      [
        87.910326,
        48.398457
      ],
      [
        87.908563,
        48.399095
      ],
      [
        87.906196,
        48.400555
      ],
      [
        87.905838,
        48.400809
      ],
      [
        87.905399,
        48.401217
      ],
      [
        87.904559,
        48.402372
      ],
      [
        87.904249,
        48.402947
      ],
      [
        87.904089,
        48.403416
      ],
      [
        87.9041,
        48.403925
      ],
      [
        87.904024,
        48.404198
      ],
      [
        87.903741,
        48.404671
      ],
      [
        87.90327,
        48.405302
      ],
      [
        87.902906,
        48.405666
      ],
      [
        87.902474,
        48.405972
      ],
      [
        87.901973,
        48.406213
      ],
      [
        87.898807,
        48.406916
      ],
      [
        87.895989,
        48.407456
      ],
      [
        87.895109,
        48.407575
      ],
      [
        87.893848,
        48.407637
      ],
      [
        87.892132,
        48.407926
      ],
      [
        87.891873,
        48.407932
      ],
      [
        87.891583,
        48.407724
      ],
      [
        87.8911,
        48.407256
      ],
      [
        87.890563,
        48.40705
      ],
      [
        87.889931,
        48.406969
      ],
      [
        87.888703,
        48.406806
      ],
      [
        87.887176,
        48.406861
      ],
      [
        87.886734,
        48.406923
      ],
      [
        87.885842,
        48.407146
      ],
      [
        87.884662,
        48.407542
      ],
      [
        87.880752,
        48.409088
      ],
      [
        87.879103,
        48.409519
      ],
      [
        87.87743,
        48.409733
      ],
      [
        87.876562,
        48.409898
      ],
      [
        87.875866,
        48.410124
      ],
      [
        87.874079,
        48.410854
      ],
      [
        87.873033,
        48.411196
      ],
      [
        87.870109,
        48.411566
      ],
      [
        87.869462,
        48.411689
      ],
      [
        87.86727,
        48.412378
      ],
      [
        87.863732,
        48.413243
      ],
      [
        87.862706,
        48.41355
      ],
      [
        87.859654,
        48.414061
      ],
      [
        87.858119,
        48.414424
      ],
      [
        87.856887,
        48.414804
      ],
      [
        87.855298,
        48.415126
      ],
      [
        87.854491,
        48.415184
      ],
      [
        87.853898,
        48.415315
      ],
      [
        87.853662,
        48.415389
      ],
      [
        87.853126,
        48.415767
      ],
      [
        87.852088,
        48.416058
      ],
      [
        87.849706,
        48.416906
      ],
      [
        87.847954,
        48.417203
      ],
      [
        87.847076,
        48.417291
      ],
      [
        87.847014,
        48.41734
      ],
      [
        87.845927,
        48.41743
      ],
      [
        87.843515,
        48.417299
      ],
      [
        87.84057,
        48.417012
      ],
      [
        87.838939,
        48.417004
      ],
      [
        87.837549,
        48.417082
      ],
      [
        87.836348,
        48.417182
      ],
      [
        87.833638,
        48.417548
      ],
      [
        87.833269,
        48.417641
      ],
      [
        87.832985,
        48.417806
      ],
      [
        87.83265,
        48.417918
      ],
      [
        87.827521,
        48.419079
      ],
      [
        87.826606,
        48.419369
      ],
      [
        87.825674,
        48.419733
      ],
      [
        87.823362,
        48.42081
      ],
      [
        87.822126,
        48.421514
      ],
      [
        87.819337,
        48.42323
      ],
      [
        87.818282,
        48.423818
      ],
      [
        87.817737,
        48.424243
      ],
      [
        87.815759,
        48.425405
      ],
      [
        87.813687,
        48.426536
      ],
      [
        87.812361,
        48.427256
      ],
      [
        87.810229,
        48.428324
      ],
      [
        87.807641,
        48.42952
      ],
      [
        87.805431,
        48.430339
      ],
      [
        87.804725,
        48.430537
      ],
      [
        87.802108,
        48.431413
      ],
      [
        87.801585,
        48.431632
      ],
      [
        87.796162,
        48.433478
      ],
      [
        87.790736,
        48.435503
      ],
      [
        87.789637,
        48.435785
      ],
      [
        87.786886,
        48.436103
      ],
      [
        87.785632,
        48.436606
      ],
      [
        87.784909,
        48.436993
      ],
      [
        87.784295,
        48.437243
      ],
      [
        87.78346,
        48.437428
      ],
      [
        87.782461,
        48.4375
      ],
      [
        87.781501,
        48.437353
      ],
      [
        87.780856,
        48.437123
      ],
      [
        87.780051,
        48.436694
      ],
      [
        87.779425,
        48.436189
      ],
      [
        87.779205,
        48.435951
      ],
      [
        87.778969,
        48.435567
      ],
      [
        87.778835,
        48.435155
      ],
      [
        87.778677,
        48.432337
      ],
      [
        87.778588,
        48.431956
      ],
      [
        87.77837,
        48.431493
      ],
      [
        87.778023,
        48.430967
      ],
      [
        87.777455,
        48.430336
      ],
      [
        87.776957,
        48.429928
      ],
      [
        87.776302,
        48.429513
      ],
      [
        87.775347,
        48.428806
      ],
      [
        87.774594,
        48.428054
      ],
      [
        87.774502,
        48.427888
      ],
      [
        87.77444,
        48.427965
      ],
      [
        87.773842,
        48.427049
      ],
      [
        87.773385,
        48.425866
      ],
      [
        87.772596,
        48.424484
      ],
      [
        87.772271,
        48.423797
      ],
      [
        87.771135,
        48.421073
      ],
      [
        87.771089,
        48.420296
      ],
      [
        87.771855,
        48.416352
      ],
      [
        87.771798,
        48.416098
      ],
      [
        87.771571,
        48.415792
      ],
      [
        87.771034,
        48.415527
      ],
      [
        87.77043,
        48.415394
      ],
      [
        87.769317,
        48.415317
      ],
      [
        87.768314,
        48.415402
      ],
      [
        87.764889,
        48.415488
      ],
      [
        87.76453,
        48.415462
      ],
      [
        87.763426,
        48.41556
      ],
      [
        87.761498,
        48.415567
      ],
      [
        87.760732,
        48.415497
      ],
      [
        87.760298,
        48.415561
      ],
      [
        87.759647,
        48.415558
      ],
      [
        87.759525,
        48.415616
      ],
      [
        87.758995,
        48.415681
      ],
      [
        87.758343,
        48.4157
      ],
      [
        87.756577,
        48.415594
      ],
      [
        87.755549,
        48.415449
      ],
      [
        87.745314,
        48.413257
      ],
      [
        87.743892,
        48.412913
      ],
      [
        87.742016,
        48.412549
      ],
      [
        87.741356,
        48.412354
      ],
      [
        87.74038,
        48.412192
      ],
      [
        87.738363,
        48.411396
      ],
      [
        87.736449,
        48.410423
      ],
      [
        87.734893,
        48.409736
      ],
      [
        87.733949,
        48.409449
      ],
      [
        87.732491,
        48.409138
      ],
      [
        87.730628,
        48.408201
      ],
      [
        87.730217,
        48.408107
      ],
      [
        87.727513,
        48.407827
      ],
      [
        87.724269,
        48.40732
      ],
      [
        87.721906,
        48.406748
      ],
      [
        87.720271,
        48.406208
      ],
      [
        87.718995,
        48.405626
      ],
      [
        87.717885,
        48.405052
      ],
      [
        87.716927,
        48.404669
      ],
      [
        87.716086,
        48.404265
      ],
      [
        87.715769,
        48.404171
      ],
      [
        87.714658,
        48.403944
      ],
      [
        87.713916,
        48.40391
      ],
      [
        87.713117,
        48.403978
      ],
      [
        87.711302,
        48.404372
      ],
      [
        87.710686,
        48.404388
      ],
      [
        87.709951,
        48.404292
      ],
      [
        87.709448,
        48.404075
      ],
      [
        87.708631,
        48.403452
      ],
      [
        87.707997,
        48.403059
      ],
      [
        87.707674,
        48.402917
      ],
      [
        87.707066,
        48.40274
      ],
      [
        87.706589,
        48.40272
      ],
      [
        87.706785,
        48.40263
      ],
      [
        87.705246,
        48.402803
      ],
      [
        87.704602,
        48.402972
      ],
      [
        87.703781,
        48.403327
      ],
      [
        87.702634,
        48.404044
      ],
      [
        87.702029,
        48.404272
      ],
      [
        87.70156,
        48.404312
      ],
      [
        87.701054,
        48.404291
      ],
      [
        87.698958,
        48.403944
      ],
      [
        87.698165,
        48.403858
      ],
      [
        87.697316,
        48.403841
      ],
      [
        87.696508,
        48.404001
      ],
      [
        87.693942,
        48.404905
      ],
      [
        87.692424,
        48.405381
      ],
      [
        87.691802,
        48.40545
      ],
      [
        87.691074,
        48.405309
      ],
      [
        87.690752,
        48.405193
      ],
      [
        87.690487,
        48.405036
      ],
      [
        87.690292,
        48.40482
      ],
      [
        87.689947,
        48.404241
      ],
      [
        87.689235,
        48.402413
      ],
      [
        87.688262,
        48.400952
      ],
      [
        87.687025,
        48.399357
      ],
      [
        87.686536,
        48.398557
      ],
      [
        87.685735,
        48.397501
      ],
      [
        87.685413,
        48.396932
      ],
      [
        87.685102,
        48.396011
      ],
      [
        87.685048,
        48.394218
      ],
      [
        87.684835,
        48.393199
      ],
      [
        87.684304,
        48.391624
      ],
      [
        87.683906,
        48.390202
      ],
      [
        87.683695,
        48.389805
      ],
      [
        87.683455,
        48.389593
      ],
      [
        87.683084,
        48.389445
      ],
      [
        87.682866,
        48.389412
      ],
      [
        87.682429,
        48.389479
      ],
      [
        87.68208,
        48.389662
      ],
      [
        87.681127,
        48.390501
      ],
      [
        87.680646,
        48.390858
      ],
      [
        87.68028,
        48.391065
      ],
      [
        87.679646,
        48.391272
      ],
      [
        87.676617,
        48.391681
      ],
      [
        87.673695,
        48.391996
      ],
      [
        87.670406,
        48.391882
      ],
      [
        87.668222,
        48.391853
      ],
      [
        87.665643,
        48.391973
      ],
      [
        87.665084,
        48.391948
      ],
      [
        87.66454,
        48.391847
      ],
      [
        87.664015,
        48.391692
      ],
      [
        87.662947,
        48.391324
      ],
      [
        87.661665,
        48.390766
      ],
      [
        87.661195,
        48.39062
      ],
      [
        87.661017,
        48.390616
      ],
      [
        87.66016,
        48.390414
      ],
      [
        87.65942,
        48.390375
      ],
      [
        87.658583,
        48.390393
      ],
      [
        87.658216,
        48.390483
      ],
      [
        87.657151,
        48.391087
      ],
      [
        87.656239,
        48.391821
      ],
      [
        87.655819,
        48.392062
      ],
      [
        87.654886,
        48.392497
      ],
      [
        87.654682,
        48.392543
      ],
      [
        87.654462,
        48.392511
      ],
      [
        87.654282,
        48.392409
      ],
      [
        87.6542,
        48.392259
      ],
      [
        87.654388,
        48.391977
      ],
      [
        87.654559,
        48.391868
      ],
      [
        87.655188,
        48.391677
      ],
      [
        87.65592,
        48.391343
      ],
      [
        87.656315,
        48.390919
      ],
      [
        87.65701,
        48.389853
      ],
      [
        87.657365,
        48.389535
      ],
      [
        87.658005,
        48.38916
      ],
      [
        87.658561,
        48.389067
      ],
      [
        87.659414,
        48.389057
      ],
      [
        87.661117,
        48.389326
      ],
      [
        87.662092,
        48.389416
      ],
      [
        87.662443,
        48.389285
      ],
      [
        87.662561,
        48.389171
      ],
      [
        87.662542,
        48.389022
      ],
      [
        87.662381,
        48.3889
      ],
      [
        87.662099,
        48.388844
      ],
      [
        87.660606,
        48.389
      ],
      [
        87.660269,
        48.38897
      ],
      [
        87.658996,
        48.388551
      ],
      [
        87.658095,
        48.387896
      ],
      [
        87.657727,
        48.387699
      ],
      [
        87.657257,
        48.387574
      ],
      [
        87.657001,
        48.38756
      ],
      [
        87.656479,
        48.387652
      ],
      [
        87.656038,
        48.387857
      ],
      [
        87.65444,
        48.389334
      ],
      [
        87.653978,
        48.389636
      ],
      [
        87.653398,
        48.38984
      ],
      [
        87.65307,
        48.389888
      ],
      [
        87.652512,
        48.389855
      ],
      [
        87.652085,
        48.389663
      ],
      [
        87.651548,
        48.389163
      ],
      [
        87.650933,
        48.388255
      ],
      [
        87.649826,
        48.387118
      ],
      [
        87.64948,
        48.386633
      ],
      [
        87.649348,
        48.386256
      ],
      [
        87.649313,
        48.385861
      ],
      [
        87.649465,
        48.383316
      ],
      [
        87.649274,
        48.382246
      ],
      [
        87.648707,
        48.380901
      ],
      [
        87.648686,
        48.380739
      ],
      [
        87.647274,
        48.378283
      ],
      [
        87.647095,
        48.378019
      ],
      [
        87.64696,
        48.377918
      ],
      [
        87.646588,
        48.377773
      ],
      [
        87.646127,
        48.377736
      ],
      [
        87.645651,
        48.377846
      ],
      [
        87.644585,
        48.378486
      ],
      [
        87.64282,
        48.379399
      ],
      [
        87.642471,
        48.379675
      ],
      [
        87.642262,
        48.380132
      ],
      [
        87.642381,
        48.380813
      ],
      [
        87.642413,
        48.382159
      ],
      [
        87.642303,
        48.382439
      ],
      [
        87.642091,
        48.382733
      ],
      [
        87.641552,
        48.383092
      ],
      [
        87.640838,
        48.383287
      ],
      [
        87.639331,
        48.383572
      ],
      [
        87.638237,
        48.383835
      ],
      [
        87.637484,
        48.384148
      ],
      [
        87.636789,
        48.38454
      ],
      [
        87.636252,
        48.384728
      ],
      [
        87.63565,
        48.384807
      ],
      [
        87.63387,
        48.384905
      ],
      [
        87.631176,
        48.385545
      ],
      [
        87.630521,
        48.385588
      ],
      [
        87.629613,
        48.385432
      ],
      [
        87.628954,
        48.38512
      ],
      [
        87.628176,
        48.384459
      ],
      [
        87.627506,
        48.383675
      ],
      [
        87.626261,
        48.382574
      ],
      [
        87.625868,
        48.382288
      ],
      [
        87.625315,
        48.38208
      ],
      [
        87.624433,
        48.381849
      ],
      [
        87.623575,
        48.381724
      ],
      [
        87.621702,
        48.381726
      ],
      [
        87.620514,
        48.38182
      ],
      [
        87.619782,
        48.381821
      ],
      [
        87.618885,
        48.381745
      ],
      [
        87.618424,
        48.381624
      ],
      [
        87.61822,
        48.381519
      ],
      [
        87.618003,
        48.381355
      ],
      [
        87.617769,
        48.381046
      ],
      [
        87.617663,
        48.380636
      ],
      [
        87.617682,
        48.380289
      ],
      [
        87.617975,
        48.379439
      ],
      [
        87.617971,
        48.378836
      ],
      [
        87.617826,
        48.378341
      ],
      [
        87.617636,
        48.378062
      ],
      [
        87.61713,
        48.377562
      ],
      [
        87.61609,
        48.377087
      ],
      [
        87.614722,
        48.376735
      ],
      [
        87.612592,
        48.376489
      ],
      [
        87.610346,
        48.376543
      ],
      [
        87.608946,
        48.376788
      ],
      [
        87.607843,
        48.37688
      ],
      [
        87.607107,
        48.376817
      ],
      [
        87.605388,
        48.37641
      ],
      [
        87.604,
        48.376219
      ],
      [
        87.60323,
        48.376174
      ],
      [
        87.600417,
        48.376194
      ],
      [
        87.599764,
        48.376127
      ],
      [
        87.599363,
        48.375891
      ],
      [
        87.599115,
        48.375576
      ],
      [
        87.599042,
        48.375152
      ],
      [
        87.599179,
        48.3743
      ],
      [
        87.599068,
        48.373933
      ],
      [
        87.598747,
        48.37361
      ],
      [
        87.598495,
        48.373481
      ],
      [
        87.597839,
        48.373325
      ],
      [
        87.597464,
        48.37331
      ],
      [
        87.596689,
        48.373395
      ],
      [
        87.591833,
        48.374251
      ],
      [
        87.591021,
        48.37446
      ],
      [
        87.590654,
        48.374603
      ],
      [
        87.590341,
        48.374787
      ],
      [
        87.589594,
        48.375398
      ],
      [
        87.588607,
        48.376403
      ],
      [
        87.587877,
        48.376926
      ],
      [
        87.587021,
        48.377309
      ],
      [
        87.583172,
        48.378689
      ],
      [
        87.582548,
        48.37901
      ],
      [
        87.581978,
        48.37949
      ],
      [
        87.581758,
        48.379776
      ],
      [
        87.581536,
        48.380281
      ],
      [
        87.581025,
        48.383908
      ],
      [
        87.580784,
        48.384767
      ],
      [
        87.579177,
        48.386718
      ],
      [
        87.578872,
        48.387171
      ],
      [
        87.577712,
        48.38999
      ],
      [
        87.577265,
        48.390844
      ],
      [
        87.576666,
        48.391524
      ],
      [
        87.575449,
        48.39251
      ],
      [
        87.575065,
        48.392876
      ],
      [
        87.574593,
        48.393537
      ],
      [
        87.574404,
        48.393961
      ],
      [
        87.574368,
        48.394863
      ],
      [
        87.574472,
        48.395275
      ],
      [
        87.574718,
        48.395816
      ],
      [
        87.574771,
        48.396522
      ],
      [
        87.574886,
        48.396817
      ],
      [
        87.575183,
        48.397056
      ],
      [
        87.575929,
        48.397339
      ],
      [
        87.576162,
        48.397518
      ],
      [
        87.576242,
        48.397794
      ],
      [
        87.576256,
        48.398715
      ],
      [
        87.576383,
        48.399172
      ],
      [
        87.576601,
        48.399626
      ],
      [
        87.576935,
        48.400035
      ],
      [
        87.577352,
        48.400407
      ],
      [
        87.57833,
        48.401004
      ],
      [
        87.578485,
        48.401196
      ],
      [
        87.578408,
        48.402334
      ],
      [
        87.578524,
        48.402732
      ],
      [
        87.578968,
        48.403276
      ],
      [
        87.579914,
        48.403954
      ],
      [
        87.580322,
        48.404325
      ],
      [
        87.580632,
        48.404751
      ],
      [
        87.581702,
        48.406542
      ],
      [
        87.58179,
        48.406775
      ],
      [
        87.581826,
        48.407295
      ],
      [
        87.581668,
        48.407878
      ],
      [
        87.581271,
        48.408759
      ],
      [
        87.581184,
        48.409039
      ],
      [
        87.581182,
        48.409303
      ],
      [
        87.58128,
        48.409549
      ],
      [
        87.581469,
        48.409778
      ],
      [
        87.582202,
        48.410447
      ],
      [
        87.582603,
        48.410907
      ],
      [
        87.582858,
        48.41137
      ],
      [
        87.582924,
        48.411872
      ],
      [
        87.582857,
        48.412643
      ],
      [
        87.582662,
        48.413092
      ],
      [
        87.582446,
        48.413272
      ],
      [
        87.581537,
        48.4136
      ],
      [
        87.581287,
        48.413738
      ],
      [
        87.581111,
        48.413927
      ],
      [
        87.581026,
        48.414162
      ],
      [
        87.581136,
        48.415224
      ],
      [
        87.581053,
        48.41571
      ],
      [
        87.580873,
        48.415917
      ],
      [
        87.580597,
        48.416063
      ],
      [
        87.579649,
        48.416309
      ],
      [
        87.579393,
        48.416418
      ],
      [
        87.579188,
        48.416556
      ],
      [
        87.579041,
        48.416736
      ],
      [
        87.57895,
        48.416948
      ],
      [
        87.578922,
        48.417409
      ],
      [
        87.579139,
        48.417854
      ],
      [
        87.5796,
        48.418401
      ],
      [
        87.57961,
        48.418565
      ],
      [
        87.579519,
        48.418706
      ],
      [
        87.579333,
        48.418824
      ],
      [
        87.579058,
        48.418903
      ],
      [
        87.578745,
        48.418932
      ],
      [
        87.577409,
        48.418919
      ],
      [
        87.576747,
        48.418952
      ],
      [
        87.576435,
        48.41902
      ],
      [
        87.576149,
        48.419149
      ],
      [
        87.575943,
        48.41934
      ],
      [
        87.575859,
        48.41957
      ],
      [
        87.575899,
        48.419807
      ],
      [
        87.576036,
        48.420036
      ],
      [
        87.577109,
        48.421111
      ],
      [
        87.577464,
        48.421575
      ],
      [
        87.577627,
        48.422097
      ],
      [
        87.577698,
        48.422642
      ],
      [
        87.577595,
        48.423111
      ],
      [
        87.577399,
        48.423298
      ],
      [
        87.577114,
        48.423437
      ],
      [
        87.575709,
        48.423905
      ],
      [
        87.575422,
        48.424079
      ],
      [
        87.575212,
        48.424284
      ],
      [
        87.5751,
        48.424522
      ],
      [
        87.575106,
        48.424787
      ],
      [
        87.575199,
        48.425044
      ],
      [
        87.575928,
        48.426247
      ],
      [
        87.576012,
        48.426708
      ],
      [
        87.575967,
        48.426927
      ],
      [
        87.575832,
        48.42713
      ],
      [
        87.575591,
        48.427293
      ],
      [
        87.574613,
        48.427561
      ],
      [
        87.574367,
        48.42767
      ],
      [
        87.573688,
        48.428158
      ],
      [
        87.57306,
        48.428497
      ],
      [
        87.569129,
        48.429871
      ],
      [
        87.568412,
        48.430175
      ],
      [
        87.568158,
        48.430351
      ],
      [
        87.567826,
        48.430749
      ],
      [
        87.566654,
        48.433019
      ],
      [
        87.566125,
        48.433855
      ],
      [
        87.565793,
        48.434156
      ],
      [
        87.565355,
        48.434333
      ],
      [
        87.564784,
        48.434361
      ],
      [
        87.564168,
        48.434219
      ],
      [
        87.563065,
        48.433725
      ],
      [
        87.562653,
        48.433603
      ],
      [
        87.561961,
        48.433573
      ],
      [
        87.561476,
        48.433736
      ],
      [
        87.560799,
        48.434059
      ],
      [
        87.56069,
        48.434197
      ],
      [
        87.559925,
        48.434755
      ],
      [
        87.559791,
        48.43505
      ],
      [
        87.559755,
        48.436173
      ],
      [
        87.559524,
        48.436493
      ],
      [
        87.559321,
        48.43664
      ],
      [
        87.559081,
        48.436759
      ],
      [
        87.558527,
        48.436877
      ],
      [
        87.557064,
        48.436882
      ],
      [
        87.556693,
        48.436956
      ],
      [
        87.556083,
        48.437229
      ],
      [
        87.555084,
        48.437941
      ],
      [
        87.553971,
        48.438422
      ],
      [
        87.553753,
        48.438664
      ],
      [
        87.55371,
        48.438817
      ],
      [
        87.553748,
        48.439661
      ],
      [
        87.553881,
        48.440559
      ],
      [
        87.553806,
        48.440793
      ],
      [
        87.553394,
        48.4412
      ],
      [
        87.55255,
        48.441757
      ],
      [
        87.551779,
        48.442418
      ],
      [
        87.551169,
        48.443094
      ],
      [
        87.550871,
        48.443628
      ],
      [
        87.550693,
        48.444205
      ],
      [
        87.550604,
        48.444764
      ],
      [
        87.550601,
        48.445275
      ],
      [
        87.550725,
        48.445778
      ],
      [
        87.551794,
        48.448051
      ],
      [
        87.552104,
        48.448478
      ],
      [
        87.552787,
        48.44903
      ],
      [
        87.553542,
        48.449445
      ],
      [
        87.554162,
        48.449574
      ],
      [
        87.555633,
        48.449683
      ],
      [
        87.557934,
        48.449945
      ],
      [
        87.559154,
        48.449937
      ],
      [
        87.559648,
        48.449983
      ],
      [
        87.560496,
        48.450366
      ],
      [
        87.561243,
        48.450579
      ],
      [
        87.561707,
        48.450769
      ],
      [
        87.562728,
        48.451572
      ],
      [
        87.563189,
        48.452089
      ],
      [
        87.563242,
        48.452473
      ],
      [
        87.563102,
        48.452836
      ],
      [
        87.56297,
        48.452993
      ],
      [
        87.562582,
        48.453241
      ],
      [
        87.562028,
        48.453402
      ],
      [
        87.561719,
        48.453435
      ],
      [
        87.559272,
        48.453399
      ],
      [
        87.558522,
        48.453449
      ],
      [
        87.558176,
        48.453545
      ],
      [
        87.557603,
        48.45389
      ],
      [
        87.557261,
        48.454261
      ],
      [
        87.556961,
        48.454741
      ],
      [
        87.556921,
        48.455239
      ],
      [
        87.557045,
        48.45569
      ],
      [
        87.55735,
        48.456164
      ],
      [
        87.558087,
        48.456931
      ],
      [
        87.558549,
        48.457303
      ],
      [
        87.558913,
        48.457504
      ],
      [
        87.560622,
        48.458136
      ],
      [
        87.560919,
        48.458375
      ],
      [
        87.560986,
        48.458523
      ],
      [
        87.561062,
        48.459445
      ],
      [
        87.561002,
        48.460002
      ],
      [
        87.559955,
        48.462458
      ],
      [
        87.559632,
        48.462749
      ],
      [
        87.558443,
        48.463066
      ],
      [
        87.558018,
        48.463264
      ],
      [
        87.557801,
        48.463577
      ],
      [
        87.557657,
        48.464108
      ],
      [
        87.557398,
        48.464327
      ],
      [
        87.556105,
        48.464713
      ],
      [
        87.554763,
        48.465359
      ],
      [
        87.554384,
        48.465435
      ],
      [
        87.554063,
        48.465407
      ],
      [
        87.55367,
        48.465227
      ],
      [
        87.552955,
        48.464791
      ],
      [
        87.552797,
        48.464769
      ],
      [
        87.552646,
        48.464802
      ],
      [
        87.552549,
        48.464889
      ],
      [
        87.552552,
        48.464988
      ],
      [
        87.553133,
        48.465578
      ],
      [
        87.554098,
        48.468119
      ],
      [
        87.554389,
        48.46843
      ],
      [
        87.55497,
        48.468734
      ],
      [
        87.55505,
        48.468848
      ],
      [
        87.555002,
        48.468955
      ],
      [
        87.554842,
        48.469018
      ],
      [
        87.554616,
        48.469016
      ],
      [
        87.554121,
        48.468872
      ],
      [
        87.552731,
        48.46833
      ],
      [
        87.55211,
        48.46799
      ],
      [
        87.551653,
        48.467454
      ],
      [
        87.551291,
        48.466706
      ],
      [
        87.551029,
        48.466491
      ],
      [
        87.550214,
        48.466042
      ],
      [
        87.549794,
        48.465638
      ],
      [
        87.549401,
        48.464705
      ],
      [
        87.548975,
        48.464133
      ],
      [
        87.548655,
        48.463927
      ],
      [
        87.547305,
        48.463523
      ],
      [
        87.547074,
        48.463474
      ],
      [
        87.546553,
        48.463458
      ],
      [
        87.545268,
        48.463596
      ],
      [
        87.543866,
        48.463573
      ],
      [
        87.543334,
        48.463669
      ],
      [
        87.542991,
        48.463929
      ],
      [
        87.542568,
        48.465034
      ],
      [
        87.542347,
        48.465392
      ],
      [
        87.541769,
        48.466056
      ],
      [
        87.54142,
        48.46631
      ],
      [
        87.541177,
        48.466363
      ],
      [
        87.540641,
        48.466283
      ],
      [
        87.53996,
        48.465957
      ],
      [
        87.539452,
        48.465553
      ],
      [
        87.539318,
        48.465505
      ],
      [
        87.53917,
        48.465602
      ],
      [
        87.539157,
        48.465852
      ],
      [
        87.53929,
        48.465971
      ],
      [
        87.540158,
        48.466276
      ],
      [
        87.540977,
        48.466682
      ],
      [
        87.541172,
        48.46674
      ],
      [
        87.541581,
        48.466762
      ],
      [
        87.54179,
        48.466719
      ],
      [
        87.541969,
        48.466617
      ],
      [
        87.54338,
        48.465601
      ],
      [
        87.543868,
        48.46513
      ],
      [
        87.544073,
        48.465014
      ],
      [
        87.545523,
        48.464835
      ],
      [
        87.545897,
        48.464828
      ],
      [
        87.546449,
        48.464989
      ],
      [
        87.546687,
        48.465194
      ],
      [
        87.546815,
        48.46581
      ],
      [
        87.546708,
        48.466858
      ],
      [
        87.54666,
        48.468388
      ],
      [
        87.546746,
        48.468721
      ],
      [
        87.547283,
        48.469579
      ],
      [
        87.547446,
        48.470082
      ],
      [
        87.547442,
        48.470425
      ],
      [
        87.547231,
        48.471274
      ],
      [
        87.547239,
        48.471615
      ],
      [
        87.547342,
        48.471936
      ],
      [
        87.547694,
        48.472399
      ],
      [
        87.549105,
        48.473912
      ],
      [
        87.549498,
        48.474138
      ],
      [
        87.550357,
        48.474337
      ],
      [
        87.550628,
        48.474459
      ],
      [
        87.55094,
        48.4748
      ],
      [
        87.551123,
        48.475447
      ],
      [
        87.551233,
        48.475538
      ],
      [
        87.551971,
        48.475741
      ],
      [
        87.552283,
        48.475907
      ],
      [
        87.553139,
        48.476555
      ],
      [
        87.553358,
        48.476895
      ],
      [
        87.553229,
        48.477505
      ],
      [
        87.553281,
        48.4783
      ],
      [
        87.553233,
        48.478676
      ],
      [
        87.552674,
        48.47963
      ],
      [
        87.552584,
        48.479964
      ],
      [
        87.55281,
        48.480172
      ],
      [
        87.552697,
        48.480434
      ],
      [
        87.552458,
        48.480556
      ],
      [
        87.552287,
        48.479643
      ],
      [
        87.55259,
        48.478591
      ],
      [
        87.55254,
        48.478005
      ],
      [
        87.552371,
        48.477947
      ],
      [
        87.552288,
        48.478064
      ],
      [
        87.552351,
        48.47859
      ],
      [
        87.551962,
        48.479388
      ],
      [
        87.552014,
        48.480328
      ],
      [
        87.551915,
        48.480522
      ],
      [
        87.551651,
        48.480469
      ],
      [
        87.551612,
        48.480266
      ],
      [
        87.551778,
        48.478895
      ],
      [
        87.551912,
        48.478302
      ],
      [
        87.551893,
        48.478186
      ],
      [
        87.551802,
        48.478106
      ],
      [
        87.55164,
        48.478097
      ],
      [
        87.551496,
        48.478175
      ],
      [
        87.55145,
        48.478312
      ],
      [
        87.55152,
        48.478924
      ],
      [
        87.551329,
        48.479351
      ],
      [
        87.55128,
        48.479904
      ],
      [
        87.551056,
        48.4803
      ],
      [
        87.551026,
        48.480467
      ],
      [
        87.551439,
        48.481645
      ],
      [
        87.551345,
        48.481807
      ],
      [
        87.551128,
        48.481823
      ],
      [
        87.551013,
        48.481744
      ],
      [
        87.550899,
        48.481066
      ],
      [
        87.550533,
        48.480487
      ],
      [
        87.550463,
        48.480281
      ],
      [
        87.5505,
        48.479346
      ],
      [
        87.550677,
        48.478833
      ],
      [
        87.550525,
        48.478746
      ],
      [
        87.550394,
        48.478853
      ],
      [
        87.550334,
        48.478989
      ],
      [
        87.549914,
        48.480524
      ],
      [
        87.54999,
        48.481202
      ],
      [
        87.549957,
        48.481916
      ],
      [
        87.550057,
        48.482858
      ],
      [
        87.550227,
        48.483077
      ],
      [
        87.550537,
        48.483283
      ],
      [
        87.550502,
        48.483405
      ],
      [
        87.550384,
        48.483469
      ],
      [
        87.55014,
        48.483397
      ],
      [
        87.549977,
        48.483266
      ],
      [
        87.549564,
        48.482429
      ],
      [
        87.548978,
        48.481811
      ],
      [
        87.548675,
        48.480873
      ],
      [
        87.548717,
        48.480217
      ],
      [
        87.548624,
        48.47994
      ],
      [
        87.548479,
        48.479864
      ],
      [
        87.548288,
        48.479838
      ],
      [
        87.547355,
        48.479935
      ],
      [
        87.546429,
        48.479932
      ],
      [
        87.545416,
        48.480088
      ],
      [
        87.545266,
        48.480192
      ],
      [
        87.545307,
        48.480317
      ],
      [
        87.545534,
        48.480345
      ],
      [
        87.546343,
        48.480238
      ],
      [
        87.546945,
        48.480344
      ],
      [
        87.547455,
        48.480632
      ],
      [
        87.547634,
        48.480875
      ],
      [
        87.54768,
        48.481153
      ],
      [
        87.547596,
        48.482282
      ],
      [
        87.547894,
        48.482998
      ],
      [
        87.547887,
        48.483144
      ],
      [
        87.547662,
        48.483657
      ],
      [
        87.547628,
        48.483979
      ],
      [
        87.547712,
        48.484307
      ],
      [
        87.547911,
        48.484616
      ],
      [
        87.547899,
        48.484716
      ],
      [
        87.547784,
        48.484768
      ],
      [
        87.547631,
        48.484733
      ],
      [
        87.547508,
        48.484637
      ],
      [
        87.546907,
        48.483087
      ],
      [
        87.546349,
        48.482462
      ],
      [
        87.545957,
        48.482203
      ],
      [
        87.545521,
        48.482089
      ],
      [
        87.545274,
        48.482108
      ],
      [
        87.545023,
        48.482176
      ],
      [
        87.544073,
        48.482675
      ],
      [
        87.543561,
        48.482771
      ],
      [
        87.543303,
        48.482735
      ],
      [
        87.543071,
        48.482634
      ],
      [
        87.542183,
        48.48187
      ],
      [
        87.541787,
        48.481761
      ],
      [
        87.541425,
        48.481826
      ],
      [
        87.541239,
        48.481892
      ],
      [
        87.541148,
        48.482001
      ],
      [
        87.541201,
        48.482119
      ],
      [
        87.54197,
        48.482437
      ],
      [
        87.542201,
        48.482742
      ],
      [
        87.542299,
        48.483229
      ],
      [
        87.542393,
        48.483351
      ],
      [
        87.542523,
        48.483453
      ],
      [
        87.543001,
        48.483628
      ],
      [
        87.543112,
        48.483719
      ],
      [
        87.54309,
        48.483823
      ],
      [
        87.542943,
        48.483885
      ],
      [
        87.542759,
        48.483858
      ],
      [
        87.542349,
        48.483649
      ],
      [
        87.541568,
        48.483076
      ],
      [
        87.541269,
        48.483
      ],
      [
        87.541001,
        48.482971
      ],
      [
        87.540805,
        48.482973
      ],
      [
        87.540495,
        48.483003
      ],
      [
        87.539962,
        48.483056
      ],
      [
        87.539577,
        48.483137
      ],
      [
        87.53944,
        48.483279
      ],
      [
        87.539607,
        48.483515
      ],
      [
        87.540269,
        48.483794
      ],
      [
        87.54077,
        48.483941
      ],
      [
        87.541389,
        48.484255
      ],
      [
        87.541515,
        48.484382
      ],
      [
        87.54159,
        48.484583
      ],
      [
        87.541425,
        48.485009
      ],
      [
        87.541156,
        48.485164
      ],
      [
        87.54077,
        48.485258
      ],
      [
        87.540556,
        48.485253
      ],
      [
        87.539282,
        48.484997
      ],
      [
        87.538937,
        48.485062
      ],
      [
        87.538597,
        48.485335
      ],
      [
        87.538414,
        48.485325
      ],
      [
        87.538429,
        48.485179
      ],
      [
        87.538726,
        48.484952
      ],
      [
        87.539237,
        48.484829
      ],
      [
        87.539954,
        48.484789
      ],
      [
        87.540138,
        48.484678
      ],
      [
        87.540064,
        48.484552
      ],
      [
        87.5398,
        48.484542
      ],
      [
        87.539072,
        48.484638
      ],
      [
        87.538439,
        48.48483
      ],
      [
        87.538089,
        48.485071
      ],
      [
        87.537976,
        48.485344
      ],
      [
        87.538302,
        48.48584
      ],
      [
        87.538267,
        48.485952
      ],
      [
        87.538144,
        48.486038
      ],
      [
        87.537969,
        48.486078
      ],
      [
        87.537015,
        48.486014
      ],
      [
        87.536434,
        48.486053
      ],
      [
        87.535599,
        48.486314
      ],
      [
        87.534802,
        48.486476
      ],
      [
        87.533987,
        48.486853
      ],
      [
        87.532957,
        48.486972
      ],
      [
        87.532504,
        48.48708
      ],
      [
        87.532331,
        48.487179
      ],
      [
        87.532013,
        48.487659
      ],
      [
        87.531859,
        48.487723
      ],
      [
        87.531666,
        48.487731
      ],
      [
        87.530503,
        48.48755
      ],
      [
        87.529872,
        48.487691
      ],
      [
        87.52948,
        48.487899
      ],
      [
        87.529105,
        48.488179
      ],
      [
        87.528815,
        48.488528
      ],
      [
        87.52873,
        48.488906
      ],
      [
        87.528744,
        48.489396
      ],
      [
        87.528692,
        48.489526
      ],
      [
        87.528278,
        48.489847
      ],
      [
        87.528105,
        48.490066
      ],
      [
        87.528065,
        48.490612
      ],
      [
        87.527918,
        48.490831
      ],
      [
        87.527631,
        48.490886
      ],
      [
        87.526895,
        48.490653
      ],
      [
        87.526535,
        48.490595
      ],
      [
        87.525687,
        48.490597
      ],
      [
        87.525303,
        48.490654
      ],
      [
        87.524008,
        48.491417
      ],
      [
        87.523213,
        48.4921
      ],
      [
        87.522456,
        48.492172
      ],
      [
        87.522033,
        48.492331
      ],
      [
        87.521854,
        48.49245
      ],
      [
        87.521555,
        48.492724
      ],
      [
        87.521427,
        48.493205
      ],
      [
        87.521349,
        48.493356
      ],
      [
        87.521178,
        48.493459
      ],
      [
        87.51999,
        48.493646
      ],
      [
        87.519795,
        48.493735
      ],
      [
        87.519512,
        48.494116
      ],
      [
        87.519382,
        48.494192
      ],
      [
        87.519203,
        48.494204
      ],
      [
        87.519048,
        48.49414
      ],
      [
        87.518983,
        48.494019
      ],
      [
        87.519049,
        48.493885
      ],
      [
        87.519626,
        48.493554
      ],
      [
        87.520808,
        48.493037
      ],
      [
        87.520855,
        48.492887
      ],
      [
        87.520817,
        48.492492
      ],
      [
        87.52104,
        48.49208
      ],
      [
        87.521551,
        48.491676
      ],
      [
        87.522444,
        48.491309
      ],
      [
        87.522572,
        48.491165
      ],
      [
        87.522762,
        48.490618
      ],
      [
        87.522913,
        48.490455
      ],
      [
        87.523633,
        48.490128
      ],
      [
        87.523793,
        48.490019
      ],
      [
        87.523826,
        48.489902
      ],
      [
        87.523674,
        48.489816
      ],
      [
        87.523443,
        48.489809
      ],
      [
        87.523248,
        48.489907
      ],
      [
        87.521997,
        48.491008
      ],
      [
        87.521799,
        48.491107
      ],
      [
        87.52105,
        48.491309
      ],
      [
        87.520563,
        48.491504
      ],
      [
        87.519921,
        48.491859
      ],
      [
        87.519436,
        48.49223
      ],
      [
        87.519003,
        48.492362
      ],
      [
        87.51856,
        48.492439
      ],
      [
        87.518358,
        48.492434
      ],
      [
        87.518205,
        48.492375
      ],
      [
        87.518167,
        48.492271
      ],
      [
        87.51826,
        48.492176
      ],
      [
        87.518425,
        48.492127
      ],
      [
        87.51908,
        48.492042
      ],
      [
        87.519272,
        48.491942
      ],
      [
        87.520486,
        48.490928
      ],
      [
        87.521109,
        48.490513
      ],
      [
        87.521167,
        48.490395
      ],
      [
        87.52111,
        48.490277
      ],
      [
        87.520956,
        48.490213
      ],
      [
        87.520782,
        48.490232
      ],
      [
        87.519695,
        48.490972
      ],
      [
        87.519364,
        48.491106
      ],
      [
        87.518191,
        48.491209
      ],
      [
        87.51792,
        48.491282
      ],
      [
        87.517062,
        48.491647
      ],
      [
        87.515771,
        48.492026
      ],
      [
        87.514742,
        48.492523
      ],
      [
        87.514511,
        48.492662
      ],
      [
        87.514027,
        48.493097
      ],
      [
        87.513261,
        48.493434
      ],
      [
        87.513004,
        48.493606
      ],
      [
        87.512282,
        48.494189
      ],
      [
        87.510665,
        48.495001
      ],
      [
        87.509651,
        48.495689
      ],
      [
        87.508697,
        48.49653
      ],
      [
        87.508189,
        48.497107
      ],
      [
        87.507324,
        48.49826
      ],
      [
        87.506988,
        48.498861
      ],
      [
        87.506892,
        48.499498
      ],
      [
        87.50702,
        48.500132
      ],
      [
        87.507601,
        48.501945
      ],
      [
        87.507888,
        48.502511
      ],
      [
        87.510455,
        48.506492
      ],
      [
        87.510601,
        48.506882
      ],
      [
        87.510604,
        48.507066
      ],
      [
        87.510223,
        48.508383
      ],
      [
        87.50959,
        48.510143
      ],
      [
        87.509327,
        48.511781
      ],
      [
        87.509366,
        48.513626
      ],
      [
        87.509316,
        48.513809
      ],
      [
        87.509089,
        48.514153
      ],
      [
        87.508389,
        48.514744
      ],
      [
        87.508165,
        48.515073
      ],
      [
        87.507772,
        48.51592
      ],
      [
        87.507218,
        48.51656
      ],
      [
        87.506711,
        48.517286
      ],
      [
        87.506031,
        48.517976
      ],
      [
        87.504517,
        48.519181
      ],
      [
        87.503305,
        48.520378
      ],
      [
        87.502789,
        48.520947
      ],
      [
        87.502707,
        48.52115
      ],
      [
        87.502717,
        48.521356
      ],
      [
        87.502817,
        48.521548
      ],
      [
        87.50315,
        48.521863
      ],
      [
        87.504354,
        48.522738
      ],
      [
        87.504628,
        48.522797
      ],
      [
        87.505354,
        48.523187
      ],
      [
        87.505801,
        48.523339
      ],
      [
        87.507026,
        48.523522
      ],
      [
        87.507646,
        48.523669
      ],
      [
        87.507953,
        48.523799
      ],
      [
        87.509373,
        48.524621
      ],
      [
        87.509766,
        48.524773
      ],
      [
        87.510197,
        48.524845
      ],
      [
        87.513031,
        48.525005
      ],
      [
        87.51487,
        48.52518
      ],
      [
        87.515825,
        48.525291
      ],
      [
        87.516348,
        48.525487
      ],
      [
        87.516645,
        48.52567
      ],
      [
        87.517002,
        48.526021
      ],
      [
        87.51724,
        48.526738
      ],
      [
        87.517605,
        48.527928
      ],
      [
        87.517664,
        48.528258
      ],
      [
        87.517616,
        48.5284
      ],
      [
        87.517589,
        48.528638
      ],
      [
        87.517535,
        48.528702
      ],
      [
        87.517299,
        48.528869
      ],
      [
        87.516673,
        48.529397
      ],
      [
        87.515675,
        48.529805
      ],
      [
        87.514724,
        48.530019
      ],
      [
        87.513065,
        48.529932
      ],
      [
        87.510899,
        48.530163
      ],
      [
        87.509983,
        48.530496
      ],
      [
        87.508792,
        48.530985
      ],
      [
        87.507895,
        48.531321
      ],
      [
        87.507021,
        48.531378
      ],
      [
        87.504913,
        48.531143
      ],
      [
        87.499831,
        48.530983
      ],
      [
        87.493411,
        48.531463
      ],
      [
        87.491774,
        48.531367
      ],
      [
        87.490755,
        48.531399
      ],
      [
        87.4886,
        48.531741
      ],
      [
        87.487147,
        48.532195
      ],
      [
        87.486097,
        48.532985
      ],
      [
        87.485414,
        48.53338
      ],
      [
        87.484928,
        48.53369
      ],
      [
        87.484554,
        48.53378
      ],
      [
        87.483466,
        48.533737
      ],
      [
        87.482563,
        48.533811
      ],
      [
        87.4814,
        48.534002
      ],
      [
        87.480347,
        48.533957
      ],
      [
        87.479841,
        48.534029
      ],
      [
        87.479428,
        48.534331
      ],
      [
        87.480491,
        48.534695
      ],
      [
        87.480638,
        48.534748
      ],
      [
        87.480763,
        48.534804
      ],
      [
        87.480874,
        48.534868
      ],
      [
        87.481028,
        48.535005
      ],
      [
        87.481078,
        48.535082
      ],
      [
        87.481109,
        48.535168
      ],
      [
        87.48112,
        48.535256
      ],
      [
        87.481112,
        48.535331
      ],
      [
        87.481087,
        48.535404
      ],
      [
        87.481044,
        48.535473
      ],
      [
        87.480979,
        48.535546
      ],
      [
        87.480902,
        48.535609
      ],
      [
        87.480803,
        48.535673
      ],
      [
        87.480687,
        48.535732
      ],
      [
        87.480555,
        48.535787
      ],
      [
        87.480046,
        48.535977
      ],
      [
        87.479817,
        48.536073
      ],
      [
        87.479629,
        48.53617
      ],
      [
        87.479447,
        48.536286
      ],
      [
        87.4793,
        48.536405
      ],
      [
        87.479171,
        48.536536
      ],
      [
        87.479059,
        48.536681
      ],
      [
        87.478962,
        48.536842
      ],
      [
        87.478874,
        48.537036
      ],
      [
        87.478726,
        48.537423
      ],
      [
        87.478646,
        48.537633
      ],
      [
        87.47858,
        48.537806
      ],
      [
        87.478547,
        48.537936
      ],
      [
        87.478538,
        48.538076
      ],
      [
        87.47855,
        48.538218
      ],
      [
        87.47858,
        48.538351
      ],
      [
        87.478627,
        48.538466
      ],
      [
        87.479792,
        48.540669
      ],
      [
        87.479857,
        48.540803
      ],
      [
        87.479909,
        48.540932
      ],
      [
        87.479949,
        48.541055
      ],
      [
        87.479977,
        48.54117
      ],
      [
        87.479995,
        48.541277
      ],
      [
        87.480003,
        48.541374
      ],
      [
        87.480003,
        48.541476
      ],
      [
        87.479994,
        48.541595
      ],
      [
        87.479976,
        48.541727
      ],
      [
        87.479946,
        48.541867
      ],
      [
        87.479904,
        48.542009
      ],
      [
        87.479849,
        48.54215
      ],
      [
        87.478205,
        48.545745
      ],
      [
        87.478166,
        48.545849
      ],
      [
        87.478145,
        48.545951
      ],
      [
        87.478142,
        48.54605
      ],
      [
        87.478158,
        48.546147
      ],
      [
        87.478193,
        48.546241
      ],
      [
        87.478247,
        48.546333
      ],
      [
        87.478319,
        48.546423
      ],
      [
        87.478411,
        48.54651
      ],
      [
        87.482544,
        48.550003
      ],
      [
        87.482644,
        48.550099
      ],
      [
        87.482723,
        48.550199
      ],
      [
        87.48278,
        48.550301
      ],
      [
        87.482817,
        48.550405
      ],
      [
        87.482834,
        48.550511
      ],
      [
        87.482831,
        48.550617
      ],
      [
        87.482808,
        48.550724
      ],
      [
        87.482766,
        48.550829
      ],
      [
        87.479135,
        48.558096
      ],
      [
        87.478779,
        48.558859
      ],
      [
        87.475769,
        48.565568
      ],
      [
        87.475706,
        48.5657
      ],
      [
        87.475635,
        48.565829
      ],
      [
        87.475554,
        48.565954
      ],
      [
        87.475463,
        48.566075
      ],
      [
        87.475359,
        48.566191
      ],
      [
        87.475242,
        48.566302
      ],
      [
        87.475108,
        48.566408
      ],
      [
        87.474956,
        48.566507
      ],
      [
        87.474786,
        48.566601
      ],
      [
        87.474643,
        48.566666
      ],
      [
        87.474597,
        48.566797
      ],
      [
        87.474565,
        48.566922
      ],
      [
        87.474586,
        48.567023
      ],
      [
        87.47463,
        48.567109
      ],
      [
        87.474745,
        48.567149
      ],
      [
        87.474991,
        48.56718
      ],
      [
        87.475378,
        48.567209
      ],
      [
        87.475875,
        48.567234
      ],
      [
        87.476465,
        48.567178
      ],
      [
        87.477323,
        48.56717
      ],
      [
        87.477827,
        48.567114
      ],
      [
        87.478492,
        48.567071
      ],
      [
        87.478932,
        48.566915
      ],
      [
        87.479576,
        48.566744
      ],
      [
        87.480102,
        48.566595
      ],
      [
        87.480477,
        48.566581
      ],
      [
        87.481046,
        48.566681
      ],
      [
        87.482687,
        48.566851
      ],
      [
        87.484254,
        48.567036
      ],
      [
        87.486829,
        48.567298
      ],
      [
        87.487891,
        48.567369
      ],
      [
        87.488932,
        48.567391
      ],
      [
        87.489683,
        48.567383
      ],
      [
        87.490552,
        48.567462
      ],
      [
        87.491388,
        48.567447
      ],
      [
        87.492086,
        48.567433
      ],
      [
        87.492751,
        48.567462
      ],
      [
        87.493427,
        48.567391
      ],
      [
        87.494081,
        48.567284
      ],
      [
        87.4948,
        48.567291
      ],
      [
        87.495659,
        48.567298
      ],
      [
        87.496914,
        48.567334
      ],
      [
        87.497783,
        48.567312
      ],
      [
        87.498791,
        48.567263
      ],
      [
        87.499371,
        48.567241
      ],
      [
        87.500047,
        48.567291
      ],
      [
        87.500991,
        48.567405
      ],
      [
        87.501817,
        48.567554
      ],
      [
        87.50319,
        48.567767
      ],
      [
        87.503834,
        48.567866
      ],
      [
        87.504521,
        48.568015
      ],
      [
        87.505046,
        48.568093
      ],
      [
        87.505765,
        48.568193
      ],
      [
        87.50643,
        48.568321
      ],
      [
        87.506924,
        48.568463
      ],
      [
        87.507321,
        48.568548
      ],
      [
        87.507922,
        48.56881
      ],
      [
        87.508533,
        48.56918
      ],
      [
        87.509284,
        48.569584
      ],
      [
        87.509949,
        48.569911
      ],
      [
        87.512395,
        48.570401
      ],
      [
        87.512846,
        48.570479
      ],
      [
        87.513329,
        48.570578
      ],
      [
        87.514005,
        48.570678
      ],
      [
        87.514616,
        48.570812
      ],
      [
        87.519595,
        48.571303
      ],
      [
        87.52218,
        48.571558
      ],
      [
        87.522963,
        48.57165
      ],
      [
        87.523836,
        48.57184
      ],
      [
        87.524082,
        48.571894
      ]
    ],
    "type": "LineString"
  }
}
