{
  "type": "Feature",
  "properties": {
    "tripId": "xinjiang-self-drive-2026",
    "dayId": "day-8",
    "segmentId": "day-8-driving",
    "label": "塔县沿 G314 返回喀什",
    "mode": "driving",
    "routeQuality": "road-network",
    "routingProvider": "https://router.project-osrm.org",
    "routingProfile": "driving",
    "requestOptions": {
      "geometries": "geojson",
      "overview": "full",
      "steps": false,
      "alternatives": false
    },
    "inputCoordinates": [
      [
        75.22466,
        37.77694
      ],
      [
        75.051098,
        38.464341
      ],
      [
        75.002423,
        38.751563
      ],
      [
        75.474853,
        38.977032
      ],
      [
        75.987628,
        39.472055
      ]
    ],
    "snappedWaypoints": [
      [
        75.224474,
        37.776901
      ],
      [
        75.050254,
        38.465633
      ],
      [
        75.002727,
        38.753099
      ],
      [
        75.474881,
        38.977011
      ],
      [
        75.987743,
        39.472091
      ]
    ],
    "source": "OSRM",
    "sourceUrl": "https://project-osrm.org/",
    "mapData": "© OpenStreetMap contributors",
    "mapDataUrl": "https://www.openstreetmap.org/copyright",
    "generatedAt": "2026-09-05T14:58:52.191Z",
    "distanceMeters": 330688.2,
    "durationSeconds": 16749.2,
    "distanceKm": 330.7,
    "durationMinutes": 279
  },
  "geometry": {
    "coordinates": [
      [
        75.224474,
        37.776901
      ],
      [
        75.224286,
        37.777467
      ],
      [
        75.223595,
        37.777292
      ],
      [
        75.223536,
        37.777277
      ],
      [
        75.223192,
        37.777193
      ],
      [
        75.222858,
        37.777105
      ],
      [
        75.222156,
        37.776932
      ],
      [
        75.221943,
        37.776877
      ],
      [
        75.221419,
        37.776726
      ],
      [
        75.220216,
        37.776383
      ],
      [
        75.219693,
        37.778252
      ],
      [
        75.219249,
        37.77993
      ],
      [
        75.219005,
        37.780846
      ],
      [
        75.218429,
        37.783032
      ],
      [
        75.218362,
        37.783281
      ],
      [
        75.218223,
        37.783794
      ],
      [
        75.217476,
        37.786554
      ],
      [
        75.217343,
        37.787046
      ],
      [
        75.216823,
        37.78902
      ],
      [
        75.21656,
        37.79015
      ],
      [
        75.216436,
        37.791022
      ],
      [
        75.216388,
        37.792073
      ],
      [
        75.216423,
        37.793301
      ],
      [
        75.216511,
        37.795058
      ],
      [
        75.216643,
        37.797922
      ],
      [
        75.216886,
        37.803192
      ],
      [
        75.216893,
        37.803346
      ],
      [
        75.217078,
        37.807364
      ],
      [
        75.217141,
        37.808638
      ],
      [
        75.2172,
        37.80983
      ],
      [
        75.217313,
        37.8121
      ],
      [
        75.217412,
        37.814351
      ],
      [
        75.217491,
        37.815919
      ],
      [
        75.217515,
        37.816486
      ],
      [
        75.217488,
        37.816977
      ],
      [
        75.217397,
        37.817472
      ],
      [
        75.217263,
        37.817921
      ],
      [
        75.217176,
        37.818121
      ],
      [
        75.217092,
        37.818315
      ],
      [
        75.216911,
        37.818664
      ],
      [
        75.21648,
        37.819437
      ],
      [
        75.216436,
        37.819517
      ],
      [
        75.216116,
        37.820091
      ],
      [
        75.215193,
        37.821622
      ],
      [
        75.214768,
        37.822379
      ],
      [
        75.214445,
        37.822793
      ],
      [
        75.212645,
        37.824295
      ],
      [
        75.211584,
        37.825215
      ],
      [
        75.21112,
        37.825684
      ],
      [
        75.210814,
        37.826114
      ],
      [
        75.210461,
        37.826781
      ],
      [
        75.210296,
        37.827268
      ],
      [
        75.210173,
        37.827859
      ],
      [
        75.210139,
        37.828246
      ],
      [
        75.210115,
        37.828393
      ],
      [
        75.210056,
        37.829012
      ],
      [
        75.210029,
        37.829557
      ],
      [
        75.210051,
        37.830107
      ],
      [
        75.210121,
        37.830725
      ],
      [
        75.21026,
        37.831609
      ],
      [
        75.210403,
        37.832451
      ],
      [
        75.210544,
        37.833313
      ],
      [
        75.210678,
        37.834127
      ],
      [
        75.210758,
        37.8348
      ],
      [
        75.210785,
        37.835596
      ],
      [
        75.210757,
        37.836412
      ],
      [
        75.210632,
        37.837558
      ],
      [
        75.210158,
        37.841913
      ],
      [
        75.209898,
        37.844314
      ],
      [
        75.209878,
        37.844501
      ],
      [
        75.209665,
        37.846361
      ],
      [
        75.209567,
        37.847483
      ],
      [
        75.209573,
        37.84795
      ],
      [
        75.209646,
        37.848645
      ],
      [
        75.209881,
        37.849782
      ],
      [
        75.210093,
        37.850799
      ],
      [
        75.210137,
        37.851109
      ],
      [
        75.21021,
        37.851651
      ],
      [
        75.210231,
        37.852061
      ],
      [
        75.210239,
        37.853912
      ],
      [
        75.210241,
        37.854357
      ],
      [
        75.210242,
        37.854673
      ],
      [
        75.210242,
        37.85529
      ],
      [
        75.210242,
        37.855852
      ],
      [
        75.210294,
        37.856301
      ],
      [
        75.210464,
        37.85672
      ],
      [
        75.210723,
        37.857097
      ],
      [
        75.211043,
        37.857409
      ],
      [
        75.211431,
        37.857655
      ],
      [
        75.211965,
        37.857968
      ],
      [
        75.212441,
        37.858253
      ],
      [
        75.212633,
        37.858411
      ],
      [
        75.212798,
        37.858629
      ],
      [
        75.212945,
        37.858861
      ],
      [
        75.213096,
        37.859132
      ],
      [
        75.21327,
        37.859476
      ],
      [
        75.213376,
        37.859694
      ],
      [
        75.213488,
        37.859884
      ],
      [
        75.213617,
        37.860025
      ],
      [
        75.213866,
        37.860264
      ],
      [
        75.214102,
        37.860464
      ],
      [
        75.214351,
        37.860703
      ],
      [
        75.214485,
        37.860879
      ],
      [
        75.21467,
        37.86111
      ],
      [
        75.215033,
        37.86187
      ],
      [
        75.215318,
        37.862503
      ],
      [
        75.215518,
        37.862964
      ],
      [
        75.216152,
        37.864353
      ],
      [
        75.216529,
        37.865175
      ],
      [
        75.216783,
        37.865835
      ],
      [
        75.216929,
        37.866306
      ],
      [
        75.217148,
        37.867143
      ],
      [
        75.2174,
        37.868264
      ],
      [
        75.217768,
        37.869903
      ],
      [
        75.217927,
        37.870341
      ],
      [
        75.218083,
        37.870739
      ],
      [
        75.218248,
        37.871198
      ],
      [
        75.218604,
        37.871887
      ],
      [
        75.218999,
        37.872545
      ],
      [
        75.219621,
        37.873662
      ],
      [
        75.219817,
        37.873971
      ],
      [
        75.220695,
        37.875377
      ],
      [
        75.221195,
        37.876316
      ],
      [
        75.221624,
        37.877106
      ],
      [
        75.221999,
        37.878025
      ],
      [
        75.222192,
        37.878547
      ],
      [
        75.222334,
        37.879097
      ],
      [
        75.222425,
        37.879656
      ],
      [
        75.22246,
        37.880144
      ],
      [
        75.222332,
        37.880646
      ],
      [
        75.221624,
        37.882221
      ],
      [
        75.221538,
        37.882822
      ],
      [
        75.221667,
        37.883453
      ],
      [
        75.221763,
        37.883999
      ],
      [
        75.221692,
        37.885008
      ],
      [
        75.22175,
        37.887113
      ],
      [
        75.221625,
        37.887619
      ],
      [
        75.221409,
        37.887938
      ],
      [
        75.221088,
        37.888184
      ],
      [
        75.220244,
        37.888649
      ],
      [
        75.218287,
        37.890082
      ],
      [
        75.217722,
        37.890804
      ],
      [
        75.216944,
        37.893988
      ],
      [
        75.216842,
        37.894277
      ],
      [
        75.216624,
        37.894538
      ],
      [
        75.214918,
        37.896249
      ],
      [
        75.21459,
        37.896825
      ],
      [
        75.214526,
        37.897501
      ],
      [
        75.214821,
        37.898288
      ],
      [
        75.214974,
        37.898974
      ],
      [
        75.214822,
        37.899994
      ],
      [
        75.215012,
        37.901285
      ],
      [
        75.214859,
        37.90177
      ],
      [
        75.213989,
        37.9029
      ],
      [
        75.21323,
        37.904655
      ],
      [
        75.212787,
        37.905181
      ],
      [
        75.212096,
        37.905635
      ],
      [
        75.210983,
        37.905776
      ],
      [
        75.209487,
        37.905686
      ],
      [
        75.208758,
        37.905887
      ],
      [
        75.207325,
        37.907038
      ],
      [
        75.205995,
        37.907532
      ],
      [
        75.204107,
        37.907994
      ],
      [
        75.203642,
        37.908441
      ],
      [
        75.203386,
        37.908905
      ],
      [
        75.203335,
        37.910398
      ],
      [
        75.203025,
        37.911689
      ],
      [
        75.20189,
        37.912755
      ],
      [
        75.201367,
        37.913341
      ],
      [
        75.200942,
        37.914473
      ],
      [
        75.200562,
        37.915072
      ],
      [
        75.200333,
        37.915334
      ],
      [
        75.200071,
        37.915577
      ],
      [
        75.199884,
        37.915727
      ],
      [
        75.199635,
        37.915892
      ],
      [
        75.199284,
        37.916068
      ],
      [
        75.197726,
        37.916659
      ],
      [
        75.197413,
        37.916811
      ],
      [
        75.197237,
        37.916916
      ],
      [
        75.197033,
        37.917119
      ],
      [
        75.196902,
        37.917299
      ],
      [
        75.196793,
        37.917517
      ],
      [
        75.196478,
        37.918224
      ],
      [
        75.196321,
        37.918524
      ],
      [
        75.196165,
        37.918755
      ],
      [
        75.195968,
        37.918997
      ],
      [
        75.195758,
        37.919235
      ],
      [
        75.193983,
        37.921065
      ],
      [
        75.193799,
        37.921234
      ],
      [
        75.193583,
        37.921381
      ],
      [
        75.193316,
        37.921506
      ],
      [
        75.193056,
        37.921577
      ],
      [
        75.192822,
        37.921613
      ],
      [
        75.192583,
        37.921625
      ],
      [
        75.192011,
        37.921639
      ],
      [
        75.191601,
        37.921674
      ],
      [
        75.191283,
        37.921729
      ],
      [
        75.190978,
        37.921831
      ],
      [
        75.19073,
        37.921934
      ],
      [
        75.190496,
        37.92206
      ],
      [
        75.190284,
        37.922203
      ],
      [
        75.190069,
        37.922379
      ],
      [
        75.189821,
        37.922626
      ],
      [
        75.18953,
        37.922917
      ],
      [
        75.189267,
        37.923087
      ],
      [
        75.18896,
        37.923217
      ],
      [
        75.18858,
        37.923262
      ],
      [
        75.187976,
        37.923278
      ],
      [
        75.185938,
        37.923253
      ],
      [
        75.185415,
        37.923225
      ],
      [
        75.185177,
        37.923182
      ],
      [
        75.185039,
        37.923157
      ],
      [
        75.184679,
        37.92301
      ],
      [
        75.184582,
        37.922933
      ],
      [
        75.184398,
        37.922789
      ],
      [
        75.18385,
        37.922151
      ],
      [
        75.183226,
        37.921534
      ],
      [
        75.182527,
        37.920843
      ],
      [
        75.176667,
        37.91628
      ],
      [
        75.176172,
        37.915924
      ],
      [
        75.175712,
        37.915668
      ],
      [
        75.175188,
        37.915398
      ],
      [
        75.169393,
        37.912529
      ],
      [
        75.168821,
        37.912342
      ],
      [
        75.168364,
        37.912264
      ],
      [
        75.167977,
        37.912247
      ],
      [
        75.167628,
        37.912268
      ],
      [
        75.167274,
        37.91233
      ],
      [
        75.166934,
        37.912422
      ],
      [
        75.166584,
        37.912563
      ],
      [
        75.16271,
        37.914338
      ],
      [
        75.162178,
        37.914584
      ],
      [
        75.158973,
        37.916111
      ],
      [
        75.158697,
        37.916268
      ],
      [
        75.158427,
        37.916433
      ],
      [
        75.158163,
        37.916603
      ],
      [
        75.157906,
        37.916779
      ],
      [
        75.157655,
        37.916961
      ],
      [
        75.157411,
        37.917149
      ],
      [
        75.157288,
        37.91725
      ],
      [
        75.157175,
        37.917342
      ],
      [
        75.156945,
        37.917541
      ],
      [
        75.156701,
        37.917765
      ],
      [
        75.156467,
        37.917996
      ],
      [
        75.156242,
        37.918232
      ],
      [
        75.156027,
        37.918474
      ],
      [
        75.155822,
        37.918721
      ],
      [
        75.155627,
        37.918973
      ],
      [
        75.155442,
        37.91923
      ],
      [
        75.155268,
        37.919491
      ],
      [
        75.155105,
        37.919757
      ],
      [
        75.154952,
        37.920027
      ],
      [
        75.154811,
        37.9203
      ],
      [
        75.15468,
        37.920577
      ],
      [
        75.154561,
        37.920857
      ],
      [
        75.154454,
        37.92114
      ],
      [
        75.154358,
        37.921426
      ],
      [
        75.154274,
        37.921714
      ],
      [
        75.154131,
        37.922185
      ],
      [
        75.153984,
        37.92267
      ],
      [
        75.153951,
        37.923118
      ],
      [
        75.153726,
        37.926182
      ],
      [
        75.153506,
        37.928676
      ],
      [
        75.152883,
        37.935303
      ],
      [
        75.152623,
        37.938095
      ],
      [
        75.152493,
        37.938874
      ],
      [
        75.152303,
        37.939702
      ],
      [
        75.150752,
        37.945999
      ],
      [
        75.148606,
        37.954712
      ],
      [
        75.148226,
        37.956186
      ],
      [
        75.14803,
        37.956779
      ],
      [
        75.147815,
        37.95729
      ],
      [
        75.14753,
        37.957831
      ],
      [
        75.147234,
        37.958317
      ],
      [
        75.14683,
        37.958895
      ],
      [
        75.146459,
        37.95933
      ],
      [
        75.146116,
        37.959705
      ],
      [
        75.145621,
        37.96018
      ],
      [
        75.144088,
        37.961502
      ],
      [
        75.128036,
        37.975183
      ],
      [
        75.125287,
        37.977545
      ],
      [
        75.124359,
        37.97841
      ],
      [
        75.123782,
        37.978991
      ],
      [
        75.12342,
        37.979504
      ],
      [
        75.122016,
        37.982093
      ],
      [
        75.120247,
        37.985354
      ],
      [
        75.120184,
        37.985472
      ],
      [
        75.119649,
        37.986468
      ],
      [
        75.119181,
        37.987229
      ],
      [
        75.118743,
        37.987859
      ],
      [
        75.118173,
        37.988575
      ],
      [
        75.1117,
        37.995537
      ],
      [
        75.105982,
        38.001734
      ],
      [
        75.105898,
        38.001824
      ],
      [
        75.098541,
        38.009701
      ],
      [
        75.09596,
        38.012432
      ],
      [
        75.095554,
        38.012788
      ],
      [
        75.095283,
        38.013007
      ],
      [
        75.093379,
        38.014129
      ],
      [
        75.089834,
        38.016062
      ],
      [
        75.088788,
        38.016609
      ],
      [
        75.087094,
        38.017541
      ],
      [
        75.085425,
        38.018415
      ],
      [
        75.084502,
        38.018811
      ],
      [
        75.083329,
        38.01918
      ],
      [
        75.080989,
        38.019863
      ],
      [
        75.078347,
        38.02058
      ],
      [
        75.074853,
        38.021568
      ],
      [
        75.073423,
        38.022058
      ],
      [
        75.072316,
        38.022517
      ],
      [
        75.071287,
        38.02304
      ],
      [
        75.070447,
        38.023549
      ],
      [
        75.067181,
        38.025622
      ],
      [
        75.055237,
        38.033204
      ],
      [
        75.042139,
        38.041641
      ],
      [
        75.038312,
        38.045443
      ],
      [
        75.036586,
        38.048351
      ],
      [
        75.033939,
        38.052324
      ],
      [
        75.029625,
        38.058404
      ],
      [
        75.02871,
        38.059465
      ],
      [
        75.027901,
        38.060382
      ],
      [
        75.023083,
        38.065954
      ],
      [
        75.020995,
        38.068377
      ],
      [
        75.020655,
        38.068723
      ],
      [
        75.019642,
        38.069565
      ],
      [
        75.01922,
        38.069894
      ],
      [
        75.017143,
        38.071275
      ],
      [
        75.015539,
        38.072318
      ],
      [
        75.013614,
        38.073575
      ],
      [
        75.012063,
        38.074726
      ],
      [
        75.011114,
        38.075514
      ],
      [
        75.010713,
        38.075844
      ],
      [
        75.009933,
        38.076605
      ],
      [
        75.007171,
        38.079296
      ],
      [
        75.006472,
        38.079966
      ],
      [
        75.006009,
        38.080426
      ],
      [
        75.005427,
        38.081031
      ],
      [
        75.004997,
        38.081622
      ],
      [
        75.004631,
        38.082229
      ],
      [
        75.004347,
        38.082937
      ],
      [
        75.004209,
        38.083597
      ],
      [
        75.004132,
        38.083978
      ],
      [
        75.004118,
        38.084359
      ],
      [
        75.004131,
        38.084926
      ],
      [
        75.004217,
        38.085493
      ],
      [
        75.004412,
        38.086759
      ],
      [
        75.00445,
        38.087244
      ],
      [
        75.004391,
        38.087929
      ],
      [
        75.004243,
        38.088666
      ],
      [
        75.003973,
        38.089374
      ],
      [
        75.003689,
        38.089907
      ],
      [
        75.003622,
        38.090024
      ],
      [
        75.003511,
        38.090235
      ],
      [
        75.002934,
        38.090949
      ],
      [
        75.00265,
        38.091237
      ],
      [
        75.002566,
        38.091312
      ],
      [
        75.001554,
        38.092134
      ],
      [
        75.000477,
        38.092942
      ],
      [
        74.999671,
        38.093593
      ],
      [
        74.999144,
        38.094095
      ],
      [
        74.996735,
        38.096772
      ],
      [
        74.996205,
        38.097314
      ],
      [
        74.995579,
        38.097798
      ],
      [
        74.995075,
        38.098071
      ],
      [
        74.994592,
        38.098296
      ],
      [
        74.993056,
        38.098902
      ],
      [
        74.991416,
        38.099598
      ],
      [
        74.990736,
        38.100084
      ],
      [
        74.990107,
        38.100711
      ],
      [
        74.986667,
        38.10429
      ],
      [
        74.986167,
        38.104914
      ],
      [
        74.985878,
        38.105437
      ],
      [
        74.985644,
        38.106144
      ],
      [
        74.983917,
        38.111075
      ],
      [
        74.983699,
        38.112164
      ],
      [
        74.982811,
        38.118033
      ],
      [
        74.982638,
        38.118737
      ],
      [
        74.982569,
        38.118963
      ],
      [
        74.982096,
        38.119935
      ],
      [
        74.981777,
        38.120526
      ],
      [
        74.981604,
        38.120882
      ],
      [
        74.981008,
        38.121949
      ],
      [
        74.980815,
        38.122327
      ],
      [
        74.980516,
        38.123163
      ],
      [
        74.979562,
        38.125447
      ],
      [
        74.979102,
        38.126601
      ],
      [
        74.978597,
        38.127702
      ],
      [
        74.977843,
        38.129366
      ],
      [
        74.977134,
        38.130667
      ],
      [
        74.974233,
        38.135199
      ],
      [
        74.973343,
        38.136597
      ],
      [
        74.972656,
        38.137694
      ],
      [
        74.97081,
        38.140582
      ],
      [
        74.970723,
        38.14072
      ],
      [
        74.970493,
        38.14105
      ],
      [
        74.970409,
        38.141315
      ],
      [
        74.970423,
        38.141541
      ],
      [
        74.970508,
        38.141814
      ],
      [
        74.970621,
        38.142171
      ],
      [
        74.970662,
        38.142439
      ],
      [
        74.970641,
        38.142723
      ],
      [
        74.970529,
        38.142964
      ],
      [
        74.967972,
        38.146869
      ],
      [
        74.967902,
        38.146981
      ],
      [
        74.9673,
        38.147948
      ],
      [
        74.966582,
        38.148717
      ],
      [
        74.966162,
        38.149167
      ],
      [
        74.9651,
        38.150112
      ],
      [
        74.964643,
        38.150485
      ],
      [
        74.964114,
        38.150857
      ],
      [
        74.960686,
        38.153102
      ],
      [
        74.959141,
        38.154182
      ],
      [
        74.958841,
        38.154344
      ],
      [
        74.958536,
        38.154457
      ],
      [
        74.958207,
        38.154579
      ],
      [
        74.957964,
        38.154758
      ],
      [
        74.957451,
        38.155404
      ],
      [
        74.957384,
        38.155558
      ],
      [
        74.957407,
        38.155861
      ],
      [
        74.957437,
        38.156105
      ],
      [
        74.957375,
        38.156338
      ],
      [
        74.957237,
        38.156923
      ],
      [
        74.956904,
        38.158327
      ],
      [
        74.956773,
        38.15849
      ],
      [
        74.956537,
        38.158652
      ],
      [
        74.956245,
        38.158863
      ],
      [
        74.956051,
        38.159092
      ],
      [
        74.955918,
        38.159325
      ],
      [
        74.955885,
        38.159562
      ],
      [
        74.955875,
        38.159887
      ],
      [
        74.955914,
        38.160416
      ],
      [
        74.955961,
        38.160898
      ],
      [
        74.955965,
        38.16104
      ],
      [
        74.95587,
        38.16127
      ],
      [
        74.955722,
        38.161543
      ],
      [
        74.954968,
        38.163065
      ],
      [
        74.954619,
        38.163706
      ],
      [
        74.954265,
        38.164173
      ],
      [
        74.952103,
        38.166735
      ],
      [
        74.951329,
        38.167678
      ],
      [
        74.950566,
        38.168806
      ],
      [
        74.946742,
        38.174664
      ],
      [
        74.946199,
        38.175341
      ],
      [
        74.94256,
        38.179316
      ],
      [
        74.940207,
        38.181611
      ],
      [
        74.938598,
        38.182968
      ],
      [
        74.929192,
        38.19087
      ],
      [
        74.929095,
        38.190953
      ],
      [
        74.928969,
        38.191061
      ],
      [
        74.928936,
        38.191089
      ],
      [
        74.928071,
        38.191834
      ],
      [
        74.927713,
        38.19216
      ],
      [
        74.927385,
        38.192516
      ],
      [
        74.927117,
        38.192885
      ],
      [
        74.927036,
        38.192998
      ],
      [
        74.926929,
        38.193145
      ],
      [
        74.926251,
        38.194262
      ],
      [
        74.925797,
        38.195026
      ],
      [
        74.924978,
        38.19636
      ],
      [
        74.924918,
        38.196459
      ],
      [
        74.924549,
        38.197067
      ],
      [
        74.923475,
        38.198922
      ],
      [
        74.923113,
        38.199506
      ],
      [
        74.920213,
        38.204214
      ],
      [
        74.92006,
        38.204476
      ],
      [
        74.919956,
        38.204673
      ],
      [
        74.919861,
        38.204906
      ],
      [
        74.919817,
        38.205052
      ],
      [
        74.919768,
        38.205208
      ],
      [
        74.919725,
        38.205353
      ],
      [
        74.919683,
        38.205512
      ],
      [
        74.919645,
        38.205684
      ],
      [
        74.919556,
        38.206016
      ],
      [
        74.91951,
        38.206259
      ],
      [
        74.919411,
        38.206647
      ],
      [
        74.919338,
        38.206873
      ],
      [
        74.919282,
        38.207049
      ],
      [
        74.919177,
        38.207259
      ],
      [
        74.919045,
        38.207465
      ],
      [
        74.918922,
        38.207661
      ],
      [
        74.918757,
        38.207889
      ],
      [
        74.918111,
        38.208827
      ],
      [
        74.917039,
        38.210371
      ],
      [
        74.915362,
        38.212846
      ],
      [
        74.914826,
        38.213608
      ],
      [
        74.914711,
        38.213786
      ],
      [
        74.914577,
        38.213986
      ],
      [
        74.914464,
        38.214154
      ],
      [
        74.914337,
        38.214375
      ],
      [
        74.914247,
        38.214592
      ],
      [
        74.914202,
        38.214771
      ],
      [
        74.91418,
        38.21494
      ],
      [
        74.914176,
        38.215154
      ],
      [
        74.914186,
        38.215355
      ],
      [
        74.914197,
        38.215557
      ],
      [
        74.914214,
        38.215859
      ],
      [
        74.914298,
        38.216926
      ],
      [
        74.914478,
        38.219413
      ],
      [
        74.914607,
        38.220553
      ],
      [
        74.914777,
        38.22164
      ],
      [
        74.914885,
        38.222102
      ],
      [
        74.914981,
        38.22259
      ],
      [
        74.91511,
        38.223108
      ],
      [
        74.915206,
        38.223649
      ],
      [
        74.915318,
        38.224165
      ],
      [
        74.915418,
        38.224697
      ],
      [
        74.916083,
        38.227902
      ],
      [
        74.916149,
        38.228247
      ],
      [
        74.917047,
        38.232642
      ],
      [
        74.917142,
        38.23346
      ],
      [
        74.917186,
        38.233806
      ],
      [
        74.917395,
        38.235559
      ],
      [
        74.917425,
        38.23588
      ],
      [
        74.917453,
        38.236192
      ],
      [
        74.917493,
        38.236525
      ],
      [
        74.917535,
        38.236791
      ],
      [
        74.91757,
        38.237091
      ],
      [
        74.917608,
        38.237386
      ],
      [
        74.917646,
        38.237707
      ],
      [
        74.91768,
        38.237973
      ],
      [
        74.917723,
        38.238226
      ],
      [
        74.917715,
        38.238523
      ],
      [
        74.917675,
        38.238796
      ],
      [
        74.917593,
        38.239077
      ],
      [
        74.917473,
        38.239339
      ],
      [
        74.91736,
        38.239594
      ],
      [
        74.917238,
        38.239835
      ],
      [
        74.917108,
        38.240092
      ],
      [
        74.917003,
        38.240327
      ],
      [
        74.91689,
        38.240563
      ],
      [
        74.916783,
        38.240817
      ],
      [
        74.915855,
        38.242638
      ],
      [
        74.9139,
        38.246632
      ],
      [
        74.913612,
        38.247211
      ],
      [
        74.913238,
        38.248032
      ],
      [
        74.913093,
        38.248381
      ],
      [
        74.912999,
        38.248712
      ],
      [
        74.912942,
        38.249032
      ],
      [
        74.912907,
        38.249339
      ],
      [
        74.912874,
        38.249632
      ],
      [
        74.912855,
        38.249909
      ],
      [
        74.912803,
        38.250293
      ],
      [
        74.912772,
        38.250615
      ],
      [
        74.912697,
        38.251053
      ],
      [
        74.912663,
        38.251431
      ],
      [
        74.912623,
        38.251859
      ],
      [
        74.912612,
        38.252212
      ],
      [
        74.91262,
        38.252539
      ],
      [
        74.912632,
        38.2529
      ],
      [
        74.912652,
        38.253295
      ],
      [
        74.912651,
        38.253659
      ],
      [
        74.91271,
        38.25403
      ],
      [
        74.912753,
        38.254404
      ],
      [
        74.912817,
        38.254701
      ],
      [
        74.912884,
        38.254979
      ],
      [
        74.912942,
        38.255269
      ],
      [
        74.913007,
        38.255496
      ],
      [
        74.913101,
        38.255749
      ],
      [
        74.913171,
        38.255985
      ],
      [
        74.913263,
        38.256242
      ],
      [
        74.913456,
        38.256626
      ],
      [
        74.913621,
        38.256966
      ],
      [
        74.913776,
        38.257227
      ],
      [
        74.913925,
        38.25747
      ],
      [
        74.914068,
        38.257698
      ],
      [
        74.914273,
        38.257948
      ],
      [
        74.914462,
        38.258202
      ],
      [
        74.914637,
        38.258447
      ],
      [
        74.91484,
        38.258673
      ],
      [
        74.915015,
        38.258836
      ],
      [
        74.915641,
        38.259639
      ],
      [
        74.916662,
        38.260754
      ],
      [
        74.917336,
        38.261505
      ],
      [
        74.917653,
        38.261888
      ],
      [
        74.917886,
        38.262199
      ],
      [
        74.918025,
        38.262463
      ],
      [
        74.918163,
        38.262707
      ],
      [
        74.918257,
        38.262939
      ],
      [
        74.918328,
        38.263106
      ],
      [
        74.918406,
        38.263295
      ],
      [
        74.918464,
        38.263459
      ],
      [
        74.918522,
        38.263627
      ],
      [
        74.918567,
        38.263871
      ],
      [
        74.918601,
        38.264055
      ],
      [
        74.918617,
        38.26423
      ],
      [
        74.918629,
        38.264449
      ],
      [
        74.918607,
        38.264654
      ],
      [
        74.918575,
        38.264858
      ],
      [
        74.918543,
        38.265032
      ],
      [
        74.918483,
        38.265253
      ],
      [
        74.91841,
        38.265438
      ],
      [
        74.918328,
        38.265619
      ],
      [
        74.918266,
        38.265764
      ],
      [
        74.91815,
        38.265967
      ],
      [
        74.918061,
        38.266167
      ],
      [
        74.91773,
        38.266791
      ],
      [
        74.917221,
        38.267765
      ],
      [
        74.916879,
        38.268451
      ],
      [
        74.916512,
        38.269265
      ],
      [
        74.916445,
        38.269452
      ],
      [
        74.916355,
        38.269647
      ],
      [
        74.91626,
        38.269862
      ],
      [
        74.916198,
        38.270142
      ],
      [
        74.916095,
        38.270828
      ],
      [
        74.915978,
        38.271602
      ],
      [
        74.915871,
        38.272488
      ],
      [
        74.915834,
        38.272683
      ],
      [
        74.9158,
        38.273042
      ],
      [
        74.915744,
        38.2734
      ],
      [
        74.915724,
        38.273623
      ],
      [
        74.915682,
        38.273845
      ],
      [
        74.915633,
        38.274072
      ],
      [
        74.915573,
        38.274289
      ],
      [
        74.915485,
        38.274498
      ],
      [
        74.915389,
        38.274706
      ],
      [
        74.915266,
        38.274909
      ],
      [
        74.915144,
        38.275102
      ],
      [
        74.914974,
        38.275324
      ],
      [
        74.914813,
        38.275505
      ],
      [
        74.914671,
        38.275658
      ],
      [
        74.914505,
        38.275847
      ],
      [
        74.914303,
        38.276025
      ],
      [
        74.914165,
        38.276167
      ],
      [
        74.914035,
        38.27628
      ],
      [
        74.91386,
        38.276405
      ],
      [
        74.913679,
        38.276525
      ],
      [
        74.913476,
        38.276641
      ],
      [
        74.913268,
        38.276751
      ],
      [
        74.913056,
        38.276856
      ],
      [
        74.912839,
        38.276954
      ],
      [
        74.912617,
        38.277047
      ],
      [
        74.912373,
        38.277141
      ],
      [
        74.912124,
        38.277228
      ],
      [
        74.911872,
        38.277307
      ],
      [
        74.911616,
        38.277379
      ],
      [
        74.911357,
        38.277443
      ],
      [
        74.910974,
        38.277517
      ],
      [
        74.910588,
        38.277583
      ],
      [
        74.910201,
        38.277641
      ],
      [
        74.909812,
        38.277692
      ],
      [
        74.909398,
        38.277736
      ],
      [
        74.908982,
        38.277773
      ],
      [
        74.908566,
        38.2778
      ],
      [
        74.908149,
        38.277818
      ],
      [
        74.907411,
        38.277857
      ],
      [
        74.902918,
        38.278092
      ],
      [
        74.902694,
        38.278094
      ],
      [
        74.902469,
        38.278088
      ],
      [
        74.902246,
        38.278073
      ],
      [
        74.902023,
        38.278049
      ],
      [
        74.901803,
        38.278016
      ],
      [
        74.901584,
        38.277974
      ],
      [
        74.901369,
        38.277923
      ],
      [
        74.901157,
        38.277864
      ],
      [
        74.900949,
        38.277797
      ],
      [
        74.900746,
        38.277721
      ],
      [
        74.898122,
        38.27668
      ],
      [
        74.897865,
        38.27659
      ],
      [
        74.897604,
        38.276507
      ],
      [
        74.897339,
        38.276432
      ],
      [
        74.89707,
        38.276366
      ],
      [
        74.896798,
        38.276307
      ],
      [
        74.896523,
        38.276256
      ],
      [
        74.896245,
        38.276214
      ],
      [
        74.895966,
        38.27618
      ],
      [
        74.895746,
        38.276168
      ],
      [
        74.895526,
        38.276162
      ],
      [
        74.895305,
        38.276164
      ],
      [
        74.895085,
        38.276174
      ],
      [
        74.894865,
        38.27619
      ],
      [
        74.894646,
        38.276213
      ],
      [
        74.8944,
        38.276249
      ],
      [
        74.894157,
        38.276293
      ],
      [
        74.893916,
        38.276346
      ],
      [
        74.893678,
        38.276408
      ],
      [
        74.893445,
        38.276479
      ],
      [
        74.890376,
        38.277822
      ],
      [
        74.887206,
        38.27925
      ],
      [
        74.886961,
        38.279387
      ],
      [
        74.886558,
        38.279623
      ],
      [
        74.886405,
        38.279725
      ],
      [
        74.886259,
        38.279834
      ],
      [
        74.886122,
        38.279949
      ],
      [
        74.886005,
        38.280059
      ],
      [
        74.885896,
        38.280174
      ],
      [
        74.885794,
        38.280293
      ],
      [
        74.8857,
        38.280416
      ],
      [
        74.885614,
        38.280543
      ],
      [
        74.885538,
        38.280673
      ],
      [
        74.885441,
        38.280823
      ],
      [
        74.885353,
        38.280976
      ],
      [
        74.885275,
        38.281132
      ],
      [
        74.885207,
        38.281291
      ],
      [
        74.885148,
        38.281452
      ],
      [
        74.885099,
        38.281616
      ],
      [
        74.88506,
        38.281781
      ],
      [
        74.88503,
        38.281956
      ],
      [
        74.885011,
        38.282132
      ],
      [
        74.885006,
        38.282262
      ],
      [
        74.885002,
        38.282351
      ],
      [
        74.885008,
        38.282485
      ],
      [
        74.885023,
        38.282662
      ],
      [
        74.88505,
        38.282837
      ],
      [
        74.885087,
        38.283001
      ],
      [
        74.885134,
        38.283162
      ],
      [
        74.885192,
        38.283322
      ],
      [
        74.885258,
        38.283479
      ],
      [
        74.885334,
        38.283633
      ],
      [
        74.88542,
        38.283785
      ],
      [
        74.885511,
        38.283929
      ],
      [
        74.885611,
        38.28407
      ],
      [
        74.88572,
        38.284207
      ],
      [
        74.885836,
        38.28434
      ],
      [
        74.88596,
        38.284468
      ],
      [
        74.886091,
        38.284592
      ],
      [
        74.886378,
        38.284835
      ],
      [
        74.886533,
        38.284952
      ],
      [
        74.886695,
        38.285064
      ],
      [
        74.886863,
        38.28517
      ],
      [
        74.887037,
        38.28527
      ],
      [
        74.887217,
        38.285364
      ],
      [
        74.88741,
        38.285454
      ],
      [
        74.887608,
        38.285538
      ],
      [
        74.887811,
        38.285613
      ],
      [
        74.888019,
        38.285681
      ],
      [
        74.88823,
        38.285741
      ],
      [
        74.888445,
        38.285793
      ],
      [
        74.889443,
        38.286063
      ],
      [
        74.889738,
        38.286163
      ],
      [
        74.889955,
        38.286253
      ],
      [
        74.890167,
        38.286349
      ],
      [
        74.890374,
        38.286451
      ],
      [
        74.890576,
        38.28656
      ],
      [
        74.890773,
        38.286673
      ],
      [
        74.890956,
        38.286787
      ],
      [
        74.891133,
        38.286906
      ],
      [
        74.891305,
        38.287029
      ],
      [
        74.891471,
        38.287158
      ],
      [
        74.893531,
        38.289204
      ],
      [
        74.895899,
        38.291673
      ],
      [
        74.896016,
        38.291811
      ],
      [
        74.896122,
        38.291954
      ],
      [
        74.896218,
        38.292101
      ],
      [
        74.896313,
        38.292271
      ],
      [
        74.8964,
        38.292444
      ],
      [
        74.896478,
        38.292619
      ],
      [
        74.896548,
        38.292797
      ],
      [
        74.89661,
        38.292976
      ],
      [
        74.896663,
        38.293158
      ],
      [
        74.89671,
        38.293348
      ],
      [
        74.896747,
        38.293539
      ],
      [
        74.896774,
        38.293731
      ],
      [
        74.896792,
        38.293924
      ],
      [
        74.896785,
        38.294108
      ],
      [
        74.896767,
        38.294291
      ],
      [
        74.896739,
        38.294474
      ],
      [
        74.896701,
        38.294656
      ],
      [
        74.896652,
        38.294836
      ],
      [
        74.896594,
        38.295014
      ],
      [
        74.896537,
        38.295162
      ],
      [
        74.896473,
        38.295309
      ],
      [
        74.896403,
        38.295453
      ],
      [
        74.896326,
        38.295595
      ],
      [
        74.894996,
        38.29773
      ],
      [
        74.893492,
        38.300176
      ],
      [
        74.893144,
        38.300748
      ],
      [
        74.892705,
        38.301451
      ],
      [
        74.892622,
        38.301612
      ],
      [
        74.892549,
        38.301776
      ],
      [
        74.892487,
        38.301942
      ],
      [
        74.892435,
        38.30211
      ],
      [
        74.892393,
        38.302281
      ],
      [
        74.892362,
        38.302456
      ],
      [
        74.892342,
        38.302632
      ],
      [
        74.892333,
        38.302809
      ],
      [
        74.892335,
        38.302986
      ],
      [
        74.892349,
        38.303163
      ],
      [
        74.892374,
        38.303339
      ],
      [
        74.892441,
        38.303675
      ],
      [
        74.892481,
        38.303834
      ],
      [
        74.892532,
        38.303991
      ],
      [
        74.892592,
        38.304146
      ],
      [
        74.892661,
        38.304299
      ],
      [
        74.89274,
        38.304449
      ],
      [
        74.892828,
        38.304596
      ],
      [
        74.892922,
        38.304736
      ],
      [
        74.893024,
        38.304872
      ],
      [
        74.893134,
        38.305004
      ],
      [
        74.893252,
        38.305132
      ],
      [
        74.893377,
        38.305256
      ],
      [
        74.893509,
        38.305374
      ],
      [
        74.893649,
        38.305488
      ],
      [
        74.893816,
        38.305604
      ],
      [
        74.893991,
        38.305714
      ],
      [
        74.894171,
        38.305816
      ],
      [
        74.894358,
        38.305913
      ],
      [
        74.89455,
        38.306002
      ],
      [
        74.894748,
        38.306084
      ],
      [
        74.89495,
        38.306158
      ],
      [
        74.895156,
        38.306225
      ],
      [
        74.895354,
        38.306281
      ],
      [
        74.895556,
        38.306331
      ],
      [
        74.89576,
        38.306373
      ],
      [
        74.895966,
        38.306408
      ],
      [
        74.896174,
        38.306436
      ],
      [
        74.896383,
        38.306456
      ],
      [
        74.896594,
        38.306469
      ],
      [
        74.896769,
        38.306485
      ],
      [
        74.896945,
        38.306494
      ],
      [
        74.897121,
        38.306496
      ],
      [
        74.897298,
        38.30649
      ],
      [
        74.897473,
        38.306478
      ],
      [
        74.897627,
        38.306461
      ],
      [
        74.89778,
        38.306438
      ],
      [
        74.897931,
        38.30641
      ],
      [
        74.89808,
        38.306377
      ],
      [
        74.899292,
        38.306006
      ],
      [
        74.899508,
        38.305937
      ],
      [
        74.899728,
        38.305875
      ],
      [
        74.899951,
        38.305821
      ],
      [
        74.900177,
        38.305775
      ],
      [
        74.900403,
        38.305737
      ],
      [
        74.90063,
        38.305707
      ],
      [
        74.900859,
        38.305685
      ],
      [
        74.901089,
        38.305671
      ],
      [
        74.90132,
        38.305665
      ],
      [
        74.901592,
        38.305669
      ],
      [
        74.901865,
        38.305682
      ],
      [
        74.902136,
        38.305704
      ],
      [
        74.902406,
        38.305734
      ],
      [
        74.902674,
        38.305773
      ],
      [
        74.90294,
        38.305821
      ],
      [
        74.903189,
        38.305874
      ],
      [
        74.903435,
        38.305934
      ],
      [
        74.903677,
        38.306003
      ],
      [
        74.903917,
        38.306078
      ],
      [
        74.904152,
        38.306161
      ],
      [
        74.906861,
        38.307223
      ],
      [
        74.907093,
        38.30731
      ],
      [
        74.907328,
        38.307392
      ],
      [
        74.907567,
        38.307468
      ],
      [
        74.907808,
        38.307538
      ],
      [
        74.908052,
        38.307602
      ],
      [
        74.908334,
        38.307667
      ],
      [
        74.908618,
        38.307724
      ],
      [
        74.908905,
        38.307773
      ],
      [
        74.909339,
        38.307832
      ],
      [
        74.909484,
        38.307846
      ],
      [
        74.909672,
        38.307856
      ],
      [
        74.909861,
        38.307859
      ],
      [
        74.910049,
        38.307854
      ],
      [
        74.910237,
        38.307841
      ],
      [
        74.910423,
        38.30782
      ],
      [
        74.914243,
        38.307231
      ],
      [
        74.914491,
        38.307202
      ],
      [
        74.91474,
        38.307179
      ],
      [
        74.914991,
        38.307164
      ],
      [
        74.915242,
        38.307156
      ],
      [
        74.915493,
        38.307155
      ],
      [
        74.915776,
        38.307163
      ],
      [
        74.916059,
        38.30718
      ],
      [
        74.91634,
        38.307206
      ],
      [
        74.91662,
        38.307242
      ],
      [
        74.916898,
        38.307286
      ],
      [
        74.917172,
        38.307336
      ],
      [
        74.917443,
        38.307392
      ],
      [
        74.917713,
        38.307455
      ],
      [
        74.91798,
        38.307523
      ],
      [
        74.925706,
        38.309736
      ],
      [
        74.926106,
        38.309866
      ],
      [
        74.926502,
        38.310004
      ],
      [
        74.926892,
        38.31015
      ],
      [
        74.927278,
        38.310304
      ],
      [
        74.927589,
        38.310435
      ],
      [
        74.927897,
        38.310572
      ],
      [
        74.928352,
        38.310785
      ],
      [
        74.928711,
        38.310971
      ],
      [
        74.928915,
        38.311089
      ],
      [
        74.929113,
        38.311212
      ],
      [
        74.929306,
        38.31134
      ],
      [
        74.929494,
        38.311474
      ],
      [
        74.929843,
        38.311733
      ],
      [
        74.930185,
        38.311998
      ],
      [
        74.930711,
        38.312424
      ],
      [
        74.930894,
        38.312585
      ],
      [
        74.931047,
        38.312732
      ],
      [
        74.931193,
        38.312884
      ],
      [
        74.931332,
        38.31304
      ],
      [
        74.931462,
        38.3132
      ],
      [
        74.931585,
        38.313365
      ],
      [
        74.931698,
        38.313532
      ],
      [
        74.932568,
        38.314909
      ],
      [
        74.932864,
        38.31548
      ],
      [
        74.934349,
        38.318174
      ],
      [
        74.935166,
        38.319225
      ],
      [
        74.937125,
        38.321523
      ],
      [
        74.937565,
        38.322191
      ],
      [
        74.937712,
        38.322766
      ],
      [
        74.938188,
        38.32639
      ],
      [
        74.938344,
        38.327276
      ],
      [
        74.938693,
        38.328061
      ],
      [
        74.953211,
        38.349498
      ],
      [
        74.957241,
        38.355443
      ],
      [
        74.957784,
        38.356093
      ],
      [
        74.958392,
        38.356494
      ],
      [
        74.958517,
        38.356576
      ],
      [
        74.964484,
        38.359883
      ],
      [
        74.964532,
        38.35991
      ],
      [
        74.964811,
        38.360063
      ],
      [
        74.969895,
        38.362834
      ],
      [
        74.97172,
        38.363829
      ],
      [
        74.975355,
        38.36581
      ],
      [
        74.979634,
        38.368231
      ],
      [
        74.983888,
        38.370615
      ],
      [
        74.987622,
        38.372663
      ],
      [
        74.98873,
        38.373115
      ],
      [
        74.990101,
        38.373348
      ],
      [
        74.991475,
        38.373612
      ],
      [
        74.994806,
        38.374272
      ],
      [
        74.996238,
        38.374556
      ],
      [
        74.99707,
        38.374845
      ],
      [
        74.997641,
        38.375112
      ],
      [
        74.998069,
        38.37538
      ],
      [
        74.999117,
        38.376172
      ],
      [
        75.0002,
        38.376852
      ],
      [
        75.001785,
        38.37804
      ],
      [
        75.00489,
        38.380352
      ],
      [
        75.006102,
        38.380895
      ],
      [
        75.007301,
        38.381261
      ],
      [
        75.010738,
        38.381926
      ],
      [
        75.01381,
        38.382564
      ],
      [
        75.014913,
        38.382834
      ],
      [
        75.015992,
        38.383299
      ],
      [
        75.018428,
        38.384778
      ],
      [
        75.021299,
        38.38663
      ],
      [
        75.02173,
        38.386955
      ],
      [
        75.021814,
        38.387018
      ],
      [
        75.02256,
        38.387708
      ],
      [
        75.023149,
        38.388088
      ],
      [
        75.024303,
        38.388736
      ],
      [
        75.025534,
        38.389273
      ],
      [
        75.026409,
        38.389426
      ],
      [
        75.027438,
        38.389508
      ],
      [
        75.027943,
        38.389638
      ],
      [
        75.028552,
        38.389897
      ],
      [
        75.032261,
        38.391753
      ],
      [
        75.033156,
        38.392315
      ],
      [
        75.034477,
        38.39342
      ],
      [
        75.038,
        38.396519
      ],
      [
        75.038362,
        38.397014
      ],
      [
        75.038599,
        38.397663
      ],
      [
        75.039172,
        38.400825
      ],
      [
        75.039521,
        38.403571
      ],
      [
        75.040012,
        38.407058
      ],
      [
        75.040689,
        38.411753
      ],
      [
        75.041093,
        38.415123
      ],
      [
        75.041202,
        38.416073
      ],
      [
        75.041326,
        38.416937
      ],
      [
        75.041357,
        38.41714
      ],
      [
        75.041396,
        38.417342
      ],
      [
        75.041441,
        38.417544
      ],
      [
        75.041496,
        38.417754
      ],
      [
        75.041559,
        38.417962
      ],
      [
        75.041629,
        38.418168
      ],
      [
        75.042641,
        38.42091
      ],
      [
        75.042754,
        38.421255
      ],
      [
        75.042816,
        38.421457
      ],
      [
        75.042867,
        38.42166
      ],
      [
        75.042899,
        38.421821
      ],
      [
        75.042922,
        38.421984
      ],
      [
        75.042934,
        38.422147
      ],
      [
        75.042933,
        38.422397
      ],
      [
        75.042923,
        38.422521
      ],
      [
        75.042867,
        38.42278
      ],
      [
        75.042804,
        38.423038
      ],
      [
        75.042694,
        38.423427
      ],
      [
        75.042635,
        38.423569
      ],
      [
        75.042567,
        38.423708
      ],
      [
        75.04249,
        38.423844
      ],
      [
        75.042408,
        38.423971
      ],
      [
        75.042317,
        38.424094
      ],
      [
        75.042219,
        38.424213
      ],
      [
        75.042085,
        38.424359
      ],
      [
        75.041945,
        38.424501
      ],
      [
        75.041799,
        38.42464
      ],
      [
        75.041613,
        38.424802
      ],
      [
        75.041418,
        38.424959
      ],
      [
        75.041214,
        38.425108
      ],
      [
        75.040446,
        38.425643
      ],
      [
        75.040326,
        38.425741
      ],
      [
        75.040154,
        38.425906
      ],
      [
        75.039988,
        38.426098
      ],
      [
        75.039884,
        38.42623
      ],
      [
        75.039771,
        38.426388
      ],
      [
        75.039667,
        38.42655
      ],
      [
        75.039572,
        38.426716
      ],
      [
        75.039493,
        38.426878
      ],
      [
        75.039422,
        38.427042
      ],
      [
        75.03936,
        38.427208
      ],
      [
        75.039305,
        38.42738
      ],
      [
        75.039259,
        38.427553
      ],
      [
        75.039231,
        38.427713
      ],
      [
        75.039212,
        38.427873
      ],
      [
        75.039201,
        38.428034
      ],
      [
        75.039201,
        38.428211
      ],
      [
        75.039211,
        38.428387
      ],
      [
        75.039285,
        38.428839
      ],
      [
        75.039299,
        38.429065
      ],
      [
        75.0393,
        38.429222
      ],
      [
        75.039289,
        38.429378
      ],
      [
        75.039266,
        38.429534
      ],
      [
        75.039238,
        38.429662
      ],
      [
        75.039203,
        38.429788
      ],
      [
        75.039046,
        38.430214
      ],
      [
        75.038989,
        38.430352
      ],
      [
        75.038922,
        38.430488
      ],
      [
        75.038838,
        38.430636
      ],
      [
        75.038742,
        38.430779
      ],
      [
        75.038347,
        38.431288
      ],
      [
        75.037935,
        38.431875
      ],
      [
        75.037787,
        38.432102
      ],
      [
        75.037681,
        38.432277
      ],
      [
        75.037587,
        38.432456
      ],
      [
        75.037469,
        38.432721
      ],
      [
        75.037161,
        38.433613
      ],
      [
        75.037104,
        38.433811
      ],
      [
        75.037048,
        38.434046
      ],
      [
        75.037039,
        38.434202
      ],
      [
        75.037038,
        38.434357
      ],
      [
        75.037045,
        38.434512
      ],
      [
        75.037058,
        38.434667
      ],
      [
        75.037079,
        38.434824
      ],
      [
        75.037108,
        38.434979
      ],
      [
        75.037144,
        38.435134
      ],
      [
        75.03724,
        38.435452
      ],
      [
        75.037301,
        38.435615
      ],
      [
        75.037373,
        38.435776
      ],
      [
        75.037487,
        38.435995
      ],
      [
        75.038112,
        38.436927
      ],
      [
        75.038239,
        38.437104
      ],
      [
        75.038509,
        38.437451
      ],
      [
        75.038556,
        38.437501
      ],
      [
        75.038655,
        38.437608
      ],
      [
        75.038807,
        38.43776
      ],
      [
        75.038967,
        38.437907
      ],
      [
        75.039135,
        38.438049
      ],
      [
        75.039311,
        38.438184
      ],
      [
        75.039587,
        38.438374
      ],
      [
        75.041059,
        38.439319
      ],
      [
        75.042128,
        38.439893
      ],
      [
        75.04245,
        38.440089
      ],
      [
        75.042615,
        38.440203
      ],
      [
        75.042772,
        38.440323
      ],
      [
        75.042922,
        38.440448
      ],
      [
        75.043149,
        38.440664
      ],
      [
        75.043353,
        38.440892
      ],
      [
        75.043494,
        38.441081
      ],
      [
        75.043626,
        38.441274
      ],
      [
        75.043789,
        38.441537
      ],
      [
        75.043915,
        38.441801
      ],
      [
        75.044016,
        38.442091
      ],
      [
        75.044055,
        38.442248
      ],
      [
        75.044084,
        38.442407
      ],
      [
        75.044165,
        38.443136
      ],
      [
        75.044212,
        38.443552
      ],
      [
        75.04437,
        38.444839
      ],
      [
        75.044448,
        38.445737
      ],
      [
        75.044501,
        38.446067
      ],
      [
        75.044541,
        38.446251
      ],
      [
        75.044592,
        38.446433
      ],
      [
        75.044655,
        38.446613
      ],
      [
        75.044729,
        38.44679
      ],
      [
        75.044795,
        38.446926
      ],
      [
        75.044946,
        38.447191
      ],
      [
        75.045388,
        38.447873
      ],
      [
        75.045502,
        38.448049
      ],
      [
        75.045847,
        38.44854
      ],
      [
        75.046327,
        38.44925
      ],
      [
        75.046492,
        38.449545
      ],
      [
        75.046573,
        38.449717
      ],
      [
        75.046644,
        38.449892
      ],
      [
        75.046706,
        38.450069
      ],
      [
        75.0468,
        38.450412
      ],
      [
        75.046833,
        38.450577
      ],
      [
        75.046873,
        38.450889
      ],
      [
        75.046886,
        38.451184
      ],
      [
        75.046826,
        38.452089
      ],
      [
        75.046825,
        38.452255
      ],
      [
        75.046832,
        38.452421
      ],
      [
        75.046851,
        38.452609
      ],
      [
        75.04688,
        38.452796
      ],
      [
        75.046919,
        38.452982
      ],
      [
        75.047008,
        38.453276
      ],
      [
        75.04713,
        38.453583
      ],
      [
        75.047348,
        38.453988
      ],
      [
        75.047488,
        38.454216
      ],
      [
        75.047638,
        38.45444
      ],
      [
        75.047755,
        38.454637
      ],
      [
        75.047863,
        38.454837
      ],
      [
        75.047963,
        38.45504
      ],
      [
        75.04812,
        38.455395
      ],
      [
        75.048171,
        38.455521
      ],
      [
        75.048214,
        38.455649
      ],
      [
        75.048275,
        38.455893
      ],
      [
        75.048297,
        38.456017
      ],
      [
        75.048533,
        38.458134
      ],
      [
        75.048662,
        38.45968
      ],
      [
        75.048691,
        38.460251
      ],
      [
        75.048697,
        38.460619
      ],
      [
        75.048692,
        38.460986
      ],
      [
        75.048678,
        38.461354
      ],
      [
        75.048648,
        38.461735
      ],
      [
        75.048533,
        38.463233
      ],
      [
        75.048516,
        38.463395
      ],
      [
        75.048507,
        38.463557
      ],
      [
        75.04851,
        38.463837
      ],
      [
        75.048538,
        38.464193
      ],
      [
        75.04857,
        38.46446
      ],
      [
        75.048601,
        38.46466
      ],
      [
        75.048611,
        38.464726
      ],
      [
        75.048662,
        38.464991
      ],
      [
        75.048744,
        38.465317
      ],
      [
        75.048953,
        38.46607
      ],
      [
        75.049083,
        38.466497
      ],
      [
        75.04942,
        38.467645
      ],
      [
        75.04951,
        38.467653
      ],
      [
        75.049628,
        38.467644
      ],
      [
        75.049859,
        38.467631
      ],
      [
        75.050602,
        38.467744
      ],
      [
        75.050783,
        38.467778
      ],
      [
        75.051169,
        38.467882
      ],
      [
        75.051373,
        38.467968
      ],
      [
        75.051581,
        38.468006
      ],
      [
        75.051819,
        38.468027
      ],
      [
        75.051924,
        38.468056
      ],
      [
        75.052025,
        38.468117
      ],
      [
        75.052079,
        38.468183
      ],
      [
        75.0521,
        38.468267
      ],
      [
        75.052127,
        38.468468
      ],
      [
        75.052185,
        38.468555
      ],
      [
        75.052269,
        38.468634
      ],
      [
        75.052985,
        38.469058
      ],
      [
        75.053095,
        38.469087
      ],
      [
        75.053246,
        38.469103
      ],
      [
        75.053385,
        38.469091
      ],
      [
        75.053935,
        38.468993
      ],
      [
        75.054184,
        38.468848
      ],
      [
        75.054683,
        38.468672
      ],
      [
        75.054897,
        38.468527
      ],
      [
        75.055119,
        38.468368
      ],
      [
        75.054965,
        38.468154
      ],
      [
        75.054553,
        38.468031
      ],
      [
        75.054154,
        38.467952
      ],
      [
        75.053821,
        38.467651
      ],
      [
        75.053349,
        38.467445
      ],
      [
        75.052886,
        38.46715
      ],
      [
        75.052672,
        38.466719
      ],
      [
        75.052436,
        38.4666
      ],
      [
        75.052225,
        38.466483
      ],
      [
        75.051943,
        38.466325
      ],
      [
        75.05171,
        38.466089
      ],
      [
        75.051214,
        38.466004
      ],
      [
        75.051005,
        38.466013
      ],
      [
        75.050254,
        38.465633
      ],
      [
        75.050254,
        38.465633
      ],
      [
        75.051005,
        38.466013
      ],
      [
        75.051214,
        38.466004
      ],
      [
        75.05171,
        38.466089
      ],
      [
        75.051943,
        38.466325
      ],
      [
        75.052225,
        38.466483
      ],
      [
        75.052436,
        38.4666
      ],
      [
        75.052672,
        38.466719
      ],
      [
        75.052886,
        38.46715
      ],
      [
        75.053349,
        38.467445
      ],
      [
        75.053821,
        38.467651
      ],
      [
        75.054154,
        38.467952
      ],
      [
        75.054553,
        38.468031
      ],
      [
        75.054965,
        38.468154
      ],
      [
        75.055119,
        38.468368
      ],
      [
        75.054897,
        38.468527
      ],
      [
        75.054683,
        38.468672
      ],
      [
        75.054184,
        38.468848
      ],
      [
        75.053935,
        38.468993
      ],
      [
        75.053385,
        38.469091
      ],
      [
        75.053246,
        38.469103
      ],
      [
        75.053095,
        38.469087
      ],
      [
        75.052985,
        38.469058
      ],
      [
        75.052269,
        38.468634
      ],
      [
        75.052185,
        38.468555
      ],
      [
        75.052127,
        38.468468
      ],
      [
        75.0521,
        38.468267
      ],
      [
        75.052079,
        38.468183
      ],
      [
        75.052025,
        38.468117
      ],
      [
        75.051924,
        38.468056
      ],
      [
        75.051819,
        38.468027
      ],
      [
        75.051581,
        38.468006
      ],
      [
        75.051373,
        38.467968
      ],
      [
        75.051169,
        38.467882
      ],
      [
        75.050783,
        38.467778
      ],
      [
        75.050602,
        38.467744
      ],
      [
        75.049859,
        38.467631
      ],
      [
        75.049628,
        38.467644
      ],
      [
        75.04951,
        38.467653
      ],
      [
        75.04942,
        38.467645
      ],
      [
        75.050121,
        38.47004
      ],
      [
        75.050166,
        38.470207
      ],
      [
        75.050231,
        38.470524
      ],
      [
        75.050248,
        38.470673
      ],
      [
        75.050254,
        38.470921
      ],
      [
        75.050234,
        38.471213
      ],
      [
        75.050212,
        38.471407
      ],
      [
        75.050183,
        38.47159
      ],
      [
        75.050144,
        38.471771
      ],
      [
        75.050096,
        38.471951
      ],
      [
        75.050038,
        38.472129
      ],
      [
        75.049964,
        38.47232
      ],
      [
        75.049879,
        38.472508
      ],
      [
        75.049783,
        38.472692
      ],
      [
        75.049147,
        38.473734
      ],
      [
        75.048217,
        38.475291
      ],
      [
        75.047675,
        38.476201
      ],
      [
        75.046666,
        38.477906
      ],
      [
        75.04536,
        38.480214
      ],
      [
        75.042758,
        38.484612
      ],
      [
        75.042683,
        38.484773
      ],
      [
        75.042616,
        38.484935
      ],
      [
        75.042557,
        38.485099
      ],
      [
        75.042515,
        38.485236
      ],
      [
        75.04245,
        38.485513
      ],
      [
        75.042419,
        38.485707
      ],
      [
        75.042401,
        38.485901
      ],
      [
        75.042399,
        38.486044
      ],
      [
        75.042404,
        38.486186
      ],
      [
        75.042418,
        38.486327
      ],
      [
        75.042439,
        38.486468
      ],
      [
        75.042471,
        38.486622
      ],
      [
        75.042512,
        38.486774
      ],
      [
        75.042562,
        38.486924
      ],
      [
        75.042967,
        38.487799
      ],
      [
        75.043054,
        38.48802
      ],
      [
        75.043132,
        38.488241
      ],
      [
        75.043203,
        38.488465
      ],
      [
        75.043254,
        38.488645
      ],
      [
        75.043294,
        38.488826
      ],
      [
        75.043321,
        38.489009
      ],
      [
        75.043337,
        38.489191
      ],
      [
        75.043342,
        38.489374
      ],
      [
        75.043335,
        38.489557
      ],
      [
        75.043301,
        38.489767
      ],
      [
        75.04326,
        38.489977
      ],
      [
        75.043207,
        38.490194
      ],
      [
        75.043145,
        38.490409
      ],
      [
        75.043075,
        38.490623
      ],
      [
        75.043006,
        38.490794
      ],
      [
        75.042929,
        38.490964
      ],
      [
        75.042845,
        38.49113
      ],
      [
        75.042753,
        38.491295
      ],
      [
        75.042645,
        38.491469
      ],
      [
        75.042529,
        38.491641
      ],
      [
        75.042405,
        38.491808
      ],
      [
        75.042273,
        38.491972
      ],
      [
        75.041952,
        38.492306
      ],
      [
        75.041698,
        38.492559
      ],
      [
        75.041438,
        38.492808
      ],
      [
        75.041171,
        38.493053
      ],
      [
        75.040899,
        38.493295
      ],
      [
        75.040767,
        38.49343
      ],
      [
        75.04064,
        38.49357
      ],
      [
        75.040534,
        38.493696
      ],
      [
        75.040338,
        38.493957
      ],
      [
        75.040206,
        38.494152
      ],
      [
        75.040084,
        38.494352
      ],
      [
        75.03998,
        38.494537
      ],
      [
        75.039885,
        38.494726
      ],
      [
        75.039798,
        38.494917
      ],
      [
        75.03973,
        38.495048
      ],
      [
        75.039668,
        38.49518
      ],
      [
        75.039613,
        38.495314
      ],
      [
        75.039566,
        38.495451
      ],
      [
        75.03952,
        38.495612
      ],
      [
        75.039484,
        38.495775
      ],
      [
        75.039459,
        38.49594
      ],
      [
        75.039444,
        38.496136
      ],
      [
        75.039456,
        38.497182
      ],
      [
        75.039452,
        38.498508
      ],
      [
        75.039391,
        38.501351
      ],
      [
        75.039278,
        38.502867
      ],
      [
        75.039093,
        38.504001
      ],
      [
        75.038712,
        38.505395
      ],
      [
        75.037835,
        38.508229
      ],
      [
        75.036871,
        38.511168
      ],
      [
        75.036719,
        38.51195
      ],
      [
        75.03672,
        38.512741
      ],
      [
        75.036925,
        38.513902
      ],
      [
        75.037098,
        38.514822
      ],
      [
        75.037178,
        38.515572
      ],
      [
        75.037122,
        38.516261
      ],
      [
        75.036997,
        38.516846
      ],
      [
        75.035289,
        38.520408
      ],
      [
        75.033601,
        38.523962
      ],
      [
        75.033215,
        38.524822
      ],
      [
        75.032693,
        38.525586
      ],
      [
        75.031152,
        38.527097
      ],
      [
        75.030623,
        38.527879
      ],
      [
        75.029249,
        38.531072
      ],
      [
        75.027862,
        38.534325
      ],
      [
        75.027168,
        38.535869
      ],
      [
        75.02598,
        38.537745
      ],
      [
        75.023745,
        38.541125
      ],
      [
        75.023311,
        38.541777
      ],
      [
        75.022807,
        38.542177
      ],
      [
        75.021026,
        38.543279
      ],
      [
        75.019237,
        38.544464
      ],
      [
        75.018775,
        38.545113
      ],
      [
        75.018233,
        38.546029
      ],
      [
        75.017711,
        38.547125
      ],
      [
        75.016915,
        38.548455
      ],
      [
        75.015708,
        38.549962
      ],
      [
        75.013143,
        38.552516
      ],
      [
        75.011478,
        38.554325
      ],
      [
        75.010899,
        38.555001
      ],
      [
        75.010451,
        38.555703
      ],
      [
        75.009563,
        38.557759
      ],
      [
        75.00834,
        38.560331
      ],
      [
        75.007957,
        38.561087
      ],
      [
        75.007087,
        38.561888
      ],
      [
        75.005074,
        38.563275
      ],
      [
        75.003384,
        38.564874
      ],
      [
        75.002375,
        38.565906
      ],
      [
        75.000583,
        38.567302
      ],
      [
        74.999778,
        38.567969
      ],
      [
        74.999199,
        38.568561
      ],
      [
        74.998872,
        38.56898
      ],
      [
        74.998593,
        38.569456
      ],
      [
        74.998459,
        38.570071
      ],
      [
        74.998287,
        38.570956
      ],
      [
        74.998298,
        38.571413
      ],
      [
        74.998351,
        38.571933
      ],
      [
        74.998464,
        38.572386
      ],
      [
        74.998813,
        38.57343
      ],
      [
        74.999515,
        38.574957
      ],
      [
        74.999628,
        38.575523
      ],
      [
        74.999633,
        38.575829
      ],
      [
        74.999623,
        38.57611
      ],
      [
        74.999435,
        38.576441
      ],
      [
        74.99921,
        38.576949
      ],
      [
        74.998861,
        38.577452
      ],
      [
        74.997788,
        38.57879
      ],
      [
        74.997766,
        38.57881
      ],
      [
        74.997249,
        38.579424
      ],
      [
        74.996396,
        38.580217
      ],
      [
        74.996065,
        38.58066
      ],
      [
        74.995782,
        38.581195
      ],
      [
        74.99533,
        38.582138
      ],
      [
        74.995015,
        38.582496
      ],
      [
        74.994046,
        38.583455
      ],
      [
        74.993577,
        38.583818
      ],
      [
        74.993314,
        38.584191
      ],
      [
        74.992356,
        38.585924
      ],
      [
        74.991925,
        38.586652
      ],
      [
        74.991126,
        38.58781
      ],
      [
        74.989909,
        38.589366
      ],
      [
        74.988743,
        38.590955
      ],
      [
        74.988572,
        38.591391
      ],
      [
        74.988434,
        38.591704
      ],
      [
        74.988357,
        38.592028
      ],
      [
        74.988266,
        38.592418
      ],
      [
        74.988195,
        38.59447
      ],
      [
        74.988183,
        38.596158
      ],
      [
        74.987923,
        38.596959
      ],
      [
        74.98767,
        38.597448
      ],
      [
        74.987123,
        38.598082
      ],
      [
        74.986894,
        38.598402
      ],
      [
        74.986106,
        38.599098
      ],
      [
        74.985428,
        38.600093
      ],
      [
        74.985386,
        38.600204
      ],
      [
        74.98475,
        38.601804
      ],
      [
        74.984593,
        38.602527
      ],
      [
        74.98433,
        38.603533
      ],
      [
        74.984212,
        38.604267
      ],
      [
        74.983989,
        38.605267
      ],
      [
        74.983921,
        38.605578
      ],
      [
        74.983497,
        38.607058
      ],
      [
        74.983185,
        38.608227
      ],
      [
        74.982097,
        38.612939
      ],
      [
        74.981808,
        38.614058
      ],
      [
        74.981271,
        38.615311
      ],
      [
        74.981076,
        38.616
      ],
      [
        74.979615,
        38.618849
      ],
      [
        74.979195,
        38.619649
      ],
      [
        74.978508,
        38.620827
      ],
      [
        74.977559,
        38.622864
      ],
      [
        74.977264,
        38.623673
      ],
      [
        74.97735,
        38.624268
      ],
      [
        74.977507,
        38.624724
      ],
      [
        74.977865,
        38.625823
      ],
      [
        74.977881,
        38.626702
      ],
      [
        74.977776,
        38.627452
      ],
      [
        74.977543,
        38.628057
      ],
      [
        74.977049,
        38.62866
      ],
      [
        74.976491,
        38.629188
      ],
      [
        74.975346,
        38.630057
      ],
      [
        74.973691,
        38.631435
      ],
      [
        74.973283,
        38.631983
      ],
      [
        74.973007,
        38.632493
      ],
      [
        74.972747,
        38.633091
      ],
      [
        74.972693,
        38.633957
      ],
      [
        74.972515,
        38.635837
      ],
      [
        74.972242,
        38.639902
      ],
      [
        74.972293,
        38.640955
      ],
      [
        74.972495,
        38.641972
      ],
      [
        74.972882,
        38.643762
      ],
      [
        74.973897,
        38.647671
      ],
      [
        74.974013,
        38.648253
      ],
      [
        74.974094,
        38.648697
      ],
      [
        74.974042,
        38.649152
      ],
      [
        74.973549,
        38.650564
      ],
      [
        74.973144,
        38.651506
      ],
      [
        74.972978,
        38.651894
      ],
      [
        74.97228,
        38.653148
      ],
      [
        74.972047,
        38.653494
      ],
      [
        74.971826,
        38.653766
      ],
      [
        74.971598,
        38.654006
      ],
      [
        74.970946,
        38.654626
      ],
      [
        74.970757,
        38.654855
      ],
      [
        74.970567,
        38.655138
      ],
      [
        74.970406,
        38.655454
      ],
      [
        74.970292,
        38.655711
      ],
      [
        74.970214,
        38.656022
      ],
      [
        74.970178,
        38.656289
      ],
      [
        74.970163,
        38.656567
      ],
      [
        74.970149,
        38.657124
      ],
      [
        74.970129,
        38.658874
      ],
      [
        74.970091,
        38.65973
      ],
      [
        74.970057,
        38.660119
      ],
      [
        74.969922,
        38.661191
      ],
      [
        74.96967,
        38.662324
      ],
      [
        74.969051,
        38.663872
      ],
      [
        74.968432,
        38.665421
      ],
      [
        74.967939,
        38.66678
      ],
      [
        74.967832,
        38.667324
      ],
      [
        74.967823,
        38.667837
      ],
      [
        74.967929,
        38.668638
      ],
      [
        74.968103,
        38.669385
      ],
      [
        74.968655,
        38.670437
      ],
      [
        74.971733,
        38.675898
      ],
      [
        74.972553,
        38.677384
      ],
      [
        74.973177,
        38.678859
      ],
      [
        74.974134,
        38.681492
      ],
      [
        74.974618,
        38.68276
      ],
      [
        74.975195,
        38.684016
      ],
      [
        74.976583,
        38.686382
      ],
      [
        74.977647,
        38.688094
      ],
      [
        74.978372,
        38.689261
      ],
      [
        74.978595,
        38.689567
      ],
      [
        74.978821,
        38.689837
      ],
      [
        74.979122,
        38.6901
      ],
      [
        74.979403,
        38.69029
      ],
      [
        74.979668,
        38.690453
      ],
      [
        74.979938,
        38.690578
      ],
      [
        74.980164,
        38.69067
      ],
      [
        74.980554,
        38.690775
      ],
      [
        74.980909,
        38.690842
      ],
      [
        74.983268,
        38.691284
      ],
      [
        74.98354,
        38.691364
      ],
      [
        74.983807,
        38.69149
      ],
      [
        74.984027,
        38.691629
      ],
      [
        74.984255,
        38.691844
      ],
      [
        74.984397,
        38.692049
      ],
      [
        74.984513,
        38.692253
      ],
      [
        74.984584,
        38.692484
      ],
      [
        74.984618,
        38.692688
      ],
      [
        74.984603,
        38.692865
      ],
      [
        74.984531,
        38.69394
      ],
      [
        74.984552,
        38.694471
      ],
      [
        74.984654,
        38.694757
      ],
      [
        74.984813,
        38.69503
      ],
      [
        74.98515,
        38.695301
      ],
      [
        74.985608,
        38.695533
      ],
      [
        74.986101,
        38.695632
      ],
      [
        74.986603,
        38.695662
      ],
      [
        74.987144,
        38.695632
      ],
      [
        74.987602,
        38.69564
      ],
      [
        74.9879,
        38.695683
      ],
      [
        74.988183,
        38.6958
      ],
      [
        74.988402,
        38.696067
      ],
      [
        74.988395,
        38.696462
      ],
      [
        74.98832,
        38.696769
      ],
      [
        74.988313,
        38.697046
      ],
      [
        74.988453,
        38.69737
      ],
      [
        74.98873,
        38.697639
      ],
      [
        74.989137,
        38.697815
      ],
      [
        74.98975,
        38.698056
      ],
      [
        74.990396,
        38.698549
      ],
      [
        74.991719,
        38.699723
      ],
      [
        74.992427,
        38.700591
      ],
      [
        74.992902,
        38.701183
      ],
      [
        74.993494,
        38.701685
      ],
      [
        74.994089,
        38.702064
      ],
      [
        74.994834,
        38.702395
      ],
      [
        74.996503,
        38.702897
      ],
      [
        74.997508,
        38.703217
      ],
      [
        74.998315,
        38.703558
      ],
      [
        74.998835,
        38.703895
      ],
      [
        74.999122,
        38.70421
      ],
      [
        74.999316,
        38.704543
      ],
      [
        74.99941,
        38.705106
      ],
      [
        74.999362,
        38.705635
      ],
      [
        74.999464,
        38.706163
      ],
      [
        74.99969,
        38.706617
      ],
      [
        74.999909,
        38.707065
      ],
      [
        74.999984,
        38.707615
      ],
      [
        74.999984,
        38.708127
      ],
      [
        75.000087,
        38.708506
      ],
      [
        75.000317,
        38.708879
      ],
      [
        75.000825,
        38.709264
      ],
      [
        75.001536,
        38.709691
      ],
      [
        75.002125,
        38.710192
      ],
      [
        75.002564,
        38.710709
      ],
      [
        75.003513,
        38.711799
      ],
      [
        75.003711,
        38.712188
      ],
      [
        75.003759,
        38.712535
      ],
      [
        75.003739,
        38.713021
      ],
      [
        75.003821,
        38.713384
      ],
      [
        75.004134,
        38.713612
      ],
      [
        75.004371,
        38.713699
      ],
      [
        75.004922,
        38.713692
      ],
      [
        75.005555,
        38.713661
      ],
      [
        75.006105,
        38.713741
      ],
      [
        75.006721,
        38.714013
      ],
      [
        75.007227,
        38.71443
      ],
      [
        75.007651,
        38.715006
      ],
      [
        75.007815,
        38.71555
      ],
      [
        75.00779,
        38.716065
      ],
      [
        75.007683,
        38.716401
      ],
      [
        75.007364,
        38.71679
      ],
      [
        75.006784,
        38.717205
      ],
      [
        75.006368,
        38.717506
      ],
      [
        75.006058,
        38.717846
      ],
      [
        75.005884,
        38.718288
      ],
      [
        75.00586,
        38.718608
      ],
      [
        75.005865,
        38.72005
      ],
      [
        75.005884,
        38.720774
      ],
      [
        75.005947,
        38.721283
      ],
      [
        75.006097,
        38.721612
      ],
      [
        75.00632,
        38.72191
      ],
      [
        75.006692,
        38.722193
      ],
      [
        75.007171,
        38.72243
      ],
      [
        75.007756,
        38.722578
      ],
      [
        75.008452,
        38.722664
      ],
      [
        75.009144,
        38.722789
      ],
      [
        75.009656,
        38.723011
      ],
      [
        75.010174,
        38.723389
      ],
      [
        75.010561,
        38.723872
      ],
      [
        75.010899,
        38.724387
      ],
      [
        75.011257,
        38.724996
      ],
      [
        75.011639,
        38.725396
      ],
      [
        75.012181,
        38.725645
      ],
      [
        75.01266,
        38.725728
      ],
      [
        75.013269,
        38.725769
      ],
      [
        75.013888,
        38.725879
      ],
      [
        75.014362,
        38.726117
      ],
      [
        75.014807,
        38.726516
      ],
      [
        75.015542,
        38.727354
      ],
      [
        75.016354,
        38.728297
      ],
      [
        75.016606,
        38.728856
      ],
      [
        75.016727,
        38.729504
      ],
      [
        75.016838,
        38.729923
      ],
      [
        75.016991,
        38.7303
      ],
      [
        75.017428,
        38.73081
      ],
      [
        75.017955,
        38.73124
      ],
      [
        75.018681,
        38.731668
      ],
      [
        75.019309,
        38.731919
      ],
      [
        75.020083,
        38.732108
      ],
      [
        75.021026,
        38.732232
      ],
      [
        75.021974,
        38.732264
      ],
      [
        75.024165,
        38.732296
      ],
      [
        75.026461,
        38.732327
      ],
      [
        75.02802,
        38.732387
      ],
      [
        75.029097,
        38.732502
      ],
      [
        75.029113,
        38.732504
      ],
      [
        75.030122,
        38.732733
      ],
      [
        75.035497,
        38.734035
      ],
      [
        75.038242,
        38.734707
      ],
      [
        75.040951,
        38.735395
      ],
      [
        75.041908,
        38.73571
      ],
      [
        75.04258,
        38.736001
      ],
      [
        75.043173,
        38.736328
      ],
      [
        75.04405,
        38.736925
      ],
      [
        75.044751,
        38.737559
      ],
      [
        75.046154,
        38.739007
      ],
      [
        75.045858,
        38.739013
      ],
      [
        75.045631,
        38.738988
      ],
      [
        75.045404,
        38.738879
      ],
      [
        75.044069,
        38.738133
      ],
      [
        75.043418,
        38.737929
      ],
      [
        75.042644,
        38.737821
      ],
      [
        75.040387,
        38.737562
      ],
      [
        75.039017,
        38.737021
      ],
      [
        75.038385,
        38.736575
      ],
      [
        75.036521,
        38.735844
      ],
      [
        75.036109,
        38.735743
      ],
      [
        75.035926,
        38.735718
      ],
      [
        75.035711,
        38.735734
      ],
      [
        75.035554,
        38.735883
      ],
      [
        75.035412,
        38.73606
      ],
      [
        75.034865,
        38.736864
      ],
      [
        75.034344,
        38.737694
      ],
      [
        75.034144,
        38.737869
      ],
      [
        75.033956,
        38.737971
      ],
      [
        75.033679,
        38.738082
      ],
      [
        75.031089,
        38.73885
      ],
      [
        75.030683,
        38.739015
      ],
      [
        75.030137,
        38.739307
      ],
      [
        75.029737,
        38.73956
      ],
      [
        75.029457,
        38.739865
      ],
      [
        75.029174,
        38.740392
      ],
      [
        75.029115,
        38.740507
      ],
      [
        75.028975,
        38.740801
      ],
      [
        75.028751,
        38.741234
      ],
      [
        75.028729,
        38.741353
      ],
      [
        75.028751,
        38.741483
      ],
      [
        75.028917,
        38.741791
      ],
      [
        75.0292,
        38.742323
      ],
      [
        75.02937,
        38.742508
      ],
      [
        75.029549,
        38.742643
      ],
      [
        75.029606,
        38.742733
      ],
      [
        75.029619,
        38.74291
      ],
      [
        75.029684,
        38.743388
      ],
      [
        75.029728,
        38.743871
      ],
      [
        75.030006,
        38.744543
      ],
      [
        75.03009,
        38.744767
      ],
      [
        75.030234,
        38.745007
      ],
      [
        75.030826,
        38.745471
      ],
      [
        75.030917,
        38.745604
      ],
      [
        75.030954,
        38.745852
      ],
      [
        75.031039,
        38.74602
      ],
      [
        75.031154,
        38.746176
      ],
      [
        75.0315,
        38.746527
      ],
      [
        75.03157,
        38.746709
      ],
      [
        75.031539,
        38.746891
      ],
      [
        75.031433,
        38.747057
      ],
      [
        75.030841,
        38.747608
      ],
      [
        75.030156,
        38.748394
      ],
      [
        75.029907,
        38.748806
      ],
      [
        75.029427,
        38.750036
      ],
      [
        75.02929,
        38.75024
      ],
      [
        75.028784,
        38.750772
      ],
      [
        75.028552,
        38.750933
      ],
      [
        75.027818,
        38.751264
      ],
      [
        75.027561,
        38.751321
      ],
      [
        75.027376,
        38.751301
      ],
      [
        75.027261,
        38.75124
      ],
      [
        75.027194,
        38.751169
      ],
      [
        75.027118,
        38.750911
      ],
      [
        75.026794,
        38.74924
      ],
      [
        75.026571,
        38.748419
      ],
      [
        75.026331,
        38.74774
      ],
      [
        75.026155,
        38.747372
      ],
      [
        75.025593,
        38.746552
      ],
      [
        75.025297,
        38.746237
      ],
      [
        75.024889,
        38.745849
      ],
      [
        75.024618,
        38.745668
      ],
      [
        75.024339,
        38.745521
      ],
      [
        75.024069,
        38.745427
      ],
      [
        75.023811,
        38.745376
      ],
      [
        75.023593,
        38.745407
      ],
      [
        75.023374,
        38.745481
      ],
      [
        75.022383,
        38.746016
      ],
      [
        75.022095,
        38.74619
      ],
      [
        75.021679,
        38.746599
      ],
      [
        75.021464,
        38.746679
      ],
      [
        75.02122,
        38.746723
      ],
      [
        75.020902,
        38.746736
      ],
      [
        75.020376,
        38.746698
      ],
      [
        75.020181,
        38.746716
      ],
      [
        75.019975,
        38.746796
      ],
      [
        75.019314,
        38.747255
      ],
      [
        75.018756,
        38.74782
      ],
      [
        75.018537,
        38.747951
      ],
      [
        75.017344,
        38.748436
      ],
      [
        75.01716,
        38.748543
      ],
      [
        75.017048,
        38.748707
      ],
      [
        75.016937,
        38.748982
      ],
      [
        75.016894,
        38.749149
      ],
      [
        75.016825,
        38.749531
      ],
      [
        75.016771,
        38.75034
      ],
      [
        75.016652,
        38.75056
      ],
      [
        75.016414,
        38.750744
      ],
      [
        75.016182,
        38.750811
      ],
      [
        75.015859,
        38.750836
      ],
      [
        75.015403,
        38.750686
      ],
      [
        75.015229,
        38.750685
      ],
      [
        75.01504,
        38.750726
      ],
      [
        75.014396,
        38.751151
      ],
      [
        75.01422,
        38.751321
      ],
      [
        75.014087,
        38.751492
      ],
      [
        75.013993,
        38.751676
      ],
      [
        75.013452,
        38.753256
      ],
      [
        75.013345,
        38.7535
      ],
      [
        75.013173,
        38.753691
      ],
      [
        75.01292,
        38.753835
      ],
      [
        75.012156,
        38.754186
      ],
      [
        75.011898,
        38.75424
      ],
      [
        75.011675,
        38.75422
      ],
      [
        75.011512,
        38.754156
      ],
      [
        75.011401,
        38.754042
      ],
      [
        75.011225,
        38.753761
      ],
      [
        75.010728,
        38.752717
      ],
      [
        75.010615,
        38.752526
      ],
      [
        75.010431,
        38.752372
      ],
      [
        75.010083,
        38.752141
      ],
      [
        75.007851,
        38.750719
      ],
      [
        75.00771,
        38.750669
      ],
      [
        75.007517,
        38.750669
      ],
      [
        75.007349,
        38.750726
      ],
      [
        75.007199,
        38.750823
      ],
      [
        75.004401,
        38.753038
      ],
      [
        75.004186,
        38.753155
      ],
      [
        75.003963,
        38.753185
      ],
      [
        75.003727,
        38.753185
      ],
      [
        75.002985,
        38.753105
      ],
      [
        75.002762,
        38.753095
      ],
      [
        75.002513,
        38.753125
      ],
      [
        75.002139,
        38.753246
      ],
      [
        75.001612,
        38.75345
      ],
      [
        75.000558,
        38.753895
      ],
      [
        74.999715,
        38.75422
      ],
      [
        74.999449,
        38.754333
      ],
      [
        74.999088,
        38.754548
      ],
      [
        74.99832,
        38.75509
      ],
      [
        74.998183,
        38.755254
      ],
      [
        74.99811,
        38.755391
      ],
      [
        74.998048,
        38.755576
      ],
      [
        74.997078,
        38.759371
      ],
      [
        74.997028,
        38.759564
      ],
      [
        74.995273,
        38.766467
      ],
      [
        74.995114,
        38.766946
      ],
      [
        74.994633,
        38.76796
      ],
      [
        74.994539,
        38.76814
      ],
      [
        74.99425,
        38.768677
      ],
      [
        74.994926,
        38.768956
      ],
      [
        74.994574,
        38.769513
      ],
      [
        74.995131,
        38.769733
      ],
      [
        74.995474,
        38.769181
      ],
      [
        74.994926,
        38.768956
      ],
      [
        74.99425,
        38.768677
      ],
      [
        74.994539,
        38.76814
      ],
      [
        74.994633,
        38.76796
      ],
      [
        74.995114,
        38.766946
      ],
      [
        74.995273,
        38.766467
      ],
      [
        74.997028,
        38.759564
      ],
      [
        74.997078,
        38.759371
      ],
      [
        74.998048,
        38.755576
      ],
      [
        74.99811,
        38.755391
      ],
      [
        74.998183,
        38.755254
      ],
      [
        74.99832,
        38.75509
      ],
      [
        74.999088,
        38.754548
      ],
      [
        74.999449,
        38.754333
      ],
      [
        74.999715,
        38.75422
      ],
      [
        75.000558,
        38.753895
      ],
      [
        75.001612,
        38.75345
      ],
      [
        75.002139,
        38.753246
      ],
      [
        75.002513,
        38.753125
      ],
      [
        75.002727,
        38.753099
      ],
      [
        75.002762,
        38.753095
      ],
      [
        75.002985,
        38.753105
      ],
      [
        75.003727,
        38.753185
      ],
      [
        75.003963,
        38.753185
      ],
      [
        75.004186,
        38.753155
      ],
      [
        75.004401,
        38.753038
      ],
      [
        75.007199,
        38.750823
      ],
      [
        75.007349,
        38.750726
      ],
      [
        75.007517,
        38.750669
      ],
      [
        75.00771,
        38.750669
      ],
      [
        75.007851,
        38.750719
      ],
      [
        75.010083,
        38.752141
      ],
      [
        75.010431,
        38.752372
      ],
      [
        75.010615,
        38.752526
      ],
      [
        75.010728,
        38.752717
      ],
      [
        75.011225,
        38.753761
      ],
      [
        75.011401,
        38.754042
      ],
      [
        75.011512,
        38.754156
      ],
      [
        75.011675,
        38.75422
      ],
      [
        75.011898,
        38.75424
      ],
      [
        75.012156,
        38.754186
      ],
      [
        75.01292,
        38.753835
      ],
      [
        75.013173,
        38.753691
      ],
      [
        75.013345,
        38.7535
      ],
      [
        75.013452,
        38.753256
      ],
      [
        75.013993,
        38.751676
      ],
      [
        75.014087,
        38.751492
      ],
      [
        75.01422,
        38.751321
      ],
      [
        75.014396,
        38.751151
      ],
      [
        75.01504,
        38.750726
      ],
      [
        75.015229,
        38.750685
      ],
      [
        75.015403,
        38.750686
      ],
      [
        75.015859,
        38.750836
      ],
      [
        75.016182,
        38.750811
      ],
      [
        75.016414,
        38.750744
      ],
      [
        75.016652,
        38.75056
      ],
      [
        75.016771,
        38.75034
      ],
      [
        75.016825,
        38.749531
      ],
      [
        75.016894,
        38.749149
      ],
      [
        75.016937,
        38.748982
      ],
      [
        75.017048,
        38.748707
      ],
      [
        75.01716,
        38.748543
      ],
      [
        75.017344,
        38.748436
      ],
      [
        75.018537,
        38.747951
      ],
      [
        75.018756,
        38.74782
      ],
      [
        75.019314,
        38.747255
      ],
      [
        75.019975,
        38.746796
      ],
      [
        75.020181,
        38.746716
      ],
      [
        75.020376,
        38.746698
      ],
      [
        75.020902,
        38.746736
      ],
      [
        75.02122,
        38.746723
      ],
      [
        75.021464,
        38.746679
      ],
      [
        75.021679,
        38.746599
      ],
      [
        75.022095,
        38.74619
      ],
      [
        75.022383,
        38.746016
      ],
      [
        75.023374,
        38.745481
      ],
      [
        75.023593,
        38.745407
      ],
      [
        75.023811,
        38.745376
      ],
      [
        75.024069,
        38.745427
      ],
      [
        75.024339,
        38.745521
      ],
      [
        75.024618,
        38.745668
      ],
      [
        75.024889,
        38.745849
      ],
      [
        75.025297,
        38.746237
      ],
      [
        75.025593,
        38.746552
      ],
      [
        75.026155,
        38.747372
      ],
      [
        75.026331,
        38.74774
      ],
      [
        75.026571,
        38.748419
      ],
      [
        75.026794,
        38.74924
      ],
      [
        75.027118,
        38.750911
      ],
      [
        75.027194,
        38.751169
      ],
      [
        75.027261,
        38.75124
      ],
      [
        75.027376,
        38.751301
      ],
      [
        75.027561,
        38.751321
      ],
      [
        75.027818,
        38.751264
      ],
      [
        75.028552,
        38.750933
      ],
      [
        75.028784,
        38.750772
      ],
      [
        75.02929,
        38.75024
      ],
      [
        75.029427,
        38.750036
      ],
      [
        75.029907,
        38.748806
      ],
      [
        75.030156,
        38.748394
      ],
      [
        75.030841,
        38.747608
      ],
      [
        75.031433,
        38.747057
      ],
      [
        75.031539,
        38.746891
      ],
      [
        75.03157,
        38.746709
      ],
      [
        75.0315,
        38.746527
      ],
      [
        75.031154,
        38.746176
      ],
      [
        75.031039,
        38.74602
      ],
      [
        75.030954,
        38.745852
      ],
      [
        75.030917,
        38.745604
      ],
      [
        75.030826,
        38.745471
      ],
      [
        75.030234,
        38.745007
      ],
      [
        75.03009,
        38.744767
      ],
      [
        75.030006,
        38.744543
      ],
      [
        75.029728,
        38.743871
      ],
      [
        75.029684,
        38.743388
      ],
      [
        75.029619,
        38.74291
      ],
      [
        75.029606,
        38.742733
      ],
      [
        75.029549,
        38.742643
      ],
      [
        75.02937,
        38.742508
      ],
      [
        75.0292,
        38.742323
      ],
      [
        75.028917,
        38.741791
      ],
      [
        75.028751,
        38.741483
      ],
      [
        75.028729,
        38.741353
      ],
      [
        75.028751,
        38.741234
      ],
      [
        75.028975,
        38.740801
      ],
      [
        75.029115,
        38.740507
      ],
      [
        75.029174,
        38.740392
      ],
      [
        75.029457,
        38.739865
      ],
      [
        75.029737,
        38.73956
      ],
      [
        75.030137,
        38.739307
      ],
      [
        75.030683,
        38.739015
      ],
      [
        75.031089,
        38.73885
      ],
      [
        75.033679,
        38.738082
      ],
      [
        75.033956,
        38.737971
      ],
      [
        75.034144,
        38.737869
      ],
      [
        75.034344,
        38.737694
      ],
      [
        75.034865,
        38.736864
      ],
      [
        75.035412,
        38.73606
      ],
      [
        75.035554,
        38.735883
      ],
      [
        75.035711,
        38.735734
      ],
      [
        75.035926,
        38.735718
      ],
      [
        75.036109,
        38.735743
      ],
      [
        75.036521,
        38.735844
      ],
      [
        75.038385,
        38.736575
      ],
      [
        75.039017,
        38.737021
      ],
      [
        75.040387,
        38.737562
      ],
      [
        75.042644,
        38.737821
      ],
      [
        75.043418,
        38.737929
      ],
      [
        75.044069,
        38.738133
      ],
      [
        75.045404,
        38.738879
      ],
      [
        75.045631,
        38.738988
      ],
      [
        75.045858,
        38.739013
      ],
      [
        75.046154,
        38.739007
      ],
      [
        75.046979,
        38.739766
      ],
      [
        75.048166,
        38.740595
      ],
      [
        75.049786,
        38.741467
      ],
      [
        75.052924,
        38.74296
      ],
      [
        75.056229,
        38.744575
      ],
      [
        75.05807,
        38.745529
      ],
      [
        75.059114,
        38.74597
      ],
      [
        75.060067,
        38.746287
      ],
      [
        75.060855,
        38.746411
      ],
      [
        75.061262,
        38.746411
      ],
      [
        75.063676,
        38.74629
      ],
      [
        75.064869,
        38.746181
      ],
      [
        75.065561,
        38.746181
      ],
      [
        75.066272,
        38.746291
      ],
      [
        75.066988,
        38.746551
      ],
      [
        75.068163,
        38.74704
      ],
      [
        75.069894,
        38.747599
      ],
      [
        75.070642,
        38.747783
      ],
      [
        75.071705,
        38.748001
      ],
      [
        75.072462,
        38.748149
      ],
      [
        75.073661,
        38.748339
      ],
      [
        75.074251,
        38.748456
      ],
      [
        75.074755,
        38.748603
      ],
      [
        75.075441,
        38.748846
      ],
      [
        75.076563,
        38.749282
      ],
      [
        75.077529,
        38.749653
      ],
      [
        75.078168,
        38.74986
      ],
      [
        75.078974,
        38.750083
      ],
      [
        75.079783,
        38.75028
      ],
      [
        75.080456,
        38.750428
      ],
      [
        75.083903,
        38.751149
      ],
      [
        75.084295,
        38.75122
      ],
      [
        75.084676,
        38.751266
      ],
      [
        75.084955,
        38.751283
      ],
      [
        75.085411,
        38.75127
      ],
      [
        75.085657,
        38.751241
      ],
      [
        75.086248,
        38.751145
      ],
      [
        75.087021,
        38.751021
      ],
      [
        75.088144,
        38.750837
      ],
      [
        75.089044,
        38.750689
      ],
      [
        75.089293,
        38.750667
      ],
      [
        75.089577,
        38.750664
      ],
      [
        75.089792,
        38.750693
      ],
      [
        75.090156,
        38.750762
      ],
      [
        75.090684,
        38.750904
      ],
      [
        75.092543,
        38.751589
      ],
      [
        75.09308,
        38.751771
      ],
      [
        75.093435,
        38.751855
      ],
      [
        75.093715,
        38.751902
      ],
      [
        75.094112,
        38.751953
      ],
      [
        75.094221,
        38.751954
      ],
      [
        75.094525,
        38.751958
      ],
      [
        75.095029,
        38.751937
      ],
      [
        75.097546,
        38.751809
      ],
      [
        75.0985,
        38.751741
      ],
      [
        75.099669,
        38.75162
      ],
      [
        75.104057,
        38.751043
      ],
      [
        75.104808,
        38.750963
      ],
      [
        75.10564,
        38.750892
      ],
      [
        75.106471,
        38.750867
      ],
      [
        75.107286,
        38.750863
      ],
      [
        75.108349,
        38.750913
      ],
      [
        75.109137,
        38.750988
      ],
      [
        75.11037,
        38.751139
      ],
      [
        75.110982,
        38.751193
      ],
      [
        75.111744,
        38.751226
      ],
      [
        75.112393,
        38.751185
      ],
      [
        75.11324,
        38.751097
      ],
      [
        75.117391,
        38.75073
      ],
      [
        75.118818,
        38.750568
      ],
      [
        75.119592,
        38.750432
      ],
      [
        75.120244,
        38.75023
      ],
      [
        75.122445,
        38.749093
      ],
      [
        75.124531,
        38.748011
      ],
      [
        75.12553,
        38.747694
      ],
      [
        75.126797,
        38.747513
      ],
      [
        75.128224,
        38.747582
      ],
      [
        75.129232,
        38.7478
      ],
      [
        75.13183,
        38.748732
      ],
      [
        75.133107,
        38.74923
      ],
      [
        75.133717,
        38.749322
      ],
      [
        75.134047,
        38.749398
      ],
      [
        75.134479,
        38.749381
      ],
      [
        75.134876,
        38.749364
      ],
      [
        75.135235,
        38.749381
      ],
      [
        75.135648,
        38.749339
      ],
      [
        75.136195,
        38.749284
      ],
      [
        75.136807,
        38.749373
      ],
      [
        75.137324,
        38.749441
      ],
      [
        75.137933,
        38.749494
      ],
      [
        75.138502,
        38.749507
      ],
      [
        75.139543,
        38.749222
      ],
      [
        75.140069,
        38.749013
      ],
      [
        75.14067,
        38.748815
      ],
      [
        75.142595,
        38.748883
      ],
      [
        75.143339,
        38.748746
      ],
      [
        75.145909,
        38.748109
      ],
      [
        75.149288,
        38.747397
      ],
      [
        75.151211,
        38.746717
      ],
      [
        75.154178,
        38.745462
      ],
      [
        75.154917,
        38.745214
      ],
      [
        75.158342,
        38.744503
      ],
      [
        75.161405,
        38.744139
      ],
      [
        75.165708,
        38.74362
      ],
      [
        75.166871,
        38.743528
      ],
      [
        75.168197,
        38.74342
      ],
      [
        75.169148,
        38.743293
      ],
      [
        75.170384,
        38.743046
      ],
      [
        75.171481,
        38.742811
      ],
      [
        75.172725,
        38.742589
      ],
      [
        75.173506,
        38.742482
      ],
      [
        75.174165,
        38.742418
      ],
      [
        75.174413,
        38.742405
      ],
      [
        75.174644,
        38.742437
      ],
      [
        75.174919,
        38.742504
      ],
      [
        75.175246,
        38.742621
      ],
      [
        75.176555,
        38.743205
      ],
      [
        75.178954,
        38.7442
      ],
      [
        75.179401,
        38.744403
      ],
      [
        75.18244,
        38.746234
      ],
      [
        75.183221,
        38.746652
      ],
      [
        75.183944,
        38.746988
      ],
      [
        75.184692,
        38.747255
      ],
      [
        75.186644,
        38.747819
      ],
      [
        75.187042,
        38.747952
      ],
      [
        75.187278,
        38.748073
      ],
      [
        75.187619,
        38.748345
      ],
      [
        75.190889,
        38.751153
      ],
      [
        75.191415,
        38.75168
      ],
      [
        75.191715,
        38.752082
      ],
      [
        75.191876,
        38.752358
      ],
      [
        75.192016,
        38.752751
      ],
      [
        75.192037,
        38.753287
      ],
      [
        75.192016,
        38.75373
      ],
      [
        75.191951,
        38.754337
      ],
      [
        75.191848,
        38.755075
      ],
      [
        75.191662,
        38.756375
      ],
      [
        75.191596,
        38.757038
      ],
      [
        75.191606,
        38.757533
      ],
      [
        75.191718,
        38.75816
      ],
      [
        75.191867,
        38.758684
      ],
      [
        75.193903,
        38.763469
      ],
      [
        75.193978,
        38.763655
      ],
      [
        75.19499,
        38.76608
      ],
      [
        75.195351,
        38.766809
      ],
      [
        75.195599,
        38.767201
      ],
      [
        75.195932,
        38.767592
      ],
      [
        75.196664,
        38.768413
      ],
      [
        75.196949,
        38.768723
      ],
      [
        75.197805,
        38.769729
      ],
      [
        75.198139,
        38.770065
      ],
      [
        75.198421,
        38.770294
      ],
      [
        75.198692,
        38.770472
      ],
      [
        75.199,
        38.77063
      ],
      [
        75.199236,
        38.770703
      ],
      [
        75.199516,
        38.770773
      ],
      [
        75.199908,
        38.770842
      ],
      [
        75.20323,
        38.771122
      ],
      [
        75.203401,
        38.771137
      ],
      [
        75.204018,
        38.771224
      ],
      [
        75.206834,
        38.771796
      ],
      [
        75.207987,
        38.772072
      ],
      [
        75.208688,
        38.772218
      ],
      [
        75.209197,
        38.772287
      ],
      [
        75.209767,
        38.77232
      ],
      [
        75.210462,
        38.772305
      ],
      [
        75.211116,
        38.772233
      ],
      [
        75.211751,
        38.772112
      ],
      [
        75.213932,
        38.771679
      ],
      [
        75.214488,
        38.771603
      ],
      [
        75.215039,
        38.771552
      ],
      [
        75.215724,
        38.77154
      ],
      [
        75.216741,
        38.771573
      ],
      [
        75.21756,
        38.771674
      ],
      [
        75.218244,
        38.771809
      ],
      [
        75.219138,
        38.772025
      ],
      [
        75.219945,
        38.772299
      ],
      [
        75.221147,
        38.772712
      ],
      [
        75.2222,
        38.773072
      ],
      [
        75.222767,
        38.773202
      ],
      [
        75.223347,
        38.77325
      ],
      [
        75.223895,
        38.77324
      ],
      [
        75.224407,
        38.773168
      ],
      [
        75.22506,
        38.773024
      ],
      [
        75.227768,
        38.772358
      ],
      [
        75.228862,
        38.772089
      ],
      [
        75.229201,
        38.772006
      ],
      [
        75.232017,
        38.771328
      ],
      [
        75.233366,
        38.771078
      ],
      [
        75.234241,
        38.770949
      ],
      [
        75.235135,
        38.770833
      ],
      [
        75.235954,
        38.770771
      ],
      [
        75.236916,
        38.770689
      ],
      [
        75.238881,
        38.770632
      ],
      [
        75.23936,
        38.770633
      ],
      [
        75.246373,
        38.77065
      ],
      [
        75.250318,
        38.77066
      ],
      [
        75.250885,
        38.770694
      ],
      [
        75.251378,
        38.770747
      ],
      [
        75.251834,
        38.770824
      ],
      [
        75.252265,
        38.770929
      ],
      [
        75.252728,
        38.771064
      ],
      [
        75.25314,
        38.771213
      ],
      [
        75.253527,
        38.771381
      ],
      [
        75.253929,
        38.771585
      ],
      [
        75.254273,
        38.771811
      ],
      [
        75.254637,
        38.772054
      ],
      [
        75.25688,
        38.773802
      ],
      [
        75.257478,
        38.77426
      ],
      [
        75.258076,
        38.774718
      ],
      [
        75.258851,
        38.77532
      ],
      [
        75.259506,
        38.775789
      ],
      [
        75.260268,
        38.776274
      ],
      [
        75.261137,
        38.776784
      ],
      [
        75.262047,
        38.777248
      ],
      [
        75.278088,
        38.784838
      ],
      [
        75.27885,
        38.785148
      ],
      [
        75.279655,
        38.785399
      ],
      [
        75.280416,
        38.785583
      ],
      [
        75.28121,
        38.785708
      ],
      [
        75.282015,
        38.785783
      ],
      [
        75.282744,
        38.785783
      ],
      [
        75.283618,
        38.785747
      ],
      [
        75.284366,
        38.785696
      ],
      [
        75.2848,
        38.785678
      ],
      [
        75.285337,
        38.785681
      ],
      [
        75.285996,
        38.785718
      ],
      [
        75.286565,
        38.785754
      ],
      [
        75.287116,
        38.785816
      ],
      [
        75.287667,
        38.785896
      ],
      [
        75.288069,
        38.785973
      ],
      [
        75.291623,
        38.786716
      ],
      [
        75.291872,
        38.786775
      ],
      [
        75.292322,
        38.786847
      ],
      [
        75.292608,
        38.786878
      ],
      [
        75.292984,
        38.786909
      ],
      [
        75.29328,
        38.786909
      ],
      [
        75.293533,
        38.786909
      ],
      [
        75.293804,
        38.786895
      ],
      [
        75.294072,
        38.786871
      ],
      [
        75.294657,
        38.786799
      ],
      [
        75.295104,
        38.786715
      ],
      [
        75.295588,
        38.786587
      ],
      [
        75.295925,
        38.786483
      ],
      [
        75.296293,
        38.786345
      ],
      [
        75.296754,
        38.786128
      ],
      [
        75.297096,
        38.785932
      ],
      [
        75.297368,
        38.785763
      ],
      [
        75.297625,
        38.785572
      ],
      [
        75.300935,
        38.782817
      ],
      [
        75.301035,
        38.782754
      ],
      [
        75.301332,
        38.78257
      ],
      [
        75.303031,
        38.781734
      ],
      [
        75.303508,
        38.781493
      ],
      [
        75.303864,
        38.781286
      ],
      [
        75.304138,
        38.781109
      ],
      [
        75.304465,
        38.780865
      ],
      [
        75.304743,
        38.780624
      ],
      [
        75.30543,
        38.779981
      ],
      [
        75.305758,
        38.779716
      ],
      [
        75.306077,
        38.779496
      ],
      [
        75.306516,
        38.779225
      ],
      [
        75.306899,
        38.779021
      ],
      [
        75.307217,
        38.778898
      ],
      [
        75.307558,
        38.778773
      ],
      [
        75.307904,
        38.77867
      ],
      [
        75.308254,
        38.778567
      ],
      [
        75.308651,
        38.778476
      ],
      [
        75.309131,
        38.778419
      ],
      [
        75.309823,
        38.778381
      ],
      [
        75.310396,
        38.778407
      ],
      [
        75.310703,
        38.778422
      ],
      [
        75.310945,
        38.778402
      ],
      [
        75.311167,
        38.778364
      ],
      [
        75.31144,
        38.778301
      ],
      [
        75.311756,
        38.77821
      ],
      [
        75.312579,
        38.77787
      ],
      [
        75.312893,
        38.777774
      ],
      [
        75.312955,
        38.777758
      ],
      [
        75.313228,
        38.777684
      ],
      [
        75.313423,
        38.77765
      ],
      [
        75.313664,
        38.777621
      ],
      [
        75.316796,
        38.777213
      ],
      [
        75.317056,
        38.77719
      ],
      [
        75.317265,
        38.777184
      ],
      [
        75.317488,
        38.777187
      ],
      [
        75.317889,
        38.77719
      ],
      [
        75.318135,
        38.777242
      ],
      [
        75.318269,
        38.777293
      ],
      [
        75.318352,
        38.777345
      ],
      [
        75.318736,
        38.777709
      ],
      [
        75.318814,
        38.77779
      ],
      [
        75.318998,
        38.777983
      ],
      [
        75.319117,
        38.778149
      ],
      [
        75.319193,
        38.778344
      ],
      [
        75.319262,
        38.778554
      ],
      [
        75.320477,
        38.780265
      ],
      [
        75.321478,
        38.781697
      ],
      [
        75.322478,
        38.783085
      ],
      [
        75.32561,
        38.787035
      ],
      [
        75.327181,
        38.788762
      ],
      [
        75.32782,
        38.789738
      ],
      [
        75.328104,
        38.790366
      ],
      [
        75.328336,
        38.791155
      ],
      [
        75.329446,
        38.796712
      ],
      [
        75.329463,
        38.799988
      ],
      [
        75.329501,
        38.80051
      ],
      [
        75.329564,
        38.800913
      ],
      [
        75.329639,
        38.801274
      ],
      [
        75.329758,
        38.801646
      ],
      [
        75.329854,
        38.801929
      ],
      [
        75.330421,
        38.803558
      ],
      [
        75.330626,
        38.804181
      ],
      [
        75.330758,
        38.804549
      ],
      [
        75.330925,
        38.8049
      ],
      [
        75.331113,
        38.805207
      ],
      [
        75.331356,
        38.805511
      ],
      [
        75.333236,
        38.807665
      ],
      [
        75.333446,
        38.807863
      ],
      [
        75.333672,
        38.808034
      ],
      [
        75.333913,
        38.808182
      ],
      [
        75.334185,
        38.808315
      ],
      [
        75.335014,
        38.808629
      ],
      [
        75.33544,
        38.808842
      ],
      [
        75.33577,
        38.809048
      ],
      [
        75.336044,
        38.809273
      ],
      [
        75.336862,
        38.810021
      ],
      [
        75.337169,
        38.810258
      ],
      [
        75.337487,
        38.810472
      ],
      [
        75.337846,
        38.810654
      ],
      [
        75.33827,
        38.810856
      ],
      [
        75.338541,
        38.810986
      ],
      [
        75.339648,
        38.811516
      ],
      [
        75.340088,
        38.811776
      ],
      [
        75.34044,
        38.812003
      ],
      [
        75.343264,
        38.814095
      ],
      [
        75.343579,
        38.814272
      ],
      [
        75.343862,
        38.814417
      ],
      [
        75.34419,
        38.814524
      ],
      [
        75.344575,
        38.814628
      ],
      [
        75.344683,
        38.814646
      ],
      [
        75.345054,
        38.814708
      ],
      [
        75.345598,
        38.814772
      ],
      [
        75.351709,
        38.815234
      ],
      [
        75.357996,
        38.81574
      ],
      [
        75.35843,
        38.81576
      ],
      [
        75.358915,
        38.815752
      ],
      [
        75.359259,
        38.815737
      ],
      [
        75.359631,
        38.815692
      ],
      [
        75.360039,
        38.81563
      ],
      [
        75.36035,
        38.815564
      ],
      [
        75.360669,
        38.815479
      ],
      [
        75.363187,
        38.814738
      ],
      [
        75.365454,
        38.814055
      ],
      [
        75.365838,
        38.813953
      ],
      [
        75.3662,
        38.813893
      ],
      [
        75.366604,
        38.81386
      ],
      [
        75.366945,
        38.813853
      ],
      [
        75.367249,
        38.813864
      ],
      [
        75.367558,
        38.813894
      ],
      [
        75.367893,
        38.813944
      ],
      [
        75.368204,
        38.814024
      ],
      [
        75.368485,
        38.814118
      ],
      [
        75.368784,
        38.81425
      ],
      [
        75.37148,
        38.815455
      ],
      [
        75.372397,
        38.815863
      ],
      [
        75.37323,
        38.816218
      ],
      [
        75.373825,
        38.816474
      ],
      [
        75.374333,
        38.816679
      ],
      [
        75.374814,
        38.816829
      ],
      [
        75.375334,
        38.816953
      ],
      [
        75.375796,
        38.817037
      ],
      [
        75.376268,
        38.817087
      ],
      [
        75.376749,
        38.817103
      ],
      [
        75.377221,
        38.817075
      ],
      [
        75.377689,
        38.817019
      ],
      [
        75.378024,
        38.816968
      ],
      [
        75.378402,
        38.816887
      ],
      [
        75.378917,
        38.816756
      ],
      [
        75.379388,
        38.816599
      ],
      [
        75.379758,
        38.816439
      ],
      [
        75.380206,
        38.816212
      ],
      [
        75.380748,
        38.815848
      ],
      [
        75.3812,
        38.815502
      ],
      [
        75.381772,
        38.814992
      ],
      [
        75.384421,
        38.812738
      ],
      [
        75.38487,
        38.812381
      ],
      [
        75.385304,
        38.81207
      ],
      [
        75.38593,
        38.811697
      ],
      [
        75.386694,
        38.811306
      ],
      [
        75.387345,
        38.811052
      ],
      [
        75.388079,
        38.810829
      ],
      [
        75.389144,
        38.810549
      ],
      [
        75.389662,
        38.810445
      ],
      [
        75.390406,
        38.810368
      ],
      [
        75.391145,
        38.810318
      ],
      [
        75.391776,
        38.810314
      ],
      [
        75.392511,
        38.810357
      ],
      [
        75.396588,
        38.810652
      ],
      [
        75.39749,
        38.81071
      ],
      [
        75.398663,
        38.810756
      ],
      [
        75.399891,
        38.810772
      ],
      [
        75.401547,
        38.810741
      ],
      [
        75.407699,
        38.810353
      ],
      [
        75.414995,
        38.809876
      ],
      [
        75.418457,
        38.809649
      ],
      [
        75.419273,
        38.809596
      ],
      [
        75.419985,
        38.809556
      ],
      [
        75.420594,
        38.809544
      ],
      [
        75.421186,
        38.809571
      ],
      [
        75.421706,
        38.809631
      ],
      [
        75.422332,
        38.809729
      ],
      [
        75.422975,
        38.809857
      ],
      [
        75.423547,
        38.810013
      ],
      [
        75.424604,
        38.810382
      ],
      [
        75.425536,
        38.810773
      ],
      [
        75.426017,
        38.810983
      ],
      [
        75.426416,
        38.811131
      ],
      [
        75.426946,
        38.811286
      ],
      [
        75.427589,
        38.811446
      ],
      [
        75.428151,
        38.811574
      ],
      [
        75.42859,
        38.811645
      ],
      [
        75.428933,
        38.811693
      ],
      [
        75.429433,
        38.811717
      ],
      [
        75.430436,
        38.811738
      ],
      [
        75.430895,
        38.811726
      ],
      [
        75.431617,
        38.811672
      ],
      [
        75.433473,
        38.811536
      ],
      [
        75.435309,
        38.811431
      ],
      [
        75.435661,
        38.811425
      ],
      [
        75.436045,
        38.811437
      ],
      [
        75.436442,
        38.811463
      ],
      [
        75.437172,
        38.81152
      ],
      [
        75.437841,
        38.811631
      ],
      [
        75.438524,
        38.811782
      ],
      [
        75.439162,
        38.811975
      ],
      [
        75.439805,
        38.812209
      ],
      [
        75.440658,
        38.812568
      ],
      [
        75.441328,
        38.812885
      ],
      [
        75.441571,
        38.812985
      ],
      [
        75.443588,
        38.813818
      ],
      [
        75.445117,
        38.814494
      ],
      [
        75.447674,
        38.815488
      ],
      [
        75.448209,
        38.815661
      ],
      [
        75.448868,
        38.815871
      ],
      [
        75.449311,
        38.815945
      ],
      [
        75.450501,
        38.816072
      ],
      [
        75.455582,
        38.816112
      ],
      [
        75.458351,
        38.816185
      ],
      [
        75.46052,
        38.816279
      ],
      [
        75.460884,
        38.816324
      ],
      [
        75.461195,
        38.816389
      ],
      [
        75.461445,
        38.816453
      ],
      [
        75.462177,
        38.816719
      ],
      [
        75.462462,
        38.816785
      ],
      [
        75.463313,
        38.816961
      ],
      [
        75.466199,
        38.817767
      ],
      [
        75.467953,
        38.818168
      ],
      [
        75.470742,
        38.81867
      ],
      [
        75.473203,
        38.819096
      ],
      [
        75.474061,
        38.81928
      ],
      [
        75.474779,
        38.819555
      ],
      [
        75.47653,
        38.820644
      ],
      [
        75.47841,
        38.821869
      ],
      [
        75.480094,
        38.822997
      ],
      [
        75.480567,
        38.823391
      ],
      [
        75.480981,
        38.823747
      ],
      [
        75.481363,
        38.824162
      ],
      [
        75.481637,
        38.82454
      ],
      [
        75.481856,
        38.824938
      ],
      [
        75.48203,
        38.825354
      ],
      [
        75.482153,
        38.825762
      ],
      [
        75.482216,
        38.826142
      ],
      [
        75.48223,
        38.826548
      ],
      [
        75.482222,
        38.826968
      ],
      [
        75.482183,
        38.827375
      ],
      [
        75.4821,
        38.827799
      ],
      [
        75.481923,
        38.828325
      ],
      [
        75.479759,
        38.834039
      ],
      [
        75.479535,
        38.834697
      ],
      [
        75.479387,
        38.835363
      ],
      [
        75.479265,
        38.836547
      ],
      [
        75.479064,
        38.838713
      ],
      [
        75.478796,
        38.839905
      ],
      [
        75.477764,
        38.842238
      ],
      [
        75.477638,
        38.842539
      ],
      [
        75.477379,
        38.84306
      ],
      [
        75.476426,
        38.845065
      ],
      [
        75.476249,
        38.845621
      ],
      [
        75.476171,
        38.84603
      ],
      [
        75.476146,
        38.846521
      ],
      [
        75.476549,
        38.847991
      ],
      [
        75.4768,
        38.848842
      ],
      [
        75.476874,
        38.849255
      ],
      [
        75.476864,
        38.849654
      ],
      [
        75.47679,
        38.850067
      ],
      [
        75.476596,
        38.851518
      ],
      [
        75.476446,
        38.853001
      ],
      [
        75.476469,
        38.853628
      ],
      [
        75.476698,
        38.854838
      ],
      [
        75.477234,
        38.857389
      ],
      [
        75.479195,
        38.866702
      ],
      [
        75.47947,
        38.867547
      ],
      [
        75.479838,
        38.86815
      ],
      [
        75.480633,
        38.868844
      ],
      [
        75.484514,
        38.872295
      ],
      [
        75.485344,
        38.873052
      ],
      [
        75.485514,
        38.873255
      ],
      [
        75.485754,
        38.873624
      ],
      [
        75.48589,
        38.873908
      ],
      [
        75.485985,
        38.874167
      ],
      [
        75.486047,
        38.874425
      ],
      [
        75.48608,
        38.874703
      ],
      [
        75.486086,
        38.874959
      ],
      [
        75.486049,
        38.875275
      ],
      [
        75.485981,
        38.875541
      ],
      [
        75.48588,
        38.875853
      ],
      [
        75.485736,
        38.876181
      ],
      [
        75.484941,
        38.877652
      ],
      [
        75.484821,
        38.87792
      ],
      [
        75.484764,
        38.878181
      ],
      [
        75.484741,
        38.878429
      ],
      [
        75.484749,
        38.878691
      ],
      [
        75.484817,
        38.878965
      ],
      [
        75.484912,
        38.879242
      ],
      [
        75.485153,
        38.879732
      ],
      [
        75.485759,
        38.881124
      ],
      [
        75.488576,
        38.886873
      ],
      [
        75.488793,
        38.887327
      ],
      [
        75.489044,
        38.887715
      ],
      [
        75.489377,
        38.888035
      ],
      [
        75.489727,
        38.888331
      ],
      [
        75.493194,
        38.890822
      ],
      [
        75.493651,
        38.891175
      ],
      [
        75.493868,
        38.891422
      ],
      [
        75.494085,
        38.891752
      ],
      [
        75.49425,
        38.892176
      ],
      [
        75.49431,
        38.892515
      ],
      [
        75.494313,
        38.892814
      ],
      [
        75.494253,
        38.893118
      ],
      [
        75.494109,
        38.893469
      ],
      [
        75.493254,
        38.895263
      ],
      [
        75.493158,
        38.895544
      ],
      [
        75.493112,
        38.895802
      ],
      [
        75.493126,
        38.896038
      ],
      [
        75.49316,
        38.89648
      ],
      [
        75.49322,
        38.896755
      ],
      [
        75.493433,
        38.897282
      ],
      [
        75.49351,
        38.897528
      ],
      [
        75.493581,
        38.897847
      ],
      [
        75.493593,
        38.898158
      ],
      [
        75.493541,
        38.898458
      ],
      [
        75.493431,
        38.898773
      ],
      [
        75.493182,
        38.899362
      ],
      [
        75.493102,
        38.899687
      ],
      [
        75.493071,
        38.899965
      ],
      [
        75.493065,
        38.900242
      ],
      [
        75.493188,
        38.90105
      ],
      [
        75.493199,
        38.90137
      ],
      [
        75.493139,
        38.901625
      ],
      [
        75.493053,
        38.90188
      ],
      [
        75.489217,
        38.908617
      ],
      [
        75.48908,
        38.908887
      ],
      [
        75.488987,
        38.909099
      ],
      [
        75.488934,
        38.909255
      ],
      [
        75.48889,
        38.909415
      ],
      [
        75.48885,
        38.909778
      ],
      [
        75.488852,
        38.909987
      ],
      [
        75.489051,
        38.912335
      ],
      [
        75.489117,
        38.9128
      ],
      [
        75.489191,
        38.913146
      ],
      [
        75.489276,
        38.913447
      ],
      [
        75.489426,
        38.913818
      ],
      [
        75.489598,
        38.914152
      ],
      [
        75.489779,
        38.914451
      ],
      [
        75.489979,
        38.914724
      ],
      [
        75.490446,
        38.915217
      ],
      [
        75.490966,
        38.915646
      ],
      [
        75.491872,
        38.916277
      ],
      [
        75.492834,
        38.916908
      ],
      [
        75.493123,
        38.917098
      ],
      [
        75.493333,
        38.917266
      ],
      [
        75.493503,
        38.917423
      ],
      [
        75.493654,
        38.91761
      ],
      [
        75.493773,
        38.917811
      ],
      [
        75.493926,
        38.918119
      ],
      [
        75.494026,
        38.918406
      ],
      [
        75.494079,
        38.91865
      ],
      [
        75.494105,
        38.919008
      ],
      [
        75.49412,
        38.919503
      ],
      [
        75.494169,
        38.919822
      ],
      [
        75.494245,
        38.920048
      ],
      [
        75.494339,
        38.920274
      ],
      [
        75.494471,
        38.920487
      ],
      [
        75.494623,
        38.920692
      ],
      [
        75.494884,
        38.920958
      ],
      [
        75.49522,
        38.921285
      ],
      [
        75.495547,
        38.921623
      ],
      [
        75.497709,
        38.923714
      ],
      [
        75.498015,
        38.924044
      ],
      [
        75.498519,
        38.924674
      ],
      [
        75.49868,
        38.925087
      ],
      [
        75.498819,
        38.925584
      ],
      [
        75.498842,
        38.926016
      ],
      [
        75.498793,
        38.926355
      ],
      [
        75.498629,
        38.927
      ],
      [
        75.49856,
        38.927365
      ],
      [
        75.498546,
        38.92767
      ],
      [
        75.498626,
        38.928205
      ],
      [
        75.498814,
        38.928597
      ],
      [
        75.499131,
        38.929031
      ],
      [
        75.49942,
        38.92926
      ],
      [
        75.499524,
        38.929331
      ],
      [
        75.49979,
        38.929511
      ],
      [
        75.50015,
        38.92969
      ],
      [
        75.50081,
        38.929907
      ],
      [
        75.501158,
        38.930053
      ],
      [
        75.501518,
        38.930287
      ],
      [
        75.501818,
        38.930529
      ],
      [
        75.502156,
        38.930942
      ],
      [
        75.50237,
        38.931349
      ],
      [
        75.502564,
        38.931866
      ],
      [
        75.502656,
        38.932333
      ],
      [
        75.502784,
        38.933321
      ],
      [
        75.502735,
        38.933909
      ],
      [
        75.50265,
        38.934485
      ],
      [
        75.502558,
        38.935236
      ],
      [
        75.502607,
        38.935791
      ],
      [
        75.502848,
        38.936396
      ],
      [
        75.503014,
        38.936747
      ],
      [
        75.503411,
        38.937193
      ],
      [
        75.503857,
        38.937506
      ],
      [
        75.504377,
        38.937815
      ],
      [
        75.505289,
        38.938257
      ],
      [
        75.505632,
        38.938424
      ],
      [
        75.506952,
        38.939075
      ],
      [
        75.508379,
        38.939759
      ],
      [
        75.50921,
        38.940206
      ],
      [
        75.509607,
        38.94051
      ],
      [
        75.509859,
        38.940773
      ],
      [
        75.509972,
        38.941078
      ],
      [
        75.510079,
        38.94137
      ],
      [
        75.510069,
        38.941649
      ],
      [
        75.510047,
        38.941895
      ],
      [
        75.509934,
        38.942158
      ],
      [
        75.509731,
        38.94248
      ],
      [
        75.509387,
        38.942797
      ],
      [
        75.506806,
        38.944667
      ],
      [
        75.505938,
        38.945411
      ],
      [
        75.50562,
        38.945786
      ],
      [
        75.505148,
        38.946422
      ],
      [
        75.504678,
        38.947093
      ],
      [
        75.503986,
        38.948104
      ],
      [
        75.50368,
        38.948596
      ],
      [
        75.503567,
        38.949109
      ],
      [
        75.503577,
        38.949389
      ],
      [
        75.503583,
        38.949535
      ],
      [
        75.503642,
        38.949818
      ],
      [
        75.50376,
        38.950127
      ],
      [
        75.503996,
        38.950486
      ],
      [
        75.50427,
        38.950744
      ],
      [
        75.505509,
        38.951604
      ],
      [
        75.505772,
        38.951821
      ],
      [
        75.506083,
        38.952167
      ],
      [
        75.506228,
        38.952392
      ],
      [
        75.50634,
        38.952547
      ],
      [
        75.506453,
        38.952793
      ],
      [
        75.506603,
        38.953281
      ],
      [
        75.506775,
        38.953723
      ],
      [
        75.506984,
        38.954149
      ],
      [
        75.507274,
        38.95452
      ],
      [
        75.50773,
        38.954958
      ],
      [
        75.508191,
        38.955358
      ],
      [
        75.509216,
        38.95623
      ],
      [
        75.509806,
        38.956739
      ],
      [
        75.510412,
        38.95729
      ],
      [
        75.510846,
        38.957644
      ],
      [
        75.51134,
        38.958003
      ],
      [
        75.511903,
        38.958316
      ],
      [
        75.512381,
        38.958449
      ],
      [
        75.513137,
        38.958612
      ],
      [
        75.51399,
        38.958741
      ],
      [
        75.514687,
        38.958896
      ],
      [
        75.515353,
        38.959029
      ],
      [
        75.51583,
        38.959213
      ],
      [
        75.516216,
        38.959413
      ],
      [
        75.516474,
        38.959601
      ],
      [
        75.516774,
        38.959897
      ],
      [
        75.517123,
        38.960414
      ],
      [
        75.517268,
        38.960969
      ],
      [
        75.517252,
        38.961678
      ],
      [
        75.517225,
        38.96275
      ],
      [
        75.517335,
        38.96374
      ],
      [
        75.518746,
        38.967962
      ],
      [
        75.518951,
        38.968746
      ],
      [
        75.519187,
        38.969944
      ],
      [
        75.519226,
        38.973236
      ],
      [
        75.51927,
        38.975266
      ],
      [
        75.519308,
        38.975554
      ],
      [
        75.519543,
        38.97633
      ],
      [
        75.519684,
        38.976619
      ],
      [
        75.519836,
        38.976917
      ],
      [
        75.520159,
        38.977371
      ],
      [
        75.5206,
        38.977976
      ],
      [
        75.520976,
        38.978516
      ],
      [
        75.521132,
        38.978727
      ],
      [
        75.521594,
        38.979408
      ],
      [
        75.520813,
        38.979614
      ],
      [
        75.518865,
        38.980072
      ],
      [
        75.518713,
        38.980105
      ],
      [
        75.513259,
        38.981288
      ],
      [
        75.506755,
        38.982803
      ],
      [
        75.50414,
        38.983361
      ],
      [
        75.502644,
        38.983547
      ],
      [
        75.50079,
        38.983627
      ],
      [
        75.498927,
        38.983587
      ],
      [
        75.497431,
        38.983494
      ],
      [
        75.496414,
        38.983321
      ],
      [
        75.49544,
        38.983175
      ],
      [
        75.49444,
        38.983035
      ],
      [
        75.492868,
        38.982922
      ],
      [
        75.492338,
        38.982856
      ],
      [
        75.491671,
        38.98277
      ],
      [
        75.49009,
        38.982856
      ],
      [
        75.489697,
        38.982856
      ],
      [
        75.488706,
        38.982677
      ],
      [
        75.487466,
        38.982491
      ],
      [
        75.486714,
        38.982424
      ],
      [
        75.486321,
        38.982457
      ],
      [
        75.485492,
        38.982743
      ],
      [
        75.485082,
        38.982843
      ],
      [
        75.483698,
        38.982916
      ],
      [
        75.482732,
        38.982949
      ],
      [
        75.482176,
        38.982903
      ],
      [
        75.481031,
        38.982537
      ],
      [
        75.480732,
        38.982391
      ],
      [
        75.480638,
        38.982178
      ],
      [
        75.480869,
        38.981813
      ],
      [
        75.480971,
        38.981647
      ],
      [
        75.480963,
        38.981481
      ],
      [
        75.480211,
        38.980478
      ],
      [
        75.479758,
        38.980112
      ],
      [
        75.477416,
        38.97879
      ],
      [
        75.477211,
        38.978624
      ],
      [
        75.476912,
        38.978232
      ],
      [
        75.476638,
        38.97796
      ],
      [
        75.475972,
        38.977574
      ],
      [
        75.474938,
        38.977056
      ],
      [
        75.473476,
        38.975887
      ],
      [
        75.472904,
        38.975435
      ],
      [
        75.47263,
        38.97487
      ],
      [
        75.472468,
        38.974645
      ],
      [
        75.472229,
        38.974492
      ],
      [
        75.47063,
        38.974106
      ],
      [
        75.470015,
        38.973987
      ],
      [
        75.469733,
        38.973748
      ],
      [
        75.469451,
        38.973442
      ],
      [
        75.469075,
        38.973203
      ],
      [
        75.469041,
        38.973116
      ],
      [
        75.469032,
        38.972857
      ],
      [
        75.468861,
        38.972665
      ],
      [
        75.46805,
        38.972053
      ],
      [
        75.467221,
        38.971588
      ],
      [
        75.466204,
        38.97103
      ],
      [
        75.465195,
        38.970565
      ],
      [
        75.464785,
        38.970372
      ],
      [
        75.464067,
        38.970259
      ],
      [
        75.463418,
        38.970259
      ],
      [
        75.463007,
        38.970219
      ],
      [
        75.462016,
        38.97004
      ],
      [
        75.459691,
        38.969708
      ],
      [
        75.456076,
        38.969136
      ],
      [
        75.453145,
        38.968678
      ],
      [
        75.450991,
        38.968419
      ],
      [
        75.450504,
        38.968432
      ],
      [
        75.447834,
        38.969017
      ],
      [
        75.444834,
        38.969595
      ],
      [
        75.443732,
        38.969974
      ],
      [
        75.443245,
        38.97006
      ],
      [
        75.441988,
        38.970027
      ],
      [
        75.44145,
        38.96998
      ],
      [
        75.440467,
        38.969568
      ],
      [
        75.439066,
        38.968944
      ],
      [
        75.438733,
        38.968817
      ],
      [
        75.437083,
        38.968432
      ],
      [
        75.433819,
        38.967721
      ],
      [
        75.433392,
        38.967588
      ],
      [
        75.433007,
        38.967382
      ],
      [
        75.432785,
        38.967309
      ],
      [
        75.432486,
        38.967336
      ],
      [
        75.432067,
        38.967349
      ],
      [
        75.431683,
        38.967296
      ],
      [
        75.430725,
        38.96707
      ],
      [
        75.430161,
        38.966844
      ],
      [
        75.428538,
        38.965801
      ],
      [
        75.428111,
        38.965655
      ],
      [
        75.427504,
        38.965442
      ],
      [
        75.425402,
        38.964764
      ],
      [
        75.42512,
        38.964592
      ],
      [
        75.424727,
        38.964186
      ],
      [
        75.424393,
        38.963954
      ],
      [
        75.424094,
        38.963821
      ],
      [
        75.421522,
        38.96299
      ],
      [
        75.423248,
        38.960047
      ],
      [
        75.421522,
        38.96299
      ],
      [
        75.424094,
        38.963821
      ],
      [
        75.424393,
        38.963954
      ],
      [
        75.424727,
        38.964186
      ],
      [
        75.42512,
        38.964592
      ],
      [
        75.425402,
        38.964764
      ],
      [
        75.427504,
        38.965442
      ],
      [
        75.428111,
        38.965655
      ],
      [
        75.428538,
        38.965801
      ],
      [
        75.430161,
        38.966844
      ],
      [
        75.430725,
        38.96707
      ],
      [
        75.431683,
        38.967296
      ],
      [
        75.432067,
        38.967349
      ],
      [
        75.432486,
        38.967336
      ],
      [
        75.432785,
        38.967309
      ],
      [
        75.433007,
        38.967382
      ],
      [
        75.433392,
        38.967588
      ],
      [
        75.433819,
        38.967721
      ],
      [
        75.437083,
        38.968432
      ],
      [
        75.438733,
        38.968817
      ],
      [
        75.439066,
        38.968944
      ],
      [
        75.440467,
        38.969568
      ],
      [
        75.44145,
        38.96998
      ],
      [
        75.441988,
        38.970027
      ],
      [
        75.443245,
        38.97006
      ],
      [
        75.443732,
        38.969974
      ],
      [
        75.444834,
        38.969595
      ],
      [
        75.447834,
        38.969017
      ],
      [
        75.450504,
        38.968432
      ],
      [
        75.450991,
        38.968419
      ],
      [
        75.453145,
        38.968678
      ],
      [
        75.456076,
        38.969136
      ],
      [
        75.459691,
        38.969708
      ],
      [
        75.462016,
        38.97004
      ],
      [
        75.463007,
        38.970219
      ],
      [
        75.463418,
        38.970259
      ],
      [
        75.464067,
        38.970259
      ],
      [
        75.464785,
        38.970372
      ],
      [
        75.465195,
        38.970565
      ],
      [
        75.466204,
        38.97103
      ],
      [
        75.467221,
        38.971588
      ],
      [
        75.46805,
        38.972053
      ],
      [
        75.468861,
        38.972665
      ],
      [
        75.469032,
        38.972857
      ],
      [
        75.469041,
        38.973116
      ],
      [
        75.469075,
        38.973203
      ],
      [
        75.469451,
        38.973442
      ],
      [
        75.469733,
        38.973748
      ],
      [
        75.470015,
        38.973987
      ],
      [
        75.47063,
        38.974106
      ],
      [
        75.472229,
        38.974492
      ],
      [
        75.472468,
        38.974645
      ],
      [
        75.47263,
        38.97487
      ],
      [
        75.472904,
        38.975435
      ],
      [
        75.473476,
        38.975887
      ],
      [
        75.474881,
        38.977011
      ],
      [
        75.474938,
        38.977056
      ],
      [
        75.475972,
        38.977574
      ],
      [
        75.476638,
        38.97796
      ],
      [
        75.476912,
        38.978232
      ],
      [
        75.477211,
        38.978624
      ],
      [
        75.477416,
        38.97879
      ],
      [
        75.479758,
        38.980112
      ],
      [
        75.480211,
        38.980478
      ],
      [
        75.480963,
        38.981481
      ],
      [
        75.480971,
        38.981647
      ],
      [
        75.480869,
        38.981813
      ],
      [
        75.480638,
        38.982178
      ],
      [
        75.480732,
        38.982391
      ],
      [
        75.481031,
        38.982537
      ],
      [
        75.482176,
        38.982903
      ],
      [
        75.482732,
        38.982949
      ],
      [
        75.483698,
        38.982916
      ],
      [
        75.485082,
        38.982843
      ],
      [
        75.485492,
        38.982743
      ],
      [
        75.486321,
        38.982457
      ],
      [
        75.486714,
        38.982424
      ],
      [
        75.487466,
        38.982491
      ],
      [
        75.488706,
        38.982677
      ],
      [
        75.489697,
        38.982856
      ],
      [
        75.49009,
        38.982856
      ],
      [
        75.491671,
        38.98277
      ],
      [
        75.492338,
        38.982856
      ],
      [
        75.492868,
        38.982922
      ],
      [
        75.49444,
        38.983035
      ],
      [
        75.49544,
        38.983175
      ],
      [
        75.496414,
        38.983321
      ],
      [
        75.497431,
        38.983494
      ],
      [
        75.498927,
        38.983587
      ],
      [
        75.50079,
        38.983627
      ],
      [
        75.502644,
        38.983547
      ],
      [
        75.50414,
        38.983361
      ],
      [
        75.506755,
        38.982803
      ],
      [
        75.513259,
        38.981288
      ],
      [
        75.518713,
        38.980105
      ],
      [
        75.518865,
        38.980072
      ],
      [
        75.520813,
        38.979614
      ],
      [
        75.521594,
        38.979408
      ],
      [
        75.522086,
        38.9801
      ],
      [
        75.522861,
        38.981019
      ],
      [
        75.523176,
        38.981417
      ],
      [
        75.523544,
        38.981801
      ],
      [
        75.524129,
        38.982378
      ],
      [
        75.524732,
        38.982984
      ],
      [
        75.525349,
        38.983545
      ],
      [
        75.527121,
        38.984919
      ],
      [
        75.52774,
        38.985314
      ],
      [
        75.528614,
        38.985924
      ],
      [
        75.530146,
        38.986769
      ],
      [
        75.530877,
        38.987093
      ],
      [
        75.531598,
        38.987378
      ],
      [
        75.532393,
        38.987631
      ],
      [
        75.533207,
        38.987845
      ],
      [
        75.533691,
        38.987939
      ],
      [
        75.534513,
        38.988058
      ],
      [
        75.535745,
        38.988238
      ],
      [
        75.536438,
        38.988367
      ],
      [
        75.537288,
        38.988509
      ],
      [
        75.537889,
        38.988629
      ],
      [
        75.538513,
        38.988855
      ],
      [
        75.539606,
        38.989386
      ],
      [
        75.540598,
        38.990196
      ],
      [
        75.544898,
        38.993477
      ],
      [
        75.545476,
        38.99394
      ],
      [
        75.545927,
        38.994366
      ],
      [
        75.546641,
        38.995105
      ],
      [
        75.546986,
        38.995531
      ],
      [
        75.547409,
        38.996107
      ],
      [
        75.550235,
        39.000472
      ],
      [
        75.550635,
        39.001075
      ],
      [
        75.550679,
        39.001141
      ],
      [
        75.551341,
        39.002218
      ],
      [
        75.552589,
        39.004203
      ],
      [
        75.553301,
        39.005302
      ],
      [
        75.554431,
        39.007074
      ],
      [
        75.556145,
        39.009759
      ],
      [
        75.556473,
        39.010273
      ],
      [
        75.55761,
        39.012076
      ],
      [
        75.558028,
        39.012834
      ],
      [
        75.55831,
        39.013425
      ],
      [
        75.558571,
        39.014064
      ],
      [
        75.559013,
        39.015351
      ],
      [
        75.559471,
        39.016609
      ],
      [
        75.559579,
        39.0169
      ],
      [
        75.559952,
        39.017986
      ],
      [
        75.560502,
        39.019079
      ],
      [
        75.561382,
        39.020141
      ],
      [
        75.562687,
        39.021515
      ],
      [
        75.563059,
        39.021906
      ],
      [
        75.563647,
        39.022525
      ],
      [
        75.56398,
        39.023003
      ],
      [
        75.564356,
        39.0237
      ],
      [
        75.570291,
        39.037826
      ],
      [
        75.571303,
        39.040638
      ],
      [
        75.571729,
        39.042917
      ],
      [
        75.57184,
        39.044113
      ],
      [
        75.571909,
        39.045802
      ],
      [
        75.570836,
        39.056834
      ],
      [
        75.568899,
        39.076184
      ],
      [
        75.568679,
        39.077971
      ],
      [
        75.568696,
        39.078865
      ],
      [
        75.569073,
        39.081838
      ],
      [
        75.57018,
        39.089149
      ],
      [
        75.570976,
        39.094867
      ],
      [
        75.571366,
        39.096401
      ],
      [
        75.571665,
        39.097272
      ],
      [
        75.571816,
        39.097711
      ],
      [
        75.572436,
        39.098842
      ],
      [
        75.572697,
        39.099252
      ],
      [
        75.574765,
        39.1025
      ],
      [
        75.577467,
        39.106762
      ],
      [
        75.578796,
        39.108782
      ],
      [
        75.581055,
        39.112301
      ],
      [
        75.581813,
        39.113503
      ],
      [
        75.582124,
        39.114056
      ],
      [
        75.582453,
        39.114722
      ],
      [
        75.582644,
        39.115156
      ],
      [
        75.58283,
        39.115647
      ],
      [
        75.583167,
        39.117052
      ],
      [
        75.583357,
        39.118395
      ],
      [
        75.583365,
        39.118446
      ],
      [
        75.5835,
        39.119369
      ],
      [
        75.583765,
        39.12158
      ],
      [
        75.583923,
        39.122893
      ],
      [
        75.584598,
        39.128522
      ],
      [
        75.584556,
        39.130184
      ],
      [
        75.584241,
        39.132052
      ],
      [
        75.58378,
        39.134783
      ],
      [
        75.583766,
        39.134861
      ],
      [
        75.583333,
        39.136939
      ],
      [
        75.583052,
        39.138289
      ],
      [
        75.582723,
        39.139866
      ],
      [
        75.58267,
        39.140121
      ],
      [
        75.581605,
        39.145229
      ],
      [
        75.581173,
        39.1473
      ],
      [
        75.580884,
        39.148686
      ],
      [
        75.577166,
        39.169052
      ],
      [
        75.57685,
        39.170701
      ],
      [
        75.576269,
        39.173735
      ],
      [
        75.576097,
        39.175049
      ],
      [
        75.576019,
        39.176335
      ],
      [
        75.576042,
        39.17807
      ],
      [
        75.576052,
        39.178336
      ],
      [
        75.576171,
        39.18151
      ],
      [
        75.575955,
        39.182453
      ],
      [
        75.575685,
        39.182945
      ],
      [
        75.575177,
        39.183677
      ],
      [
        75.574963,
        39.183985
      ],
      [
        75.574222,
        39.185042
      ],
      [
        75.572228,
        39.187819
      ],
      [
        75.570371,
        39.190571
      ],
      [
        75.569079,
        39.192844
      ],
      [
        75.565135,
        39.200791
      ],
      [
        75.56507,
        39.201691
      ],
      [
        75.56511,
        39.203149
      ],
      [
        75.565314,
        39.20717
      ],
      [
        75.565328,
        39.20817
      ],
      [
        75.565271,
        39.209116
      ],
      [
        75.565078,
        39.210427
      ],
      [
        75.564917,
        39.21095
      ],
      [
        75.564053,
        39.212872
      ],
      [
        75.561976,
        39.215571
      ],
      [
        75.561826,
        39.215764
      ],
      [
        75.559396,
        39.219
      ],
      [
        75.559122,
        39.219499
      ],
      [
        75.558917,
        39.220008
      ],
      [
        75.55864,
        39.221105
      ],
      [
        75.558535,
        39.221498
      ],
      [
        75.557437,
        39.225649
      ],
      [
        75.556717,
        39.227609
      ],
      [
        75.553781,
        39.235597
      ],
      [
        75.552661,
        39.238735
      ],
      [
        75.551637,
        39.241571
      ],
      [
        75.547925,
        39.251851
      ],
      [
        75.547113,
        39.253523
      ],
      [
        75.544148,
        39.259207
      ],
      [
        75.542529,
        39.262251
      ],
      [
        75.541055,
        39.264345
      ],
      [
        75.540656,
        39.264913
      ],
      [
        75.539472,
        39.266602
      ],
      [
        75.538902,
        39.26741
      ],
      [
        75.538408,
        39.268279
      ],
      [
        75.538065,
        39.268975
      ],
      [
        75.537547,
        39.270025
      ],
      [
        75.536832,
        39.270885
      ],
      [
        75.535826,
        39.271686
      ],
      [
        75.534646,
        39.272319
      ],
      [
        75.534218,
        39.272522
      ],
      [
        75.533234,
        39.272989
      ],
      [
        75.532073,
        39.273685
      ],
      [
        75.531367,
        39.274441
      ],
      [
        75.530729,
        39.275535
      ],
      [
        75.529858,
        39.277444
      ],
      [
        75.529239,
        39.278597
      ],
      [
        75.529046,
        39.278843
      ],
      [
        75.528804,
        39.279151
      ],
      [
        75.527258,
        39.281118
      ],
      [
        75.526724,
        39.28225
      ],
      [
        75.526524,
        39.283328
      ],
      [
        75.526425,
        39.28386
      ],
      [
        75.526618,
        39.285267
      ],
      [
        75.526964,
        39.286238
      ],
      [
        75.527069,
        39.286478
      ],
      [
        75.528511,
        39.289227
      ],
      [
        75.53028,
        39.292563
      ],
      [
        75.531148,
        39.294202
      ],
      [
        75.531973,
        39.295599
      ],
      [
        75.532493,
        39.296303
      ],
      [
        75.533053,
        39.296936
      ],
      [
        75.533337,
        39.297212
      ],
      [
        75.533607,
        39.297451
      ],
      [
        75.533775,
        39.297599
      ],
      [
        75.534006,
        39.297779
      ],
      [
        75.534296,
        39.297984
      ],
      [
        75.534805,
        39.298311
      ],
      [
        75.535307,
        39.298612
      ],
      [
        75.535773,
        39.298874
      ],
      [
        75.537334,
        39.299679
      ],
      [
        75.537813,
        39.299924
      ],
      [
        75.538594,
        39.300352
      ],
      [
        75.538828,
        39.300504
      ],
      [
        75.539122,
        39.300749
      ],
      [
        75.539254,
        39.300887
      ],
      [
        75.539369,
        39.301025
      ],
      [
        75.539484,
        39.301182
      ],
      [
        75.540001,
        39.302043
      ],
      [
        75.540113,
        39.30224
      ],
      [
        75.54061,
        39.30306
      ],
      [
        75.540716,
        39.303235
      ],
      [
        75.540835,
        39.303431
      ],
      [
        75.541447,
        39.304443
      ],
      [
        75.54244,
        39.305981
      ],
      [
        75.543886,
        39.308193
      ],
      [
        75.544131,
        39.308613
      ],
      [
        75.545878,
        39.31159
      ],
      [
        75.54685,
        39.313047
      ],
      [
        75.548216,
        39.314712
      ],
      [
        75.54898,
        39.31546
      ],
      [
        75.549753,
        39.316115
      ],
      [
        75.551224,
        39.317062
      ],
      [
        75.552336,
        39.31754
      ],
      [
        75.552874,
        39.31767
      ],
      [
        75.553893,
        39.317915
      ],
      [
        75.555567,
        39.318079
      ],
      [
        75.558588,
        39.318001
      ],
      [
        75.560763,
        39.317936
      ],
      [
        75.560993,
        39.31793
      ],
      [
        75.561602,
        39.317974
      ],
      [
        75.562221,
        39.318057
      ],
      [
        75.563517,
        39.318296
      ],
      [
        75.564745,
        39.318371
      ],
      [
        75.564858,
        39.31837
      ],
      [
        75.565916,
        39.318356
      ],
      [
        75.567192,
        39.318281
      ],
      [
        75.568455,
        39.318131
      ],
      [
        75.571757,
        39.317601
      ],
      [
        75.572756,
        39.317536
      ],
      [
        75.573989,
        39.317663
      ],
      [
        75.577865,
        39.318064
      ],
      [
        75.578384,
        39.318071
      ],
      [
        75.579105,
        39.318081
      ],
      [
        75.581523,
        39.317875
      ],
      [
        75.58253,
        39.317915
      ],
      [
        75.58376,
        39.318136
      ],
      [
        75.593552,
        39.32061
      ],
      [
        75.594757,
        39.321001
      ],
      [
        75.596744,
        39.321769
      ],
      [
        75.597933,
        39.322183
      ],
      [
        75.604736,
        39.323875
      ],
      [
        75.60719,
        39.324466
      ],
      [
        75.608524,
        39.324637
      ],
      [
        75.609935,
        39.324645
      ],
      [
        75.680264,
        39.322597
      ],
      [
        75.683526,
        39.32253
      ],
      [
        75.689497,
        39.322359
      ],
      [
        75.697763,
        39.322121
      ],
      [
        75.704471,
        39.321929
      ],
      [
        75.705816,
        39.321975
      ],
      [
        75.705816,
        39.321811
      ],
      [
        75.705739,
        39.321679
      ],
      [
        75.705421,
        39.321056
      ],
      [
        75.715167,
        39.318102
      ],
      [
        75.717623,
        39.317357
      ],
      [
        75.720671,
        39.316425
      ],
      [
        75.721507,
        39.316154
      ],
      [
        75.722308,
        39.315914
      ],
      [
        75.7258,
        39.314846
      ],
      [
        75.728997,
        39.313867
      ],
      [
        75.729329,
        39.313798
      ],
      [
        75.733623,
        39.313078
      ],
      [
        75.734221,
        39.312981
      ],
      [
        75.751459,
        39.320086
      ],
      [
        75.754864,
        39.321471
      ],
      [
        75.756014,
        39.321962
      ],
      [
        75.756458,
        39.322154
      ],
      [
        75.757439,
        39.322585
      ],
      [
        75.761295,
        39.324204
      ],
      [
        75.761821,
        39.324527
      ],
      [
        75.765888,
        39.327285
      ],
      [
        75.768762,
        39.329233
      ],
      [
        75.770093,
        39.330287
      ],
      [
        75.77322,
        39.333876
      ],
      [
        75.776692,
        39.337982
      ],
      [
        75.778765,
        39.338115
      ],
      [
        75.780838,
        39.338248
      ],
      [
        75.784125,
        39.338808
      ],
      [
        75.785139,
        39.339048
      ],
      [
        75.787543,
        39.339708
      ],
      [
        75.789993,
        39.340608
      ],
      [
        75.79154,
        39.341221
      ],
      [
        75.793684,
        39.342259
      ],
      [
        75.795421,
        39.343048
      ],
      [
        75.795697,
        39.343174
      ],
      [
        75.80146,
        39.345793
      ],
      [
        75.811735,
        39.350447
      ],
      [
        75.812639,
        39.350846
      ],
      [
        75.8173,
        39.353024
      ],
      [
        75.818704,
        39.35367
      ],
      [
        75.820201,
        39.354329
      ],
      [
        75.820898,
        39.354636
      ],
      [
        75.822186,
        39.355325
      ],
      [
        75.822567,
        39.355569
      ],
      [
        75.824126,
        39.356597
      ],
      [
        75.826084,
        39.358364
      ],
      [
        75.826802,
        39.359082
      ],
      [
        75.828916,
        39.361214
      ],
      [
        75.832301,
        39.364674
      ],
      [
        75.834959,
        39.367304
      ],
      [
        75.837268,
        39.369637
      ],
      [
        75.8391,
        39.371472
      ],
      [
        75.841587,
        39.373968
      ],
      [
        75.844841,
        39.37722
      ],
      [
        75.845392,
        39.37777
      ],
      [
        75.848121,
        39.38049
      ],
      [
        75.850639,
        39.382968
      ],
      [
        75.851669,
        39.384019
      ],
      [
        75.851942,
        39.384283
      ],
      [
        75.852434,
        39.384759
      ],
      [
        75.852968,
        39.385242
      ],
      [
        75.853635,
        39.385764
      ],
      [
        75.854458,
        39.386358
      ],
      [
        75.855333,
        39.386898
      ],
      [
        75.856467,
        39.387566
      ],
      [
        75.857738,
        39.388168
      ],
      [
        75.859184,
        39.388864
      ],
      [
        75.86133,
        39.389824
      ],
      [
        75.864889,
        39.391463
      ],
      [
        75.866665,
        39.392287
      ],
      [
        75.869951,
        39.393795
      ],
      [
        75.874215,
        39.395758
      ],
      [
        75.874329,
        39.395788
      ],
      [
        75.874443,
        39.39579
      ],
      [
        75.875327,
        39.395421
      ],
      [
        75.87542,
        39.395382
      ],
      [
        75.876794,
        39.396742
      ],
      [
        75.877227,
        39.397144
      ],
      [
        75.878381,
        39.398121
      ],
      [
        75.87925,
        39.398693
      ],
      [
        75.88036,
        39.399463
      ],
      [
        75.881599,
        39.400274
      ],
      [
        75.882881,
        39.401072
      ],
      [
        75.883594,
        39.401559
      ],
      [
        75.884335,
        39.402018
      ],
      [
        75.893057,
        39.407461
      ],
      [
        75.893367,
        39.407654
      ],
      [
        75.894506,
        39.408364
      ],
      [
        75.896204,
        39.40942
      ],
      [
        75.897265,
        39.410175
      ],
      [
        75.89821,
        39.410928
      ],
      [
        75.898804,
        39.411435
      ],
      [
        75.899399,
        39.41198
      ],
      [
        75.900791,
        39.413485
      ],
      [
        75.901382,
        39.414283
      ],
      [
        75.901946,
        39.415145
      ],
      [
        75.902126,
        39.415453
      ],
      [
        75.902629,
        39.416317
      ],
      [
        75.902692,
        39.416435
      ],
      [
        75.902961,
        39.417053
      ],
      [
        75.903869,
        39.419136
      ],
      [
        75.905447,
        39.422878
      ],
      [
        75.905545,
        39.423106
      ],
      [
        75.905589,
        39.423211
      ],
      [
        75.906298,
        39.424879
      ],
      [
        75.907101,
        39.426585
      ],
      [
        75.907903,
        39.427959
      ],
      [
        75.908184,
        39.428439
      ],
      [
        75.908408,
        39.428751
      ],
      [
        75.908921,
        39.429463
      ],
      [
        75.909238,
        39.429902
      ],
      [
        75.909968,
        39.431129
      ],
      [
        75.910677,
        39.432174
      ],
      [
        75.912443,
        39.434458
      ],
      [
        75.913321,
        39.43561
      ],
      [
        75.91364,
        39.436032
      ],
      [
        75.915622,
        39.438684
      ],
      [
        75.915866,
        39.439015
      ],
      [
        75.916277,
        39.439515
      ],
      [
        75.918616,
        39.442611
      ],
      [
        75.918918,
        39.443015
      ],
      [
        75.920878,
        39.445638
      ],
      [
        75.922591,
        39.447951
      ],
      [
        75.925015,
        39.451187
      ],
      [
        75.925258,
        39.451511
      ],
      [
        75.92748,
        39.454455
      ],
      [
        75.927611,
        39.454641
      ],
      [
        75.928523,
        39.455934
      ],
      [
        75.929232,
        39.456887
      ],
      [
        75.929724,
        39.457549
      ],
      [
        75.930461,
        39.458724
      ],
      [
        75.930939,
        39.459695
      ],
      [
        75.931258,
        39.460498
      ],
      [
        75.9315,
        39.461323
      ],
      [
        75.931624,
        39.462139
      ],
      [
        75.931684,
        39.463033
      ],
      [
        75.931648,
        39.463858
      ],
      [
        75.931571,
        39.464601
      ],
      [
        75.931352,
        39.465593
      ],
      [
        75.931359,
        39.465691
      ],
      [
        75.931389,
        39.465747
      ],
      [
        75.931464,
        39.46584
      ],
      [
        75.931549,
        39.465906
      ],
      [
        75.931669,
        39.465963
      ],
      [
        75.931734,
        39.465988
      ],
      [
        75.931835,
        39.466003
      ],
      [
        75.932066,
        39.466006
      ],
      [
        75.93746,
        39.465328
      ],
      [
        75.941524,
        39.464766
      ],
      [
        75.94301,
        39.464508
      ],
      [
        75.945381,
        39.464165
      ],
      [
        75.94542,
        39.464101
      ],
      [
        75.945642,
        39.464157
      ],
      [
        75.946403,
        39.464255
      ],
      [
        75.947193,
        39.464331
      ],
      [
        75.948224,
        39.464403
      ],
      [
        75.951276,
        39.464625
      ],
      [
        75.953015,
        39.464758
      ],
      [
        75.954875,
        39.464883
      ],
      [
        75.955012,
        39.464893
      ],
      [
        75.956034,
        39.464978
      ],
      [
        75.960998,
        39.465318
      ],
      [
        75.965131,
        39.465626
      ],
      [
        75.970067,
        39.465999
      ],
      [
        75.972562,
        39.466166
      ],
      [
        75.973428,
        39.466219
      ],
      [
        75.974999,
        39.466341
      ],
      [
        75.975144,
        39.466353
      ],
      [
        75.975494,
        39.466381
      ],
      [
        75.977439,
        39.466569
      ],
      [
        75.97851,
        39.466652
      ],
      [
        75.97873,
        39.466669
      ],
      [
        75.980712,
        39.466822
      ],
      [
        75.980795,
        39.466829
      ],
      [
        75.981346,
        39.466868
      ],
      [
        75.982939,
        39.466935
      ],
      [
        75.984113,
        39.467015
      ],
      [
        75.986523,
        39.467081
      ],
      [
        75.986721,
        39.467075
      ],
      [
        75.986707,
        39.467242
      ],
      [
        75.986639,
        39.468529
      ],
      [
        75.986604,
        39.469524
      ],
      [
        75.986579,
        39.470161
      ],
      [
        75.986473,
        39.472796
      ],
      [
        75.9866,
        39.47284
      ],
      [
        75.986678,
        39.472868
      ],
      [
        75.987132,
        39.473027
      ],
      [
        75.987218,
        39.473057
      ],
      [
        75.987463,
        39.472633
      ],
      [
        75.987679,
        39.472213
      ],
      [
        75.987743,
        39.472091
      ]
    ],
    "type": "LineString"
  }
}
