{
  "type": "Feature",
  "properties": {
    "tripId": "xinjiang-self-drive-2026",
    "dayId": "day-4b",
    "segmentId": "day-4b-driving",
    "label": "白哈巴经铁热克提、哈巴河和布尔津至阿勒泰市",
    "mode": "driving",
    "routeQuality": "road-network",
    "routingProvider": "https://router.project-osrm.org",
    "routingProfile": "driving",
    "requestOptions": {
      "geometries": "geojson",
      "overview": "full",
      "steps": false,
      "alternatives": false
    },
    "inputCoordinates": [
      [
        86.778475,
        48.681506
      ],
      [
        86.69837,
        48.474442
      ],
      [
        86.415634,
        48.059644
      ],
      [
        86.872219,
        47.700617
      ],
      [
        88.12917,
        47.825756
      ]
    ],
    "snappedWaypoints": [
      [
        86.779329,
        48.681684
      ],
      [
        86.698495,
        48.474297
      ],
      [
        86.416463,
        48.059589
      ],
      [
        86.871976,
        47.700251
      ],
      [
        88.129422,
        47.825646
      ]
    ],
    "source": "OSRM",
    "sourceUrl": "https://project-osrm.org/",
    "mapData": "© OpenStreetMap contributors",
    "mapDataUrl": "https://www.openstreetmap.org/copyright",
    "generatedAt": "2026-09-06T06:54:19.749Z",
    "distanceMeters": 285527.8,
    "durationSeconds": 12265.8,
    "distanceKm": 285.5,
    "durationMinutes": 204
  },
  "geometry": {
    "coordinates": [
      [
        86.779329,
        48.681684
      ],
      [
        86.779949,
        48.680387
      ],
      [
        86.77714,
        48.679258
      ],
      [
        86.775041,
        48.678452
      ],
      [
        86.773303,
        48.677899
      ],
      [
        86.77297,
        48.677764
      ],
      [
        86.771007,
        48.676858
      ],
      [
        86.769061,
        48.675964
      ],
      [
        86.766189,
        48.674647
      ],
      [
        86.764062,
        48.673747
      ],
      [
        86.762989,
        48.673308
      ],
      [
        86.761844,
        48.672961
      ],
      [
        86.760954,
        48.672777
      ],
      [
        86.760382,
        48.672663
      ],
      [
        86.756176,
        48.671047
      ],
      [
        86.75179,
        48.669367
      ],
      [
        86.750352,
        48.668353
      ],
      [
        86.7474,
        48.666319
      ],
      [
        86.746091,
        48.665394
      ],
      [
        86.740302,
        48.66196
      ],
      [
        86.732958,
        48.65768
      ],
      [
        86.731942,
        48.657153
      ],
      [
        86.730751,
        48.656812
      ],
      [
        86.727543,
        48.656242
      ],
      [
        86.726992,
        48.656114
      ],
      [
        86.726347,
        48.655878
      ],
      [
        86.725941,
        48.655658
      ],
      [
        86.722874,
        48.653609
      ],
      [
        86.720179,
        48.651961
      ],
      [
        86.719867,
        48.651706
      ],
      [
        86.719663,
        48.651442
      ],
      [
        86.719366,
        48.65083
      ],
      [
        86.719149,
        48.650661
      ],
      [
        86.718913,
        48.650618
      ],
      [
        86.718153,
        48.650609
      ],
      [
        86.717918,
        48.650559
      ],
      [
        86.717692,
        48.650467
      ],
      [
        86.716903,
        48.649848
      ],
      [
        86.716586,
        48.649673
      ],
      [
        86.715515,
        48.649513
      ],
      [
        86.71516,
        48.64923
      ],
      [
        86.714937,
        48.648537
      ],
      [
        86.714778,
        48.648423
      ],
      [
        86.714418,
        48.648333
      ],
      [
        86.713756,
        48.648305
      ],
      [
        86.713532,
        48.648223
      ],
      [
        86.712421,
        48.647301
      ],
      [
        86.711661,
        48.646827
      ],
      [
        86.709073,
        48.64551
      ],
      [
        86.708099,
        48.645074
      ],
      [
        86.705986,
        48.644236
      ],
      [
        86.705335,
        48.643855
      ],
      [
        86.705054,
        48.64359
      ],
      [
        86.704761,
        48.643085
      ],
      [
        86.704603,
        48.642275
      ],
      [
        86.704593,
        48.641812
      ],
      [
        86.704666,
        48.641466
      ],
      [
        86.705095,
        48.640572
      ],
      [
        86.705592,
        48.6399
      ],
      [
        86.705898,
        48.639656
      ],
      [
        86.706255,
        48.639466
      ],
      [
        86.707046,
        48.639222
      ],
      [
        86.708171,
        48.63834
      ],
      [
        86.709343,
        48.637671
      ],
      [
        86.709461,
        48.637498
      ],
      [
        86.709456,
        48.637375
      ],
      [
        86.709305,
        48.637268
      ],
      [
        86.707541,
        48.637393
      ],
      [
        86.705868,
        48.637298
      ],
      [
        86.705487,
        48.637314
      ],
      [
        86.704605,
        48.637105
      ],
      [
        86.703658,
        48.637078
      ],
      [
        86.703223,
        48.636866
      ],
      [
        86.702893,
        48.636617
      ],
      [
        86.702694,
        48.636561
      ],
      [
        86.702124,
        48.636648
      ],
      [
        86.70161,
        48.636849
      ],
      [
        86.701381,
        48.637097
      ],
      [
        86.701204,
        48.637483
      ],
      [
        86.701038,
        48.637586
      ],
      [
        86.700798,
        48.637623
      ],
      [
        86.700513,
        48.637558
      ],
      [
        86.700085,
        48.637237
      ],
      [
        86.69983,
        48.637113
      ],
      [
        86.699561,
        48.637096
      ],
      [
        86.699147,
        48.637269
      ],
      [
        86.698913,
        48.637311
      ],
      [
        86.698638,
        48.637252
      ],
      [
        86.698307,
        48.637049
      ],
      [
        86.698232,
        48.636879
      ],
      [
        86.698331,
        48.636734
      ],
      [
        86.698678,
        48.63674
      ],
      [
        86.698998,
        48.636893
      ],
      [
        86.699405,
        48.63691
      ],
      [
        86.700549,
        48.636676
      ],
      [
        86.701691,
        48.63651
      ],
      [
        86.701993,
        48.636347
      ],
      [
        86.702267,
        48.636055
      ],
      [
        86.703513,
        48.635857
      ],
      [
        86.703824,
        48.636129
      ],
      [
        86.704075,
        48.636208
      ],
      [
        86.704726,
        48.636136
      ],
      [
        86.705041,
        48.636177
      ],
      [
        86.705575,
        48.636301
      ],
      [
        86.70635,
        48.636291
      ],
      [
        86.707196,
        48.635871
      ],
      [
        86.707761,
        48.635858
      ],
      [
        86.708559,
        48.635675
      ],
      [
        86.70897,
        48.635503
      ],
      [
        86.709568,
        48.635594
      ],
      [
        86.70999,
        48.635493
      ],
      [
        86.710209,
        48.635365
      ],
      [
        86.710723,
        48.634544
      ],
      [
        86.710975,
        48.634033
      ],
      [
        86.711161,
        48.633835
      ],
      [
        86.711456,
        48.63377
      ],
      [
        86.711905,
        48.633831
      ],
      [
        86.71215,
        48.634025
      ],
      [
        86.712354,
        48.634492
      ],
      [
        86.712708,
        48.635298
      ],
      [
        86.712883,
        48.635668
      ],
      [
        86.713012,
        48.635787
      ],
      [
        86.713328,
        48.635912
      ],
      [
        86.713654,
        48.635937
      ],
      [
        86.713906,
        48.635836
      ],
      [
        86.714863,
        48.635247
      ],
      [
        86.715154,
        48.635172
      ],
      [
        86.715391,
        48.635289
      ],
      [
        86.715533,
        48.635602
      ],
      [
        86.715635,
        48.636588
      ],
      [
        86.715792,
        48.636838
      ],
      [
        86.716045,
        48.636993
      ],
      [
        86.716449,
        48.637072
      ],
      [
        86.716982,
        48.636964
      ],
      [
        86.717298,
        48.636953
      ],
      [
        86.717547,
        48.637085
      ],
      [
        86.717595,
        48.637342
      ],
      [
        86.717389,
        48.638323
      ],
      [
        86.717387,
        48.638598
      ],
      [
        86.717529,
        48.638786
      ],
      [
        86.718267,
        48.639189
      ],
      [
        86.71851,
        48.639248
      ],
      [
        86.719414,
        48.639056
      ],
      [
        86.719596,
        48.639115
      ],
      [
        86.719711,
        48.639245
      ],
      [
        86.719711,
        48.639398
      ],
      [
        86.719508,
        48.63971
      ],
      [
        86.719435,
        48.639929
      ],
      [
        86.719418,
        48.640387
      ],
      [
        86.719212,
        48.640684
      ],
      [
        86.718769,
        48.640765
      ],
      [
        86.718658,
        48.640956
      ],
      [
        86.718813,
        48.641198
      ],
      [
        86.719196,
        48.641389
      ],
      [
        86.719431,
        48.641351
      ],
      [
        86.719536,
        48.641148
      ],
      [
        86.719694,
        48.640871
      ],
      [
        86.719743,
        48.640112
      ],
      [
        86.719823,
        48.63985
      ],
      [
        86.72035,
        48.639307
      ],
      [
        86.720823,
        48.638973
      ],
      [
        86.72098,
        48.638712
      ],
      [
        86.720871,
        48.638572
      ],
      [
        86.720518,
        48.63847
      ],
      [
        86.719895,
        48.638487
      ],
      [
        86.719115,
        48.638735
      ],
      [
        86.718689,
        48.638691
      ],
      [
        86.718441,
        48.638561
      ],
      [
        86.71834,
        48.638374
      ],
      [
        86.718393,
        48.638146
      ],
      [
        86.719292,
        48.636634
      ],
      [
        86.719501,
        48.635987
      ],
      [
        86.719448,
        48.635977
      ],
      [
        86.719185,
        48.635874
      ],
      [
        86.717849,
        48.635861
      ],
      [
        86.717585,
        48.635754
      ],
      [
        86.717527,
        48.635562
      ],
      [
        86.717544,
        48.635105
      ],
      [
        86.717553,
        48.634894
      ],
      [
        86.717198,
        48.634331
      ],
      [
        86.71706,
        48.633348
      ],
      [
        86.716684,
        48.633325
      ],
      [
        86.715338,
        48.633442
      ],
      [
        86.715115,
        48.633407
      ],
      [
        86.714839,
        48.633261
      ],
      [
        86.714514,
        48.63259
      ],
      [
        86.714583,
        48.631789
      ],
      [
        86.714311,
        48.631322
      ],
      [
        86.714314,
        48.631143
      ],
      [
        86.714531,
        48.630625
      ],
      [
        86.714284,
        48.629671
      ],
      [
        86.714132,
        48.629575
      ],
      [
        86.712717,
        48.629358
      ],
      [
        86.710705,
        48.628825
      ],
      [
        86.709086,
        48.628305
      ],
      [
        86.708722,
        48.628126
      ],
      [
        86.708069,
        48.627573
      ],
      [
        86.707278,
        48.627232
      ],
      [
        86.70706,
        48.627094
      ],
      [
        86.706848,
        48.626839
      ],
      [
        86.706809,
        48.626256
      ],
      [
        86.70672,
        48.625995
      ],
      [
        86.706534,
        48.625759
      ],
      [
        86.70638,
        48.625627
      ],
      [
        86.70608,
        48.62548
      ],
      [
        86.705541,
        48.625277
      ],
      [
        86.705498,
        48.625066
      ],
      [
        86.705665,
        48.624879
      ],
      [
        86.705891,
        48.624859
      ],
      [
        86.70612,
        48.62491
      ],
      [
        86.706879,
        48.625413
      ],
      [
        86.707738,
        48.626375
      ],
      [
        86.708097,
        48.626524
      ],
      [
        86.70863,
        48.626513
      ],
      [
        86.708975,
        48.626357
      ],
      [
        86.709178,
        48.626111
      ],
      [
        86.709209,
        48.625923
      ],
      [
        86.708985,
        48.625163
      ],
      [
        86.708959,
        48.624338
      ],
      [
        86.708874,
        48.623991
      ],
      [
        86.708636,
        48.62382
      ],
      [
        86.708305,
        48.623811
      ],
      [
        86.708005,
        48.623952
      ],
      [
        86.707775,
        48.624467
      ],
      [
        86.707617,
        48.624635
      ],
      [
        86.707456,
        48.624676
      ],
      [
        86.707202,
        48.624597
      ],
      [
        86.707092,
        48.624454
      ],
      [
        86.706736,
        48.623396
      ],
      [
        86.705846,
        48.622115
      ],
      [
        86.705141,
        48.620826
      ],
      [
        86.704664,
        48.620278
      ],
      [
        86.704062,
        48.619746
      ],
      [
        86.70356,
        48.619395
      ],
      [
        86.702313,
        48.618874
      ],
      [
        86.701639,
        48.618351
      ],
      [
        86.700247,
        48.617991
      ],
      [
        86.699585,
        48.617607
      ],
      [
        86.699259,
        48.617295
      ],
      [
        86.699361,
        48.617123
      ],
      [
        86.699529,
        48.617067
      ],
      [
        86.699845,
        48.617169
      ],
      [
        86.700562,
        48.617626
      ],
      [
        86.70093,
        48.617788
      ],
      [
        86.701313,
        48.617745
      ],
      [
        86.701399,
        48.617534
      ],
      [
        86.701372,
        48.617382
      ],
      [
        86.699908,
        48.616201
      ],
      [
        86.699454,
        48.615681
      ],
      [
        86.697962,
        48.612946
      ],
      [
        86.697847,
        48.612614
      ],
      [
        86.697682,
        48.611686
      ],
      [
        86.697441,
        48.611157
      ],
      [
        86.696148,
        48.609681
      ],
      [
        86.695689,
        48.608686
      ],
      [
        86.695187,
        48.607828
      ],
      [
        86.694981,
        48.607353
      ],
      [
        86.694597,
        48.605638
      ],
      [
        86.694005,
        48.604467
      ],
      [
        86.694,
        48.60435
      ],
      [
        86.694646,
        48.604177
      ],
      [
        86.69481,
        48.604008
      ],
      [
        86.694846,
        48.60385
      ],
      [
        86.694767,
        48.603708
      ],
      [
        86.694565,
        48.603645
      ],
      [
        86.693896,
        48.603593
      ],
      [
        86.69319,
        48.60338
      ],
      [
        86.692051,
        48.60281
      ],
      [
        86.691284,
        48.602294
      ],
      [
        86.69028,
        48.600926
      ],
      [
        86.690009,
        48.600462
      ],
      [
        86.690014,
        48.600168
      ],
      [
        86.69034,
        48.599648
      ],
      [
        86.690235,
        48.599451
      ],
      [
        86.690025,
        48.599393
      ],
      [
        86.689321,
        48.599412
      ],
      [
        86.689124,
        48.599299
      ],
      [
        86.688907,
        48.59906
      ],
      [
        86.688724,
        48.598735
      ],
      [
        86.688555,
        48.598574
      ],
      [
        86.687919,
        48.598252
      ],
      [
        86.687571,
        48.597705
      ],
      [
        86.686142,
        48.596322
      ],
      [
        86.685849,
        48.595769
      ],
      [
        86.685852,
        48.59542
      ],
      [
        86.686235,
        48.59397
      ],
      [
        86.685522,
        48.592554
      ],
      [
        86.684763,
        48.591412
      ],
      [
        86.684535,
        48.589987
      ],
      [
        86.683697,
        48.588629
      ],
      [
        86.683609,
        48.588294
      ],
      [
        86.683758,
        48.587358
      ],
      [
        86.683938,
        48.586769
      ],
      [
        86.684227,
        48.586225
      ],
      [
        86.684758,
        48.585535
      ],
      [
        86.684999,
        48.585409
      ],
      [
        86.685429,
        48.585431
      ],
      [
        86.68563,
        48.585555
      ],
      [
        86.68603,
        48.58596
      ],
      [
        86.68629,
        48.586118
      ],
      [
        86.686968,
        48.586357
      ],
      [
        86.687295,
        48.586534
      ],
      [
        86.68786,
        48.587307
      ],
      [
        86.688041,
        48.587387
      ],
      [
        86.688338,
        48.587389
      ],
      [
        86.688641,
        48.587204
      ],
      [
        86.688747,
        48.586966
      ],
      [
        86.688711,
        48.586725
      ],
      [
        86.689458,
        48.585673
      ],
      [
        86.689395,
        48.585266
      ],
      [
        86.689151,
        48.58492
      ],
      [
        86.689092,
        48.584671
      ],
      [
        86.689172,
        48.584599
      ],
      [
        86.689474,
        48.584398
      ],
      [
        86.690577,
        48.583978
      ],
      [
        86.691435,
        48.583286
      ],
      [
        86.693475,
        48.582665
      ],
      [
        86.693871,
        48.58248
      ],
      [
        86.694572,
        48.582053
      ],
      [
        86.695229,
        48.581809
      ],
      [
        86.695375,
        48.581644
      ],
      [
        86.695242,
        48.581546
      ],
      [
        86.695071,
        48.581509
      ],
      [
        86.694039,
        48.581681
      ],
      [
        86.693625,
        48.581641
      ],
      [
        86.692547,
        48.581249
      ],
      [
        86.6922,
        48.581044
      ],
      [
        86.692089,
        48.580672
      ],
      [
        86.691734,
        48.580031
      ],
      [
        86.691674,
        48.579789
      ],
      [
        86.691901,
        48.57818
      ],
      [
        86.692044,
        48.577466
      ],
      [
        86.692229,
        48.576884
      ],
      [
        86.693746,
        48.574294
      ],
      [
        86.694194,
        48.573691
      ],
      [
        86.694571,
        48.573347
      ],
      [
        86.695,
        48.573078
      ],
      [
        86.69596,
        48.572749
      ],
      [
        86.697083,
        48.572332
      ],
      [
        86.697413,
        48.572192
      ],
      [
        86.697667,
        48.571982
      ],
      [
        86.698345,
        48.571171
      ],
      [
        86.69842,
        48.570797
      ],
      [
        86.698384,
        48.57027
      ],
      [
        86.698324,
        48.569839
      ],
      [
        86.698378,
        48.569606
      ],
      [
        86.69887,
        48.568971
      ],
      [
        86.698981,
        48.568741
      ],
      [
        86.699033,
        48.568471
      ],
      [
        86.698987,
        48.568267
      ],
      [
        86.698776,
        48.567968
      ],
      [
        86.697539,
        48.566896
      ],
      [
        86.697324,
        48.566788
      ],
      [
        86.697091,
        48.566747
      ],
      [
        86.696822,
        48.566769
      ],
      [
        86.696457,
        48.566822
      ],
      [
        86.69618,
        48.566805
      ],
      [
        86.695905,
        48.566718
      ],
      [
        86.695591,
        48.566428
      ],
      [
        86.69538,
        48.566283
      ],
      [
        86.695176,
        48.566199
      ],
      [
        86.694954,
        48.566168
      ],
      [
        86.694702,
        48.566185
      ],
      [
        86.694279,
        48.56628
      ],
      [
        86.693919,
        48.566367
      ],
      [
        86.693693,
        48.566408
      ],
      [
        86.693527,
        48.566374
      ],
      [
        86.693424,
        48.566281
      ],
      [
        86.693403,
        48.566205
      ],
      [
        86.693448,
        48.56611
      ],
      [
        86.693536,
        48.566054
      ],
      [
        86.693839,
        48.565976
      ],
      [
        86.694767,
        48.565835
      ],
      [
        86.695452,
        48.565874
      ],
      [
        86.696155,
        48.566019
      ],
      [
        86.696774,
        48.566073
      ],
      [
        86.697265,
        48.566047
      ],
      [
        86.697918,
        48.565927
      ],
      [
        86.698437,
        48.56573
      ],
      [
        86.699086,
        48.565472
      ],
      [
        86.69947,
        48.565232
      ],
      [
        86.699913,
        48.564493
      ],
      [
        86.700175,
        48.563511
      ],
      [
        86.700626,
        48.562787
      ],
      [
        86.700839,
        48.562582
      ],
      [
        86.701605,
        48.56212
      ],
      [
        86.702152,
        48.561628
      ],
      [
        86.702445,
        48.561439
      ],
      [
        86.703355,
        48.560893
      ],
      [
        86.705138,
        48.560002
      ],
      [
        86.705586,
        48.559716
      ],
      [
        86.705966,
        48.559326
      ],
      [
        86.706193,
        48.558951
      ],
      [
        86.706216,
        48.558581
      ],
      [
        86.706195,
        48.558208
      ],
      [
        86.705726,
        48.557424
      ],
      [
        86.705602,
        48.556214
      ],
      [
        86.705395,
        48.555897
      ],
      [
        86.704378,
        48.554984
      ],
      [
        86.703994,
        48.55452
      ],
      [
        86.703844,
        48.554018
      ],
      [
        86.703947,
        48.553608
      ],
      [
        86.704282,
        48.553201
      ],
      [
        86.70485,
        48.552653
      ],
      [
        86.705666,
        48.55198
      ],
      [
        86.70581,
        48.551879
      ],
      [
        86.706071,
        48.551858
      ],
      [
        86.706299,
        48.551878
      ],
      [
        86.706541,
        48.551991
      ],
      [
        86.7068,
        48.552185
      ],
      [
        86.707286,
        48.552661
      ],
      [
        86.707536,
        48.552916
      ],
      [
        86.707794,
        48.55302
      ],
      [
        86.70796,
        48.553004
      ],
      [
        86.708186,
        48.552957
      ],
      [
        86.708329,
        48.552867
      ],
      [
        86.708444,
        48.552699
      ],
      [
        86.708459,
        48.552635
      ],
      [
        86.708419,
        48.552515
      ],
      [
        86.708342,
        48.552343
      ],
      [
        86.708271,
        48.552179
      ],
      [
        86.708024,
        48.551763
      ],
      [
        86.706845,
        48.549608
      ],
      [
        86.706823,
        48.549183
      ],
      [
        86.707119,
        48.547807
      ],
      [
        86.707063,
        48.547125
      ],
      [
        86.706836,
        48.546746
      ],
      [
        86.706621,
        48.546511
      ],
      [
        86.706506,
        48.546249
      ],
      [
        86.706361,
        48.544098
      ],
      [
        86.706217,
        48.54336
      ],
      [
        86.705233,
        48.541519
      ],
      [
        86.70456,
        48.540182
      ],
      [
        86.704435,
        48.539873
      ],
      [
        86.704428,
        48.539654
      ],
      [
        86.704634,
        48.538809
      ],
      [
        86.705522,
        48.536258
      ],
      [
        86.705551,
        48.535759
      ],
      [
        86.70522,
        48.534178
      ],
      [
        86.705232,
        48.533834
      ],
      [
        86.705591,
        48.533425
      ],
      [
        86.705659,
        48.533087
      ],
      [
        86.705656,
        48.532914
      ],
      [
        86.705621,
        48.532833
      ],
      [
        86.705547,
        48.532694
      ],
      [
        86.705421,
        48.532368
      ],
      [
        86.705458,
        48.5321
      ],
      [
        86.705946,
        48.531236
      ],
      [
        86.707326,
        48.529661
      ],
      [
        86.708147,
        48.528459
      ],
      [
        86.708808,
        48.527937
      ],
      [
        86.70897,
        48.527579
      ],
      [
        86.709096,
        48.527265
      ],
      [
        86.709468,
        48.526764
      ],
      [
        86.709505,
        48.526541
      ],
      [
        86.709452,
        48.526424
      ],
      [
        86.709235,
        48.526315
      ],
      [
        86.708994,
        48.526309
      ],
      [
        86.708758,
        48.526345
      ],
      [
        86.708237,
        48.526518
      ],
      [
        86.707985,
        48.526528
      ],
      [
        86.707636,
        48.52645
      ],
      [
        86.706949,
        48.526201
      ],
      [
        86.701864,
        48.52378
      ],
      [
        86.700381,
        48.523051
      ],
      [
        86.699996,
        48.522815
      ],
      [
        86.699649,
        48.522484
      ],
      [
        86.699473,
        48.522231
      ],
      [
        86.699235,
        48.521762
      ],
      [
        86.698931,
        48.520926
      ],
      [
        86.698099,
        48.519973
      ],
      [
        86.697727,
        48.518881
      ],
      [
        86.697204,
        48.517953
      ],
      [
        86.696727,
        48.51736
      ],
      [
        86.69614,
        48.516536
      ],
      [
        86.69597,
        48.516278
      ],
      [
        86.695893,
        48.516092
      ],
      [
        86.695879,
        48.515794
      ],
      [
        86.696079,
        48.514732
      ],
      [
        86.696102,
        48.514041
      ],
      [
        86.695944,
        48.513763
      ],
      [
        86.695791,
        48.513597
      ],
      [
        86.695474,
        48.513396
      ],
      [
        86.69429,
        48.512856
      ],
      [
        86.694089,
        48.512663
      ],
      [
        86.693651,
        48.511711
      ],
      [
        86.693236,
        48.511041
      ],
      [
        86.692759,
        48.510692
      ],
      [
        86.692393,
        48.510493
      ],
      [
        86.691805,
        48.510295
      ],
      [
        86.690202,
        48.509864
      ],
      [
        86.690085,
        48.509766
      ],
      [
        86.690041,
        48.509636
      ],
      [
        86.690081,
        48.509481
      ],
      [
        86.690215,
        48.509341
      ],
      [
        86.690418,
        48.509228
      ],
      [
        86.6907,
        48.509191
      ],
      [
        86.691301,
        48.509197
      ],
      [
        86.691754,
        48.509182
      ],
      [
        86.692026,
        48.50915
      ],
      [
        86.692398,
        48.508922
      ],
      [
        86.692582,
        48.50873
      ],
      [
        86.692668,
        48.508503
      ],
      [
        86.692918,
        48.506207
      ],
      [
        86.693142,
        48.504836
      ],
      [
        86.694027,
        48.502244
      ],
      [
        86.69781,
        48.495687
      ],
      [
        86.697956,
        48.495284
      ],
      [
        86.698884,
        48.493671
      ],
      [
        86.700019,
        48.491742
      ],
      [
        86.700414,
        48.490899
      ],
      [
        86.700446,
        48.490698
      ],
      [
        86.700517,
        48.490256
      ],
      [
        86.700352,
        48.488269
      ],
      [
        86.700236,
        48.487626
      ],
      [
        86.700041,
        48.487002
      ],
      [
        86.698974,
        48.484851
      ],
      [
        86.69884,
        48.484613
      ],
      [
        86.69859,
        48.48436
      ],
      [
        86.698345,
        48.483786
      ],
      [
        86.695482,
        48.478529
      ],
      [
        86.694574,
        48.477332
      ],
      [
        86.691329,
        48.474227
      ],
      [
        86.690964,
        48.473617
      ],
      [
        86.690953,
        48.473296
      ],
      [
        86.690999,
        48.473173
      ],
      [
        86.691202,
        48.4729
      ],
      [
        86.691394,
        48.472799
      ],
      [
        86.692139,
        48.47247
      ],
      [
        86.69256,
        48.47229
      ],
      [
        86.692865,
        48.472167
      ],
      [
        86.693144,
        48.472108
      ],
      [
        86.69346,
        48.47216
      ],
      [
        86.694557,
        48.472674
      ],
      [
        86.696054,
        48.473376
      ],
      [
        86.698495,
        48.474297
      ],
      [
        86.701831,
        48.475555
      ],
      [
        86.702626,
        48.474461
      ],
      [
        86.703046,
        48.473883
      ],
      [
        86.70362,
        48.472816
      ],
      [
        86.70364,
        48.472764
      ],
      [
        86.703891,
        48.472101
      ],
      [
        86.704034,
        48.471399
      ],
      [
        86.704154,
        48.470807
      ],
      [
        86.704417,
        48.469512
      ],
      [
        86.704437,
        48.468861
      ],
      [
        86.704223,
        48.468031
      ],
      [
        86.703912,
        48.467241
      ],
      [
        86.703319,
        48.466367
      ],
      [
        86.702426,
        48.465012
      ],
      [
        86.702219,
        48.464564
      ],
      [
        86.701637,
        48.462815
      ],
      [
        86.701467,
        48.462227
      ],
      [
        86.701426,
        48.461906
      ],
      [
        86.7014,
        48.461487
      ],
      [
        86.701768,
        48.460397
      ],
      [
        86.702102,
        48.459733
      ],
      [
        86.7024,
        48.45936
      ],
      [
        86.703064,
        48.458832
      ],
      [
        86.70406,
        48.458313
      ],
      [
        86.705259,
        48.457917
      ],
      [
        86.706466,
        48.457656
      ],
      [
        86.71028,
        48.457086
      ],
      [
        86.710987,
        48.456837
      ],
      [
        86.711193,
        48.456682
      ],
      [
        86.711363,
        48.456401
      ],
      [
        86.711278,
        48.455469
      ],
      [
        86.711269,
        48.455098
      ],
      [
        86.711284,
        48.454777
      ],
      [
        86.711329,
        48.454569
      ],
      [
        86.711465,
        48.454266
      ],
      [
        86.711625,
        48.454061
      ],
      [
        86.711804,
        48.453913
      ],
      [
        86.712258,
        48.453524
      ],
      [
        86.712405,
        48.45332
      ],
      [
        86.712419,
        48.453073
      ],
      [
        86.712332,
        48.452857
      ],
      [
        86.712062,
        48.452661
      ],
      [
        86.711492,
        48.452523
      ],
      [
        86.710872,
        48.452502
      ],
      [
        86.71036,
        48.452399
      ],
      [
        86.709934,
        48.452193
      ],
      [
        86.709428,
        48.451844
      ],
      [
        86.708999,
        48.451629
      ],
      [
        86.70822,
        48.451354
      ],
      [
        86.707838,
        48.451121
      ],
      [
        86.707668,
        48.450926
      ],
      [
        86.707573,
        48.450587
      ],
      [
        86.707598,
        48.450356
      ],
      [
        86.70774,
        48.450138
      ],
      [
        86.709139,
        48.448736
      ],
      [
        86.710281,
        48.447335
      ],
      [
        86.710629,
        48.447007
      ],
      [
        86.711551,
        48.446312
      ],
      [
        86.711737,
        48.446067
      ],
      [
        86.711766,
        48.4456
      ],
      [
        86.711683,
        48.444932
      ],
      [
        86.711475,
        48.444408
      ],
      [
        86.710961,
        48.443448
      ],
      [
        86.710917,
        48.443112
      ],
      [
        86.711053,
        48.442831
      ],
      [
        86.711267,
        48.442726
      ],
      [
        86.711548,
        48.442573
      ],
      [
        86.711945,
        48.442514
      ],
      [
        86.712645,
        48.442514
      ],
      [
        86.712982,
        48.442453
      ],
      [
        86.71331,
        48.442336
      ],
      [
        86.715184,
        48.441389
      ],
      [
        86.718607,
        48.439476
      ],
      [
        86.719194,
        48.439129
      ],
      [
        86.719471,
        48.438914
      ],
      [
        86.719923,
        48.438455
      ],
      [
        86.720285,
        48.437962
      ],
      [
        86.721238,
        48.436156
      ],
      [
        86.722146,
        48.434191
      ],
      [
        86.722861,
        48.43305
      ],
      [
        86.724194,
        48.431441
      ],
      [
        86.724941,
        48.430731
      ],
      [
        86.7265,
        48.429589
      ],
      [
        86.727059,
        48.428977
      ],
      [
        86.727539,
        48.428327
      ],
      [
        86.727764,
        48.427892
      ],
      [
        86.727895,
        48.42743
      ],
      [
        86.727922,
        48.426959
      ],
      [
        86.727841,
        48.425652
      ],
      [
        86.727889,
        48.425155
      ],
      [
        86.728635,
        48.422711
      ],
      [
        86.728953,
        48.42125
      ],
      [
        86.729365,
        48.4206
      ],
      [
        86.730445,
        48.419389
      ],
      [
        86.730652,
        48.418967
      ],
      [
        86.730662,
        48.418531
      ],
      [
        86.730371,
        48.417564
      ],
      [
        86.730011,
        48.416928
      ],
      [
        86.729604,
        48.41645
      ],
      [
        86.728116,
        48.415183
      ],
      [
        86.727904,
        48.414847
      ],
      [
        86.727801,
        48.414484
      ],
      [
        86.727793,
        48.414322
      ],
      [
        86.727815,
        48.414107
      ],
      [
        86.728206,
        48.412375
      ],
      [
        86.728604,
        48.411546
      ],
      [
        86.729182,
        48.410772
      ],
      [
        86.73018,
        48.409894
      ],
      [
        86.73085,
        48.40933
      ],
      [
        86.731102,
        48.408996
      ],
      [
        86.731403,
        48.4085
      ],
      [
        86.731956,
        48.405981
      ],
      [
        86.731907,
        48.405352
      ],
      [
        86.731586,
        48.404152
      ],
      [
        86.731573,
        48.403401
      ],
      [
        86.731795,
        48.402782
      ],
      [
        86.731968,
        48.402557
      ],
      [
        86.732586,
        48.40196
      ],
      [
        86.733023,
        48.401774
      ],
      [
        86.733837,
        48.401641
      ],
      [
        86.734315,
        48.401709
      ],
      [
        86.73461,
        48.401799
      ],
      [
        86.734988,
        48.402012
      ],
      [
        86.735237,
        48.402313
      ],
      [
        86.735462,
        48.402855
      ],
      [
        86.735591,
        48.402996
      ],
      [
        86.73616,
        48.403161
      ],
      [
        86.737792,
        48.40349
      ],
      [
        86.73809,
        48.40366
      ],
      [
        86.73821,
        48.403801
      ],
      [
        86.738246,
        48.404037
      ],
      [
        86.738148,
        48.404554
      ],
      [
        86.738398,
        48.404952
      ],
      [
        86.738637,
        48.405065
      ],
      [
        86.740192,
        48.40549
      ],
      [
        86.740557,
        48.405638
      ],
      [
        86.740749,
        48.405749
      ],
      [
        86.741232,
        48.406677
      ],
      [
        86.741422,
        48.406794
      ],
      [
        86.741857,
        48.406852
      ],
      [
        86.742417,
        48.406745
      ],
      [
        86.743108,
        48.406098
      ],
      [
        86.743421,
        48.405893
      ],
      [
        86.743806,
        48.405743
      ],
      [
        86.744252,
        48.405665
      ],
      [
        86.745002,
        48.405621
      ],
      [
        86.745362,
        48.405442
      ],
      [
        86.74649,
        48.404649
      ],
      [
        86.748115,
        48.40396
      ],
      [
        86.74834,
        48.403732
      ],
      [
        86.748845,
        48.402373
      ],
      [
        86.749109,
        48.402063
      ],
      [
        86.749991,
        48.401411
      ],
      [
        86.750179,
        48.401242
      ],
      [
        86.750302,
        48.401039
      ],
      [
        86.750328,
        48.400859
      ],
      [
        86.750258,
        48.400648
      ],
      [
        86.749973,
        48.400226
      ],
      [
        86.749092,
        48.39896
      ],
      [
        86.748561,
        48.397438
      ],
      [
        86.748343,
        48.397195
      ],
      [
        86.747135,
        48.396178
      ],
      [
        86.746937,
        48.395915
      ],
      [
        86.746891,
        48.395723
      ],
      [
        86.74694,
        48.395243
      ],
      [
        86.747224,
        48.393577
      ],
      [
        86.747092,
        48.393046
      ],
      [
        86.746946,
        48.392894
      ],
      [
        86.746617,
        48.392729
      ],
      [
        86.746361,
        48.392673
      ],
      [
        86.745559,
        48.392613
      ],
      [
        86.74405,
        48.392659
      ],
      [
        86.74367,
        48.392585
      ],
      [
        86.743106,
        48.392247
      ],
      [
        86.7428,
        48.391854
      ],
      [
        86.742464,
        48.391338
      ],
      [
        86.742336,
        48.390607
      ],
      [
        86.741847,
        48.389756
      ],
      [
        86.742022,
        48.389457
      ],
      [
        86.742797,
        48.388836
      ],
      [
        86.742832,
        48.388532
      ],
      [
        86.742743,
        48.388299
      ],
      [
        86.742277,
        48.387945
      ],
      [
        86.74163,
        48.387221
      ],
      [
        86.7409,
        48.386804
      ],
      [
        86.740717,
        48.386626
      ],
      [
        86.740662,
        48.386404
      ],
      [
        86.740686,
        48.385865
      ],
      [
        86.740549,
        48.385558
      ],
      [
        86.74028,
        48.385454
      ],
      [
        86.739373,
        48.385318
      ],
      [
        86.737851,
        48.384741
      ],
      [
        86.737516,
        48.384629
      ],
      [
        86.737152,
        48.384568
      ],
      [
        86.732376,
        48.384088
      ],
      [
        86.731752,
        48.384029
      ],
      [
        86.731132,
        48.383795
      ],
      [
        86.730946,
        48.383714
      ],
      [
        86.72987,
        48.383023
      ],
      [
        86.729129,
        48.382587
      ],
      [
        86.728981,
        48.382417
      ],
      [
        86.728922,
        48.382189
      ],
      [
        86.729077,
        48.3807
      ],
      [
        86.72934,
        48.380275
      ],
      [
        86.729618,
        48.380029
      ],
      [
        86.730251,
        48.379782
      ],
      [
        86.730532,
        48.379586
      ],
      [
        86.730605,
        48.379428
      ],
      [
        86.730556,
        48.3793
      ],
      [
        86.730312,
        48.379166
      ],
      [
        86.730071,
        48.37914
      ],
      [
        86.72943,
        48.379218
      ],
      [
        86.729069,
        48.379194
      ],
      [
        86.728766,
        48.379083
      ],
      [
        86.72846,
        48.37882
      ],
      [
        86.727705,
        48.377785
      ],
      [
        86.726651,
        48.375502
      ],
      [
        86.726472,
        48.374741
      ],
      [
        86.726496,
        48.374612
      ],
      [
        86.726611,
        48.373991
      ],
      [
        86.727974,
        48.370885
      ],
      [
        86.728349,
        48.37013
      ],
      [
        86.728608,
        48.369648
      ],
      [
        86.72921,
        48.368858
      ],
      [
        86.729948,
        48.368144
      ],
      [
        86.736632,
        48.362873
      ],
      [
        86.737163,
        48.36239
      ],
      [
        86.737466,
        48.362009
      ],
      [
        86.737722,
        48.361498
      ],
      [
        86.737788,
        48.361096
      ],
      [
        86.737821,
        48.360762
      ],
      [
        86.738313,
        48.356894
      ],
      [
        86.738468,
        48.355754
      ],
      [
        86.738891,
        48.354274
      ],
      [
        86.740528,
        48.35068
      ],
      [
        86.741269,
        48.348522
      ],
      [
        86.742351,
        48.34436
      ],
      [
        86.742367,
        48.343719
      ],
      [
        86.742226,
        48.342985
      ],
      [
        86.740444,
        48.33818
      ],
      [
        86.739792,
        48.336509
      ],
      [
        86.739555,
        48.336017
      ],
      [
        86.73936,
        48.335785
      ],
      [
        86.739114,
        48.335605
      ],
      [
        86.738685,
        48.335394
      ],
      [
        86.738067,
        48.335213
      ],
      [
        86.737273,
        48.335008
      ],
      [
        86.736459,
        48.334741
      ],
      [
        86.735608,
        48.334314
      ],
      [
        86.732512,
        48.331764
      ],
      [
        86.731856,
        48.331051
      ],
      [
        86.731775,
        48.330788
      ],
      [
        86.731754,
        48.330378
      ],
      [
        86.731933,
        48.32916
      ],
      [
        86.731914,
        48.328801
      ],
      [
        86.731815,
        48.328595
      ],
      [
        86.731526,
        48.328356
      ],
      [
        86.73111,
        48.328211
      ],
      [
        86.728263,
        48.327658
      ],
      [
        86.72708,
        48.327377
      ],
      [
        86.725898,
        48.326896
      ],
      [
        86.724967,
        48.326259
      ],
      [
        86.724088,
        48.325395
      ],
      [
        86.723418,
        48.324254
      ],
      [
        86.722479,
        48.323076
      ],
      [
        86.722181,
        48.322377
      ],
      [
        86.72217,
        48.322046
      ],
      [
        86.722251,
        48.32174
      ],
      [
        86.722397,
        48.321563
      ],
      [
        86.723279,
        48.320787
      ],
      [
        86.723551,
        48.320624
      ],
      [
        86.724061,
        48.320469
      ],
      [
        86.725741,
        48.320099
      ],
      [
        86.726311,
        48.319815
      ],
      [
        86.726491,
        48.31967
      ],
      [
        86.726815,
        48.319231
      ],
      [
        86.726867,
        48.318942
      ],
      [
        86.726777,
        48.318449
      ],
      [
        86.726337,
        48.317796
      ],
      [
        86.726297,
        48.317565
      ],
      [
        86.726457,
        48.31737
      ],
      [
        86.726649,
        48.317278
      ],
      [
        86.727066,
        48.317246
      ],
      [
        86.72888,
        48.317413
      ],
      [
        86.729799,
        48.317427
      ],
      [
        86.730855,
        48.317384
      ],
      [
        86.731345,
        48.317258
      ],
      [
        86.731625,
        48.317118
      ],
      [
        86.731902,
        48.316826
      ],
      [
        86.732057,
        48.316507
      ],
      [
        86.73206,
        48.316291
      ],
      [
        86.73183,
        48.31577
      ],
      [
        86.731628,
        48.315594
      ],
      [
        86.731268,
        48.315378
      ],
      [
        86.729447,
        48.31464
      ],
      [
        86.728467,
        48.314135
      ],
      [
        86.7274,
        48.313479
      ],
      [
        86.726472,
        48.312763
      ],
      [
        86.726189,
        48.31241
      ],
      [
        86.725982,
        48.311796
      ],
      [
        86.726067,
        48.311143
      ],
      [
        86.726216,
        48.310611
      ],
      [
        86.726692,
        48.309671
      ],
      [
        86.727588,
        48.308255
      ],
      [
        86.727888,
        48.308009
      ],
      [
        86.729988,
        48.30549
      ],
      [
        86.730642,
        48.30488
      ],
      [
        86.731548,
        48.304166
      ],
      [
        86.733043,
        48.303138
      ],
      [
        86.734157,
        48.302476
      ],
      [
        86.734516,
        48.302201
      ],
      [
        86.73475,
        48.301861
      ],
      [
        86.735265,
        48.300782
      ],
      [
        86.73549,
        48.300528
      ],
      [
        86.735718,
        48.300397
      ],
      [
        86.736781,
        48.300101
      ],
      [
        86.736998,
        48.299952
      ],
      [
        86.737152,
        48.299779
      ],
      [
        86.73721,
        48.29949
      ],
      [
        86.736987,
        48.298637
      ],
      [
        86.737083,
        48.29823
      ],
      [
        86.737379,
        48.297986
      ],
      [
        86.738114,
        48.297591
      ],
      [
        86.739562,
        48.297038
      ],
      [
        86.739957,
        48.296826
      ],
      [
        86.74026,
        48.29658
      ],
      [
        86.740507,
        48.295714
      ],
      [
        86.741522,
        48.293794
      ],
      [
        86.742031,
        48.293276
      ],
      [
        86.743344,
        48.292682
      ],
      [
        86.743524,
        48.292521
      ],
      [
        86.743631,
        48.292333
      ],
      [
        86.743643,
        48.291703
      ],
      [
        86.743728,
        48.291492
      ],
      [
        86.744233,
        48.290866
      ],
      [
        86.744216,
        48.289546
      ],
      [
        86.744289,
        48.288986
      ],
      [
        86.744544,
        48.288706
      ],
      [
        86.74568,
        48.288213
      ],
      [
        86.745846,
        48.287989
      ],
      [
        86.745705,
        48.287577
      ],
      [
        86.744662,
        48.286242
      ],
      [
        86.744529,
        48.285956
      ],
      [
        86.744524,
        48.285734
      ],
      [
        86.744642,
        48.285398
      ],
      [
        86.746655,
        48.281438
      ],
      [
        86.746813,
        48.281013
      ],
      [
        86.746979,
        48.280374
      ],
      [
        86.747036,
        48.279712
      ],
      [
        86.746997,
        48.279137
      ],
      [
        86.746773,
        48.278043
      ],
      [
        86.746808,
        48.277834
      ],
      [
        86.746916,
        48.277658
      ],
      [
        86.747163,
        48.277482
      ],
      [
        86.748542,
        48.276654
      ],
      [
        86.748925,
        48.276354
      ],
      [
        86.749313,
        48.27597
      ],
      [
        86.749699,
        48.27545
      ],
      [
        86.749943,
        48.274997
      ],
      [
        86.75067,
        48.272925
      ],
      [
        86.750681,
        48.27276
      ],
      [
        86.750631,
        48.272545
      ],
      [
        86.750413,
        48.272362
      ],
      [
        86.750082,
        48.272252
      ],
      [
        86.749666,
        48.272255
      ],
      [
        86.749265,
        48.272397
      ],
      [
        86.748353,
        48.272908
      ],
      [
        86.747504,
        48.273346
      ],
      [
        86.747169,
        48.273426
      ],
      [
        86.746893,
        48.273387
      ],
      [
        86.746723,
        48.273287
      ],
      [
        86.746617,
        48.27317
      ],
      [
        86.746588,
        48.273004
      ],
      [
        86.746911,
        48.271132
      ],
      [
        86.747082,
        48.270698
      ],
      [
        86.747287,
        48.270324
      ],
      [
        86.747941,
        48.269415
      ],
      [
        86.748476,
        48.268701
      ],
      [
        86.748795,
        48.268427
      ],
      [
        86.749196,
        48.268182
      ],
      [
        86.749835,
        48.267915
      ],
      [
        86.751452,
        48.267326
      ],
      [
        86.751721,
        48.267178
      ],
      [
        86.751901,
        48.266958
      ],
      [
        86.751948,
        48.266733
      ],
      [
        86.751892,
        48.266499
      ],
      [
        86.751481,
        48.265553
      ],
      [
        86.751399,
        48.265209
      ],
      [
        86.751384,
        48.264833
      ],
      [
        86.751455,
        48.264346
      ],
      [
        86.751521,
        48.264082
      ],
      [
        86.751685,
        48.263425
      ],
      [
        86.751723,
        48.263128
      ],
      [
        86.751721,
        48.262311
      ],
      [
        86.751777,
        48.262029
      ],
      [
        86.752032,
        48.26171
      ],
      [
        86.753478,
        48.260474
      ],
      [
        86.7541,
        48.259802
      ],
      [
        86.754549,
        48.259245
      ],
      [
        86.755378,
        48.258223
      ],
      [
        86.756103,
        48.25732
      ],
      [
        86.756378,
        48.257119
      ],
      [
        86.756741,
        48.257003
      ],
      [
        86.757158,
        48.256981
      ],
      [
        86.757816,
        48.25703
      ],
      [
        86.758155,
        48.256987
      ],
      [
        86.758429,
        48.256884
      ],
      [
        86.758544,
        48.256815
      ],
      [
        86.758668,
        48.256667
      ],
      [
        86.758728,
        48.256392
      ],
      [
        86.758641,
        48.256173
      ],
      [
        86.758412,
        48.255958
      ],
      [
        86.757841,
        48.255676
      ],
      [
        86.757644,
        48.255524
      ],
      [
        86.757518,
        48.255362
      ],
      [
        86.757437,
        48.255101
      ],
      [
        86.757378,
        48.254087
      ],
      [
        86.757422,
        48.253891
      ],
      [
        86.757532,
        48.253716
      ],
      [
        86.759081,
        48.252129
      ],
      [
        86.759586,
        48.251617
      ],
      [
        86.760228,
        48.251125
      ],
      [
        86.760366,
        48.251041
      ],
      [
        86.76095,
        48.250686
      ],
      [
        86.763652,
        48.249286
      ],
      [
        86.764762,
        48.24871
      ],
      [
        86.765159,
        48.248505
      ],
      [
        86.765802,
        48.248099
      ],
      [
        86.766292,
        48.247738
      ],
      [
        86.766843,
        48.247276
      ],
      [
        86.770057,
        48.244225
      ],
      [
        86.770669,
        48.243546
      ],
      [
        86.77128,
        48.242728
      ],
      [
        86.774116,
        48.23846
      ],
      [
        86.776261,
        48.2352
      ],
      [
        86.776624,
        48.234689
      ],
      [
        86.776812,
        48.234306
      ],
      [
        86.776935,
        48.233902
      ],
      [
        86.776973,
        48.233546
      ],
      [
        86.777068,
        48.232661
      ],
      [
        86.777194,
        48.232424
      ],
      [
        86.777453,
        48.232218
      ],
      [
        86.777992,
        48.232073
      ],
      [
        86.779124,
        48.231863
      ],
      [
        86.77989,
        48.231631
      ],
      [
        86.780545,
        48.231345
      ],
      [
        86.78133,
        48.230733
      ],
      [
        86.781701,
        48.230516
      ],
      [
        86.78269,
        48.230185
      ],
      [
        86.783192,
        48.229912
      ],
      [
        86.784698,
        48.228746
      ],
      [
        86.785156,
        48.228262
      ],
      [
        86.785536,
        48.227722
      ],
      [
        86.785813,
        48.227456
      ],
      [
        86.787839,
        48.226269
      ],
      [
        86.78806,
        48.226115
      ],
      [
        86.788257,
        48.22587
      ],
      [
        86.788339,
        48.225696
      ],
      [
        86.788456,
        48.22539
      ],
      [
        86.788636,
        48.225138
      ],
      [
        86.789113,
        48.2248
      ],
      [
        86.789473,
        48.224513
      ],
      [
        86.789621,
        48.224274
      ],
      [
        86.789613,
        48.224046
      ],
      [
        86.78931,
        48.223199
      ],
      [
        86.789156,
        48.222878
      ],
      [
        86.788863,
        48.222445
      ],
      [
        86.788373,
        48.221953
      ],
      [
        86.788144,
        48.221713
      ],
      [
        86.788039,
        48.221529
      ],
      [
        86.787989,
        48.221277
      ],
      [
        86.787998,
        48.22104
      ],
      [
        86.78823,
        48.220244
      ],
      [
        86.788453,
        48.219729
      ],
      [
        86.788646,
        48.219458
      ],
      [
        86.788886,
        48.219259
      ],
      [
        86.789168,
        48.219132
      ],
      [
        86.79013,
        48.218986
      ],
      [
        86.790518,
        48.218849
      ],
      [
        86.790782,
        48.218624
      ],
      [
        86.790831,
        48.218421
      ],
      [
        86.79078,
        48.21817
      ],
      [
        86.790252,
        48.21755
      ],
      [
        86.789983,
        48.217151
      ],
      [
        86.789834,
        48.216811
      ],
      [
        86.789807,
        48.2164
      ],
      [
        86.789882,
        48.216042
      ],
      [
        86.790112,
        48.215559
      ],
      [
        86.79062,
        48.214834
      ],
      [
        86.790848,
        48.21436
      ],
      [
        86.791769,
        48.212239
      ],
      [
        86.791909,
        48.211824
      ],
      [
        86.792,
        48.210814
      ],
      [
        86.792066,
        48.210468
      ],
      [
        86.79237,
        48.209756
      ],
      [
        86.792417,
        48.209474
      ],
      [
        86.792395,
        48.209187
      ],
      [
        86.791252,
        48.206477
      ],
      [
        86.790712,
        48.204422
      ],
      [
        86.789704,
        48.200632
      ],
      [
        86.789461,
        48.199501
      ],
      [
        86.789179,
        48.197704
      ],
      [
        86.788925,
        48.19609
      ],
      [
        86.788885,
        48.195835
      ],
      [
        86.788482,
        48.193379
      ],
      [
        86.787951,
        48.189886
      ],
      [
        86.787865,
        48.188904
      ],
      [
        86.78767,
        48.184177
      ],
      [
        86.787802,
        48.182915
      ],
      [
        86.788117,
        48.181914
      ],
      [
        86.790549,
        48.176168
      ],
      [
        86.790786,
        48.175291
      ],
      [
        86.790823,
        48.174663
      ],
      [
        86.790818,
        48.174488
      ],
      [
        86.790758,
        48.174089
      ],
      [
        86.790434,
        48.172849
      ],
      [
        86.789959,
        48.171957
      ],
      [
        86.789239,
        48.17124
      ],
      [
        86.788718,
        48.170878
      ],
      [
        86.788288,
        48.170636
      ],
      [
        86.787524,
        48.170329
      ],
      [
        86.786646,
        48.170066
      ],
      [
        86.785127,
        48.16972
      ],
      [
        86.778993,
        48.168317
      ],
      [
        86.778695,
        48.16825
      ],
      [
        86.775853,
        48.167608
      ],
      [
        86.774808,
        48.167409
      ],
      [
        86.773919,
        48.167297
      ],
      [
        86.772776,
        48.167226
      ],
      [
        86.771636,
        48.16722
      ],
      [
        86.771141,
        48.167245
      ],
      [
        86.770651,
        48.167312
      ],
      [
        86.769926,
        48.167473
      ],
      [
        86.768617,
        48.167971
      ],
      [
        86.767476,
        48.168331
      ],
      [
        86.766617,
        48.168525
      ],
      [
        86.765389,
        48.16874
      ],
      [
        86.762836,
        48.16905
      ],
      [
        86.762076,
        48.16913
      ],
      [
        86.751853,
        48.170216
      ],
      [
        86.745637,
        48.17089
      ],
      [
        86.744408,
        48.170982
      ],
      [
        86.73761,
        48.171376
      ],
      [
        86.735333,
        48.17149
      ],
      [
        86.732993,
        48.171566
      ],
      [
        86.730593,
        48.171572
      ],
      [
        86.72729,
        48.171487
      ],
      [
        86.722278,
        48.171333
      ],
      [
        86.718716,
        48.171247
      ],
      [
        86.714883,
        48.171122
      ],
      [
        86.713955,
        48.17102
      ],
      [
        86.712932,
        48.170794
      ],
      [
        86.712202,
        48.170597
      ],
      [
        86.709259,
        48.16941
      ],
      [
        86.707984,
        48.168996
      ],
      [
        86.707456,
        48.16888
      ],
      [
        86.706534,
        48.168739
      ],
      [
        86.705609,
        48.168668
      ],
      [
        86.701893,
        48.168705
      ],
      [
        86.700452,
        48.168661
      ],
      [
        86.699337,
        48.168565
      ],
      [
        86.698358,
        48.16844
      ],
      [
        86.696854,
        48.16819
      ],
      [
        86.695957,
        48.168115
      ],
      [
        86.695183,
        48.168092
      ],
      [
        86.694506,
        48.168126
      ],
      [
        86.694184,
        48.168157
      ],
      [
        86.693868,
        48.168187
      ],
      [
        86.693363,
        48.168258
      ],
      [
        86.692969,
        48.168332
      ],
      [
        86.689273,
        48.168961
      ],
      [
        86.683254,
        48.169976
      ],
      [
        86.682481,
        48.170067
      ],
      [
        86.681683,
        48.170091
      ],
      [
        86.68072,
        48.17004
      ],
      [
        86.679849,
        48.169947
      ],
      [
        86.676277,
        48.169253
      ],
      [
        86.675294,
        48.169041
      ],
      [
        86.67469,
        48.168874
      ],
      [
        86.674173,
        48.168672
      ],
      [
        86.673743,
        48.168468
      ],
      [
        86.673411,
        48.168265
      ],
      [
        86.671112,
        48.166673
      ],
      [
        86.670238,
        48.166147
      ],
      [
        86.669378,
        48.165694
      ],
      [
        86.667705,
        48.164955
      ],
      [
        86.666667,
        48.164576
      ],
      [
        86.665763,
        48.164306
      ],
      [
        86.664609,
        48.164028
      ],
      [
        86.663551,
        48.163835
      ],
      [
        86.658923,
        48.16332
      ],
      [
        86.656917,
        48.163089
      ],
      [
        86.655561,
        48.162967
      ],
      [
        86.65487,
        48.1629
      ],
      [
        86.651319,
        48.162499
      ],
      [
        86.644512,
        48.161739
      ],
      [
        86.642259,
        48.161394
      ],
      [
        86.634281,
        48.159969
      ],
      [
        86.632378,
        48.159694
      ],
      [
        86.628147,
        48.159288
      ],
      [
        86.627637,
        48.159241
      ],
      [
        86.627098,
        48.159156
      ],
      [
        86.626364,
        48.158965
      ],
      [
        86.625885,
        48.158777
      ],
      [
        86.625296,
        48.158463
      ],
      [
        86.622428,
        48.156593
      ],
      [
        86.621,
        48.155763
      ],
      [
        86.61917,
        48.154842
      ],
      [
        86.61814,
        48.154397
      ],
      [
        86.616904,
        48.153967
      ],
      [
        86.615632,
        48.153619
      ],
      [
        86.614515,
        48.153364
      ],
      [
        86.612014,
        48.152963
      ],
      [
        86.609312,
        48.152672
      ],
      [
        86.606388,
        48.152381
      ],
      [
        86.606024,
        48.152351
      ],
      [
        86.600876,
        48.151858
      ],
      [
        86.598987,
        48.151834
      ],
      [
        86.597777,
        48.151882
      ],
      [
        86.591191,
        48.15244
      ],
      [
        86.589305,
        48.152423
      ],
      [
        86.588284,
        48.152334
      ],
      [
        86.577361,
        48.150818
      ],
      [
        86.562512,
        48.148774
      ],
      [
        86.561203,
        48.14873
      ],
      [
        86.56015,
        48.148751
      ],
      [
        86.558895,
        48.148902
      ],
      [
        86.55758,
        48.149142
      ],
      [
        86.534784,
        48.155878
      ],
      [
        86.533577,
        48.156143
      ],
      [
        86.532586,
        48.156319
      ],
      [
        86.530922,
        48.156454
      ],
      [
        86.528761,
        48.156366
      ],
      [
        86.526741,
        48.156037
      ],
      [
        86.525384,
        48.155632
      ],
      [
        86.522489,
        48.154471
      ],
      [
        86.519905,
        48.153394
      ],
      [
        86.519686,
        48.153303
      ],
      [
        86.51782,
        48.152722
      ],
      [
        86.51568,
        48.152229
      ],
      [
        86.51418,
        48.152116
      ],
      [
        86.511969,
        48.152193
      ],
      [
        86.510234,
        48.152423
      ],
      [
        86.509047,
        48.152697
      ],
      [
        86.503601,
        48.154051
      ],
      [
        86.499354,
        48.155125
      ],
      [
        86.497356,
        48.155588
      ],
      [
        86.4956,
        48.155822
      ],
      [
        86.493815,
        48.155899
      ],
      [
        86.492184,
        48.155855
      ],
      [
        86.490962,
        48.155682
      ],
      [
        86.489506,
        48.155407
      ],
      [
        86.487702,
        48.154971
      ],
      [
        86.484211,
        48.154009
      ],
      [
        86.476668,
        48.151931
      ],
      [
        86.475432,
        48.151648
      ],
      [
        86.473673,
        48.151412
      ],
      [
        86.472614,
        48.151349
      ],
      [
        86.471903,
        48.1513
      ],
      [
        86.467481,
        48.151032
      ],
      [
        86.467395,
        48.151029
      ],
      [
        86.466117,
        48.150978
      ],
      [
        86.465286,
        48.151082
      ],
      [
        86.464384,
        48.15132
      ],
      [
        86.462466,
        48.15195
      ],
      [
        86.457628,
        48.153567
      ],
      [
        86.455167,
        48.154384
      ],
      [
        86.454159,
        48.154698
      ],
      [
        86.452129,
        48.155128
      ],
      [
        86.44206,
        48.156411
      ],
      [
        86.441831,
        48.15644
      ],
      [
        86.429771,
        48.157976
      ],
      [
        86.428827,
        48.15804
      ],
      [
        86.427165,
        48.15804
      ],
      [
        86.425922,
        48.157972
      ],
      [
        86.424909,
        48.157909
      ],
      [
        86.424398,
        48.157877
      ],
      [
        86.424057,
        48.157856
      ],
      [
        86.416351,
        48.157403
      ],
      [
        86.413964,
        48.136523
      ],
      [
        86.41282,
        48.126481
      ],
      [
        86.412362,
        48.122662
      ],
      [
        86.411994,
        48.119708
      ],
      [
        86.411844,
        48.119337
      ],
      [
        86.411651,
        48.119036
      ],
      [
        86.405695,
        48.112276
      ],
      [
        86.405545,
        48.111928
      ],
      [
        86.405088,
        48.110319
      ],
      [
        86.404257,
        48.107392
      ],
      [
        86.403882,
        48.106122
      ],
      [
        86.403167,
        48.103701
      ],
      [
        86.402344,
        48.100847
      ],
      [
        86.401893,
        48.099307
      ],
      [
        86.400955,
        48.096103
      ],
      [
        86.399826,
        48.092306
      ],
      [
        86.398951,
        48.089149
      ],
      [
        86.399033,
        48.088641
      ],
      [
        86.399331,
        48.088112
      ],
      [
        86.399761,
        48.08772
      ],
      [
        86.403003,
        48.086325
      ],
      [
        86.404637,
        48.085619
      ],
      [
        86.405126,
        48.085387
      ],
      [
        86.405507,
        48.085155
      ],
      [
        86.406034,
        48.084805
      ],
      [
        86.406356,
        48.084517
      ],
      [
        86.407345,
        48.08337
      ],
      [
        86.407651,
        48.081744
      ],
      [
        86.40644,
        48.072093
      ],
      [
        86.406133,
        48.069644
      ],
      [
        86.406035,
        48.06887
      ],
      [
        86.405603,
        48.065919
      ],
      [
        86.405495,
        48.065108
      ],
      [
        86.405314,
        48.063747
      ],
      [
        86.408892,
        48.063413
      ],
      [
        86.41208,
        48.063119
      ],
      [
        86.4124,
        48.06309
      ],
      [
        86.412699,
        48.06308
      ],
      [
        86.416956,
        48.062936
      ],
      [
        86.41666,
        48.061156
      ],
      [
        86.416562,
        48.060253
      ],
      [
        86.416463,
        48.059589
      ],
      [
        86.416287,
        48.058405
      ],
      [
        86.418597,
        48.058196
      ],
      [
        86.421,
        48.057979
      ],
      [
        86.422874,
        48.05781
      ],
      [
        86.426183,
        48.057475
      ],
      [
        86.427726,
        48.057226
      ],
      [
        86.428027,
        48.05716
      ],
      [
        86.429656,
        48.056558
      ],
      [
        86.431145,
        48.055949
      ],
      [
        86.435417,
        48.054199
      ],
      [
        86.438164,
        48.053092
      ],
      [
        86.448206,
        48.048971
      ],
      [
        86.453881,
        48.046534
      ],
      [
        86.467194,
        48.041238
      ],
      [
        86.467212,
        48.04123
      ],
      [
        86.477914,
        48.036851
      ],
      [
        86.481827,
        48.035205
      ],
      [
        86.482403,
        48.03492
      ],
      [
        86.483707,
        48.034276
      ],
      [
        86.486038,
        48.032987
      ],
      [
        86.486086,
        48.032961
      ],
      [
        86.489301,
        48.031291
      ],
      [
        86.490733,
        48.030639
      ],
      [
        86.492779,
        48.029706
      ],
      [
        86.496176,
        48.028351
      ],
      [
        86.499596,
        48.027168
      ],
      [
        86.507695,
        48.024487
      ],
      [
        86.508105,
        48.024348
      ],
      [
        86.510254,
        48.023638
      ],
      [
        86.510954,
        48.023367
      ],
      [
        86.512918,
        48.022424
      ],
      [
        86.523031,
        48.01739
      ],
      [
        86.542161,
        48.007832
      ],
      [
        86.543217,
        48.007241
      ],
      [
        86.556657,
        47.997253
      ],
      [
        86.558165,
        47.996118
      ],
      [
        86.558869,
        47.995521
      ],
      [
        86.559333,
        47.995041
      ],
      [
        86.559827,
        47.994392
      ],
      [
        86.560124,
        47.993846
      ],
      [
        86.560313,
        47.99329
      ],
      [
        86.560424,
        47.992725
      ],
      [
        86.560437,
        47.991927
      ],
      [
        86.560253,
        47.990847
      ],
      [
        86.559434,
        47.98739
      ],
      [
        86.559267,
        47.98654
      ],
      [
        86.559185,
        47.985709
      ],
      [
        86.559227,
        47.984649
      ],
      [
        86.559452,
        47.98365
      ],
      [
        86.559924,
        47.982502
      ],
      [
        86.560591,
        47.981378
      ],
      [
        86.561326,
        47.980297
      ],
      [
        86.570292,
        47.967323
      ],
      [
        86.577752,
        47.956526
      ],
      [
        86.579229,
        47.954388
      ],
      [
        86.579608,
        47.953759
      ],
      [
        86.57996,
        47.953078
      ],
      [
        86.580226,
        47.952339
      ],
      [
        86.580349,
        47.951739
      ],
      [
        86.580405,
        47.950873
      ],
      [
        86.580309,
        47.950066
      ],
      [
        86.580102,
        47.949303
      ],
      [
        86.576816,
        47.940569
      ],
      [
        86.568756,
        47.919292
      ],
      [
        86.568374,
        47.918161
      ],
      [
        86.568219,
        47.917383
      ],
      [
        86.568141,
        47.916792
      ],
      [
        86.568177,
        47.916084
      ],
      [
        86.568276,
        47.915541
      ],
      [
        86.568475,
        47.91491
      ],
      [
        86.568734,
        47.914409
      ],
      [
        86.569076,
        47.913845
      ],
      [
        86.569562,
        47.913235
      ],
      [
        86.570182,
        47.912645
      ],
      [
        86.570843,
        47.912148
      ],
      [
        86.571563,
        47.911701
      ],
      [
        86.572564,
        47.911158
      ],
      [
        86.574195,
        47.910395
      ],
      [
        86.58465,
        47.905809
      ],
      [
        86.595685,
        47.901036
      ],
      [
        86.597701,
        47.900078
      ],
      [
        86.599279,
        47.899086
      ],
      [
        86.600846,
        47.897651
      ],
      [
        86.602268,
        47.895857
      ],
      [
        86.604409,
        47.891885
      ],
      [
        86.605236,
        47.890831
      ],
      [
        86.605428,
        47.890612
      ],
      [
        86.605887,
        47.890159
      ],
      [
        86.606422,
        47.889747
      ],
      [
        86.607133,
        47.889315
      ],
      [
        86.608025,
        47.888921
      ],
      [
        86.609283,
        47.888562
      ],
      [
        86.634469,
        47.884928
      ],
      [
        86.636037,
        47.884642
      ],
      [
        86.637559,
        47.884134
      ],
      [
        86.639317,
        47.883254
      ],
      [
        86.640688,
        47.882132
      ],
      [
        86.641399,
        47.88136
      ],
      [
        86.649109,
        47.871771
      ],
      [
        86.656796,
        47.862146
      ],
      [
        86.662487,
        47.855033
      ],
      [
        86.668418,
        47.847694
      ],
      [
        86.66915,
        47.847005
      ],
      [
        86.670421,
        47.845974
      ],
      [
        86.67198,
        47.84492
      ],
      [
        86.678885,
        47.840356
      ],
      [
        86.68511,
        47.836223
      ],
      [
        86.685866,
        47.835784
      ],
      [
        86.686722,
        47.835418
      ],
      [
        86.690892,
        47.833988
      ],
      [
        86.691789,
        47.833567
      ],
      [
        86.69246,
        47.833163
      ],
      [
        86.718583,
        47.814311
      ],
      [
        86.726075,
        47.808655
      ],
      [
        86.72789,
        47.806624
      ],
      [
        86.728489,
        47.805663
      ],
      [
        86.733998,
        47.796222
      ],
      [
        86.73532,
        47.793956
      ],
      [
        86.736323,
        47.792594
      ],
      [
        86.737329,
        47.791371
      ],
      [
        86.738393,
        47.790297
      ],
      [
        86.741942,
        47.787192
      ],
      [
        86.743959,
        47.785477
      ],
      [
        86.744501,
        47.785016
      ],
      [
        86.747881,
        47.782142
      ],
      [
        86.748911,
        47.781361
      ],
      [
        86.749607,
        47.780966
      ],
      [
        86.750307,
        47.780642
      ],
      [
        86.751819,
        47.780109
      ],
      [
        86.764548,
        47.77666
      ],
      [
        86.766064,
        47.776191
      ],
      [
        86.767436,
        47.775666
      ],
      [
        86.768255,
        47.775267
      ],
      [
        86.769098,
        47.774772
      ],
      [
        86.76971,
        47.774371
      ],
      [
        86.770662,
        47.773645
      ],
      [
        86.775077,
        47.769987
      ],
      [
        86.806737,
        47.743682
      ],
      [
        86.807902,
        47.742725
      ],
      [
        86.808146,
        47.742408
      ],
      [
        86.80924,
        47.741478
      ],
      [
        86.812881,
        47.738428
      ],
      [
        86.814137,
        47.737223
      ],
      [
        86.81487,
        47.73647
      ],
      [
        86.815485,
        47.735807
      ],
      [
        86.815993,
        47.735228
      ],
      [
        86.817039,
        47.733979
      ],
      [
        86.817859,
        47.733002
      ],
      [
        86.824144,
        47.725506
      ],
      [
        86.825034,
        47.724445
      ],
      [
        86.825814,
        47.723505
      ],
      [
        86.826287,
        47.722971
      ],
      [
        86.826757,
        47.722491
      ],
      [
        86.827051,
        47.722215
      ],
      [
        86.827415,
        47.721908
      ],
      [
        86.827977,
        47.721482
      ],
      [
        86.828695,
        47.721036
      ],
      [
        86.82949,
        47.720593
      ],
      [
        86.834274,
        47.718296
      ],
      [
        86.835019,
        47.717915
      ],
      [
        86.83557,
        47.717569
      ],
      [
        86.836356,
        47.717005
      ],
      [
        86.836769,
        47.716656
      ],
      [
        86.837217,
        47.716233
      ],
      [
        86.83736,
        47.716079
      ],
      [
        86.837699,
        47.715685
      ],
      [
        86.838073,
        47.715191
      ],
      [
        86.839462,
        47.713161
      ],
      [
        86.842254,
        47.709071
      ],
      [
        86.842477,
        47.708803
      ],
      [
        86.842706,
        47.708571
      ],
      [
        86.84299,
        47.708343
      ],
      [
        86.843343,
        47.708096
      ],
      [
        86.843624,
        47.707933
      ],
      [
        86.844212,
        47.7077
      ],
      [
        86.844665,
        47.707552
      ],
      [
        86.845445,
        47.707355
      ],
      [
        86.847994,
        47.706738
      ],
      [
        86.849193,
        47.706444
      ],
      [
        86.850473,
        47.706132
      ],
      [
        86.852214,
        47.705706
      ],
      [
        86.853124,
        47.705495
      ],
      [
        86.856443,
        47.704727
      ],
      [
        86.856924,
        47.704612
      ],
      [
        86.858187,
        47.704312
      ],
      [
        86.859705,
        47.703904
      ],
      [
        86.863768,
        47.702674
      ],
      [
        86.868353,
        47.70131
      ],
      [
        86.870674,
        47.700643
      ],
      [
        86.871301,
        47.700454
      ],
      [
        86.871976,
        47.700251
      ],
      [
        86.873266,
        47.699863
      ],
      [
        86.875677,
        47.699153
      ],
      [
        86.875844,
        47.699103
      ],
      [
        86.878158,
        47.698417
      ],
      [
        86.878353,
        47.698363
      ],
      [
        86.882496,
        47.701361
      ],
      [
        86.883853,
        47.702342
      ],
      [
        86.887003,
        47.704609
      ],
      [
        86.892532,
        47.708562
      ],
      [
        86.895128,
        47.71043
      ],
      [
        86.898504,
        47.71286
      ],
      [
        86.899581,
        47.713617
      ],
      [
        86.900396,
        47.714093
      ],
      [
        86.901447,
        47.714569
      ],
      [
        86.902874,
        47.715061
      ],
      [
        86.906154,
        47.715682
      ],
      [
        86.90652,
        47.715751
      ],
      [
        86.925934,
        47.719429
      ],
      [
        86.952947,
        47.724388
      ],
      [
        86.955757,
        47.724844
      ],
      [
        86.959721,
        47.725362
      ],
      [
        86.964079,
        47.725787
      ],
      [
        86.967682,
        47.72631
      ],
      [
        86.971004,
        47.726985
      ],
      [
        86.973451,
        47.727623
      ],
      [
        86.983059,
        47.730395
      ],
      [
        86.98423,
        47.730691
      ],
      [
        86.985425,
        47.730902
      ],
      [
        86.98627,
        47.730958
      ],
      [
        86.986922,
        47.730984
      ],
      [
        86.98769,
        47.730987
      ],
      [
        86.98828,
        47.730964
      ],
      [
        86.989054,
        47.730908
      ],
      [
        86.994948,
        47.730328
      ],
      [
        87.006234,
        47.729183
      ],
      [
        87.009903,
        47.728871
      ],
      [
        87.014006,
        47.728673
      ],
      [
        87.015052,
        47.728589
      ],
      [
        87.015388,
        47.728536
      ],
      [
        87.015657,
        47.728464
      ],
      [
        87.015886,
        47.728379
      ],
      [
        87.016122,
        47.728268
      ],
      [
        87.016289,
        47.728167
      ],
      [
        87.016454,
        47.728043
      ],
      [
        87.016571,
        47.727932
      ],
      [
        87.016765,
        47.727725
      ],
      [
        87.017056,
        47.727442
      ],
      [
        87.017258,
        47.727297
      ],
      [
        87.017432,
        47.727201
      ],
      [
        87.017629,
        47.727129
      ],
      [
        87.017873,
        47.727067
      ],
      [
        87.018118,
        47.72703
      ],
      [
        87.018362,
        47.727021
      ],
      [
        87.018595,
        47.727032
      ],
      [
        87.018771,
        47.727052
      ],
      [
        87.018913,
        47.727083
      ],
      [
        87.019091,
        47.727135
      ],
      [
        87.019294,
        47.727219
      ],
      [
        87.019461,
        47.727306
      ],
      [
        87.020065,
        47.727695
      ],
      [
        87.020305,
        47.72782
      ],
      [
        87.020522,
        47.727904
      ],
      [
        87.020761,
        47.727976
      ],
      [
        87.021012,
        47.728027
      ],
      [
        87.021287,
        47.72806
      ],
      [
        87.021578,
        47.728074
      ],
      [
        87.022514,
        47.728094
      ],
      [
        87.023948,
        47.728109
      ],
      [
        87.024765,
        47.728056
      ],
      [
        87.028863,
        47.72789
      ],
      [
        87.035269,
        47.727572
      ],
      [
        87.042323,
        47.727262
      ],
      [
        87.044989,
        47.72719
      ],
      [
        87.046528,
        47.727242
      ],
      [
        87.046807,
        47.727262
      ],
      [
        87.049179,
        47.727594
      ],
      [
        87.051957,
        47.728261
      ],
      [
        87.063453,
        47.73117
      ],
      [
        87.065317,
        47.731638
      ],
      [
        87.071039,
        47.733075
      ],
      [
        87.076215,
        47.734401
      ],
      [
        87.078179,
        47.734904
      ],
      [
        87.085517,
        47.736776
      ],
      [
        87.093038,
        47.738678
      ],
      [
        87.094674,
        47.738988
      ],
      [
        87.096273,
        47.739172
      ],
      [
        87.097603,
        47.739295
      ],
      [
        87.099448,
        47.739309
      ],
      [
        87.113047,
        47.739013
      ],
      [
        87.116577,
        47.738923
      ],
      [
        87.119085,
        47.738893
      ],
      [
        87.119538,
        47.738909
      ],
      [
        87.120064,
        47.738912
      ],
      [
        87.122676,
        47.738973
      ],
      [
        87.12494,
        47.73919
      ],
      [
        87.127354,
        47.739497
      ],
      [
        87.149262,
        47.743328
      ],
      [
        87.175301,
        47.747855
      ],
      [
        87.180617,
        47.748785
      ],
      [
        87.181889,
        47.748966
      ],
      [
        87.183423,
        47.74911
      ],
      [
        87.18392,
        47.749128
      ],
      [
        87.184222,
        47.749138
      ],
      [
        87.184829,
        47.749157
      ],
      [
        87.202231,
        47.749546
      ],
      [
        87.223924,
        47.750001
      ],
      [
        87.249958,
        47.75056
      ],
      [
        87.258178,
        47.750754
      ],
      [
        87.263315,
        47.750838
      ],
      [
        87.263846,
        47.750845
      ],
      [
        87.269064,
        47.750969
      ],
      [
        87.293501,
        47.751469
      ],
      [
        87.302476,
        47.751627
      ],
      [
        87.303028,
        47.751635
      ],
      [
        87.303221,
        47.75164
      ],
      [
        87.334431,
        47.752461
      ],
      [
        87.342221,
        47.752659
      ],
      [
        87.342875,
        47.752681
      ],
      [
        87.34817,
        47.752829
      ],
      [
        87.352402,
        47.752908
      ],
      [
        87.354897,
        47.753049
      ],
      [
        87.358024,
        47.753315
      ],
      [
        87.369161,
        47.754632
      ],
      [
        87.371972,
        47.754953
      ],
      [
        87.37453,
        47.755173
      ],
      [
        87.377309,
        47.755335
      ],
      [
        87.379192,
        47.755386
      ],
      [
        87.382067,
        47.755422
      ],
      [
        87.390526,
        47.755478
      ],
      [
        87.392653,
        47.755528
      ],
      [
        87.393067,
        47.755543
      ],
      [
        87.393307,
        47.755554
      ],
      [
        87.402821,
        47.755977
      ],
      [
        87.421078,
        47.756788
      ],
      [
        87.425986,
        47.756882
      ],
      [
        87.428309,
        47.756749
      ],
      [
        87.431399,
        47.756446
      ],
      [
        87.448334,
        47.754542
      ],
      [
        87.457969,
        47.75347
      ],
      [
        87.46586,
        47.752567
      ],
      [
        87.466451,
        47.752478
      ],
      [
        87.469735,
        47.752251
      ],
      [
        87.471639,
        47.752214
      ],
      [
        87.474251,
        47.752433
      ],
      [
        87.483662,
        47.753425
      ],
      [
        87.48501,
        47.753545
      ],
      [
        87.486773,
        47.753603
      ],
      [
        87.488904,
        47.753571
      ],
      [
        87.4911,
        47.753324
      ],
      [
        87.49486,
        47.752724
      ],
      [
        87.495218,
        47.752666
      ],
      [
        87.50063,
        47.751803
      ],
      [
        87.505268,
        47.751226
      ],
      [
        87.507323,
        47.751061
      ],
      [
        87.509189,
        47.751029
      ],
      [
        87.511698,
        47.751061
      ],
      [
        87.512492,
        47.751071
      ],
      [
        87.513177,
        47.75108
      ],
      [
        87.515185,
        47.75108
      ],
      [
        87.517372,
        47.750922
      ],
      [
        87.531577,
        47.748564
      ],
      [
        87.534132,
        47.748019
      ],
      [
        87.535612,
        47.747632
      ],
      [
        87.537299,
        47.747005
      ],
      [
        87.538798,
        47.746326
      ],
      [
        87.54007,
        47.745515
      ],
      [
        87.543078,
        47.743246
      ],
      [
        87.54451,
        47.742244
      ],
      [
        87.545877,
        47.741446
      ],
      [
        87.547828,
        47.740539
      ],
      [
        87.549643,
        47.739966
      ],
      [
        87.551956,
        47.73923
      ],
      [
        87.552809,
        47.738959
      ],
      [
        87.569058,
        47.733644
      ],
      [
        87.600613,
        47.723457
      ],
      [
        87.612135,
        47.719666
      ],
      [
        87.612617,
        47.719507
      ],
      [
        87.612966,
        47.719393
      ],
      [
        87.646694,
        47.708375
      ],
      [
        87.651661,
        47.706816
      ],
      [
        87.653775,
        47.706152
      ],
      [
        87.655835,
        47.705805
      ],
      [
        87.658539,
        47.705545
      ],
      [
        87.662702,
        47.705892
      ],
      [
        87.666779,
        47.706845
      ],
      [
        87.670169,
        47.707538
      ],
      [
        87.673559,
        47.707682
      ],
      [
        87.677164,
        47.70696
      ],
      [
        87.680726,
        47.705603
      ],
      [
        87.68568,
        47.702101
      ],
      [
        87.687527,
        47.701222
      ],
      [
        87.689827,
        47.700631
      ],
      [
        87.691469,
        47.700149
      ],
      [
        87.693869,
        47.699786
      ],
      [
        87.695938,
        47.699784
      ],
      [
        87.698159,
        47.699884
      ],
      [
        87.700789,
        47.700275
      ],
      [
        87.703267,
        47.700873
      ],
      [
        87.704723,
        47.701598
      ],
      [
        87.706077,
        47.702516
      ],
      [
        87.707316,
        47.703549
      ],
      [
        87.709264,
        47.704577
      ],
      [
        87.715659,
        47.70696
      ],
      [
        87.723596,
        47.709803
      ],
      [
        87.727139,
        47.710787
      ],
      [
        87.728228,
        47.710877
      ],
      [
        87.732423,
        47.711209
      ],
      [
        87.734397,
        47.711631
      ],
      [
        87.736334,
        47.712314
      ],
      [
        87.738528,
        47.713375
      ],
      [
        87.739397,
        47.713905
      ],
      [
        87.740437,
        47.714753
      ],
      [
        87.741167,
        47.715623
      ],
      [
        87.742084,
        47.716933
      ],
      [
        87.742382,
        47.717401
      ],
      [
        87.742792,
        47.718005
      ],
      [
        87.744203,
        47.720059
      ],
      [
        87.74504,
        47.721048
      ],
      [
        87.745614,
        47.721502
      ],
      [
        87.74658,
        47.722372
      ],
      [
        87.748033,
        47.723321
      ],
      [
        87.749337,
        47.724047
      ],
      [
        87.750592,
        47.724613
      ],
      [
        87.752062,
        47.725144
      ],
      [
        87.753462,
        47.725501
      ],
      [
        87.755023,
        47.7258
      ],
      [
        87.75622,
        47.725887
      ],
      [
        87.757625,
        47.725901
      ],
      [
        87.758886,
        47.725757
      ],
      [
        87.760474,
        47.725429
      ],
      [
        87.763714,
        47.724653
      ],
      [
        87.764867,
        47.724498
      ],
      [
        87.765838,
        47.724451
      ],
      [
        87.766964,
        47.724472
      ],
      [
        87.767844,
        47.724555
      ],
      [
        87.769169,
        47.724804
      ],
      [
        87.770049,
        47.725035
      ],
      [
        87.770988,
        47.725328
      ],
      [
        87.771664,
        47.725649
      ],
      [
        87.772281,
        47.725963
      ],
      [
        87.773085,
        47.726457
      ],
      [
        87.77396,
        47.727154
      ],
      [
        87.774523,
        47.727781
      ],
      [
        87.775226,
        47.72868
      ],
      [
        87.775655,
        47.729712
      ],
      [
        87.775794,
        47.730535
      ],
      [
        87.775826,
        47.731689
      ],
      [
        87.775526,
        47.732728
      ],
      [
        87.775161,
        47.733926
      ],
      [
        87.774818,
        47.735189
      ],
      [
        87.774764,
        47.737123
      ],
      [
        87.775515,
        47.739598
      ],
      [
        87.776599,
        47.741077
      ],
      [
        87.777994,
        47.74244
      ],
      [
        87.781534,
        47.74472
      ],
      [
        87.788991,
        47.749171
      ],
      [
        87.796104,
        47.75337
      ],
      [
        87.802638,
        47.757322
      ],
      [
        87.805248,
        47.75888
      ],
      [
        87.807616,
        47.760294
      ],
      [
        87.814096,
        47.764051
      ],
      [
        87.816402,
        47.765434
      ],
      [
        87.81886,
        47.766907
      ],
      [
        87.823366,
        47.769582
      ],
      [
        87.826188,
        47.77127
      ],
      [
        87.828169,
        47.772349
      ],
      [
        87.832984,
        47.774698
      ],
      [
        87.833719,
        47.775023
      ],
      [
        87.836782,
        47.776158
      ],
      [
        87.839084,
        47.776786
      ],
      [
        87.843515,
        47.777572
      ],
      [
        87.849598,
        47.777882
      ],
      [
        87.852355,
        47.77784
      ],
      [
        87.853101,
        47.777829
      ],
      [
        87.856314,
        47.777781
      ],
      [
        87.858634,
        47.777778
      ],
      [
        87.860155,
        47.77787
      ],
      [
        87.86186,
        47.778038
      ],
      [
        87.863101,
        47.778203
      ],
      [
        87.864673,
        47.778468
      ],
      [
        87.866973,
        47.778899
      ],
      [
        87.867833,
        47.77906
      ],
      [
        87.871926,
        47.779813
      ],
      [
        87.872917,
        47.779957
      ],
      [
        87.874056,
        47.780088
      ],
      [
        87.87594,
        47.780256
      ],
      [
        87.877621,
        47.780359
      ],
      [
        87.888382,
        47.781021
      ],
      [
        87.892775,
        47.781302
      ],
      [
        87.896224,
        47.781506
      ],
      [
        87.898646,
        47.7817
      ],
      [
        87.899297,
        47.781763
      ],
      [
        87.900628,
        47.781892
      ],
      [
        87.902085,
        47.782076
      ],
      [
        87.902852,
        47.782172
      ],
      [
        87.904491,
        47.782393
      ],
      [
        87.90627,
        47.782686
      ],
      [
        87.908201,
        47.783032
      ],
      [
        87.910089,
        47.783412
      ],
      [
        87.921238,
        47.785771
      ],
      [
        87.924815,
        47.786528
      ],
      [
        87.92645,
        47.786863
      ],
      [
        87.927116,
        47.786999
      ],
      [
        87.927882,
        47.787133
      ],
      [
        87.928548,
        47.787238
      ],
      [
        87.929049,
        47.787301
      ],
      [
        87.929892,
        47.787393
      ],
      [
        87.930638,
        47.787458
      ],
      [
        87.931483,
        47.787496
      ],
      [
        87.93238,
        47.787515
      ],
      [
        87.93314,
        47.787515
      ],
      [
        87.934085,
        47.787481
      ],
      [
        87.935233,
        47.787408
      ],
      [
        87.936198,
        47.787305
      ],
      [
        87.937396,
        47.787127
      ],
      [
        87.94,
        47.786716
      ],
      [
        87.940961,
        47.786597
      ],
      [
        87.941894,
        47.786511
      ],
      [
        87.942919,
        47.78646
      ],
      [
        87.943727,
        47.786427
      ],
      [
        87.944834,
        47.786438
      ],
      [
        87.945894,
        47.786482
      ],
      [
        87.946973,
        47.786561
      ],
      [
        87.947869,
        47.786664
      ],
      [
        87.948837,
        47.78681
      ],
      [
        87.95397,
        47.787658
      ],
      [
        87.955967,
        47.787899
      ],
      [
        87.958244,
        47.788066
      ],
      [
        87.959991,
        47.78814
      ],
      [
        87.963733,
        47.788144
      ],
      [
        87.964779,
        47.788163
      ],
      [
        87.966148,
        47.788227
      ],
      [
        87.967658,
        47.788391
      ],
      [
        87.969167,
        47.788657
      ],
      [
        87.970735,
        47.789034
      ],
      [
        87.971776,
        47.789334
      ],
      [
        87.972809,
        47.789698
      ],
      [
        87.973812,
        47.790119
      ],
      [
        87.97467,
        47.790537
      ],
      [
        87.975604,
        47.791035
      ],
      [
        87.976333,
        47.791495
      ],
      [
        87.97716,
        47.792066
      ],
      [
        87.978054,
        47.792762
      ],
      [
        87.979029,
        47.793503
      ],
      [
        87.979673,
        47.793961
      ],
      [
        87.980384,
        47.794426
      ],
      [
        87.981153,
        47.794859
      ],
      [
        87.982003,
        47.795292
      ],
      [
        87.982989,
        47.795725
      ],
      [
        87.983981,
        47.796092
      ],
      [
        87.984934,
        47.796402
      ],
      [
        87.985956,
        47.796675
      ],
      [
        87.986743,
        47.796859
      ],
      [
        87.988011,
        47.797093
      ],
      [
        87.989157,
        47.797248
      ],
      [
        87.990109,
        47.797342
      ],
      [
        87.991207,
        47.797401
      ],
      [
        87.992489,
        47.797446
      ],
      [
        87.993649,
        47.797455
      ],
      [
        87.995176,
        47.797449
      ],
      [
        87.996261,
        47.797444
      ],
      [
        87.997903,
        47.797397
      ],
      [
        87.999213,
        47.79733
      ],
      [
        88.000556,
        47.797247
      ],
      [
        88.009424,
        47.796595
      ],
      [
        88.017749,
        47.795983
      ],
      [
        88.029274,
        47.795115
      ],
      [
        88.034312,
        47.794702
      ],
      [
        88.034479,
        47.794684
      ],
      [
        88.035728,
        47.794547
      ],
      [
        88.036803,
        47.794414
      ],
      [
        88.038452,
        47.794126
      ],
      [
        88.039588,
        47.793904
      ],
      [
        88.041268,
        47.793495
      ],
      [
        88.059077,
        47.788635
      ],
      [
        88.067509,
        47.786362
      ],
      [
        88.068645,
        47.786013
      ],
      [
        88.069625,
        47.785722
      ],
      [
        88.070151,
        47.785599
      ],
      [
        88.074067,
        47.784583
      ],
      [
        88.075515,
        47.784392
      ],
      [
        88.076915,
        47.784334
      ],
      [
        88.078482,
        47.78442
      ],
      [
        88.079925,
        47.784612
      ],
      [
        88.080804,
        47.784853
      ],
      [
        88.08177,
        47.785163
      ],
      [
        88.082719,
        47.785538
      ],
      [
        88.083803,
        47.786118
      ],
      [
        88.084908,
        47.786893
      ],
      [
        88.085632,
        47.787646
      ],
      [
        88.08611,
        47.788245
      ],
      [
        88.086619,
        47.789167
      ],
      [
        88.086968,
        47.790321
      ],
      [
        88.087043,
        47.790998
      ],
      [
        88.087022,
        47.791694
      ],
      [
        88.086855,
        47.792339
      ],
      [
        88.086652,
        47.79293
      ],
      [
        88.086303,
        47.793568
      ],
      [
        88.08589,
        47.794216
      ],
      [
        88.084962,
        47.795388
      ],
      [
        88.084415,
        47.796105
      ],
      [
        88.084018,
        47.796793
      ],
      [
        88.083808,
        47.79728
      ],
      [
        88.083476,
        47.798271
      ],
      [
        88.08324,
        47.79915
      ],
      [
        88.083165,
        47.799744
      ],
      [
        88.083025,
        47.800883
      ],
      [
        88.08295,
        47.801928
      ],
      [
        88.083031,
        47.802699
      ],
      [
        88.083138,
        47.803106
      ],
      [
        88.083417,
        47.803838
      ],
      [
        88.083621,
        47.804185
      ],
      [
        88.083991,
        47.804751
      ],
      [
        88.084543,
        47.805382
      ],
      [
        88.084966,
        47.805755
      ],
      [
        88.085292,
        47.806043
      ],
      [
        88.086061,
        47.806601
      ],
      [
        88.087013,
        47.807307
      ],
      [
        88.087574,
        47.807753
      ],
      [
        88.088015,
        47.808229
      ],
      [
        88.088623,
        47.808985
      ],
      [
        88.088933,
        47.809371
      ],
      [
        88.089637,
        47.810624
      ],
      [
        88.090103,
        47.81141
      ],
      [
        88.09093,
        47.812809
      ],
      [
        88.091751,
        47.813854
      ],
      [
        88.092469,
        47.814583
      ],
      [
        88.09347,
        47.815379
      ],
      [
        88.093943,
        47.815733
      ],
      [
        88.095001,
        47.81664
      ],
      [
        88.095532,
        47.817258
      ],
      [
        88.09616,
        47.818094
      ],
      [
        88.096461,
        47.818607
      ],
      [
        88.09767,
        47.821102
      ],
      [
        88.098426,
        47.822484
      ],
      [
        88.098976,
        47.823327
      ],
      [
        88.09922,
        47.823622
      ],
      [
        88.099644,
        47.824017
      ],
      [
        88.100191,
        47.824415
      ],
      [
        88.100854,
        47.824745
      ],
      [
        88.102431,
        47.825373
      ],
      [
        88.10337,
        47.825708
      ],
      [
        88.103946,
        47.825857
      ],
      [
        88.104464,
        47.825981
      ],
      [
        88.105395,
        47.826138
      ],
      [
        88.10636,
        47.826167
      ],
      [
        88.107285,
        47.82611
      ],
      [
        88.108024,
        47.825964
      ],
      [
        88.109066,
        47.825626
      ],
      [
        88.109429,
        47.825444
      ],
      [
        88.111985,
        47.824217
      ],
      [
        88.113491,
        47.823506
      ],
      [
        88.114251,
        47.823125
      ],
      [
        88.115601,
        47.822353
      ],
      [
        88.116218,
        47.821929
      ],
      [
        88.117336,
        47.821276
      ],
      [
        88.118221,
        47.820833
      ],
      [
        88.118505,
        47.820732
      ],
      [
        88.118961,
        47.820617
      ],
      [
        88.119256,
        47.820566
      ],
      [
        88.119551,
        47.820534
      ],
      [
        88.119868,
        47.820526
      ],
      [
        88.120302,
        47.820555
      ],
      [
        88.120538,
        47.820577
      ],
      [
        88.122749,
        47.820797
      ],
      [
        88.123183,
        47.820859
      ],
      [
        88.123317,
        47.820878
      ],
      [
        88.123331,
        47.820967
      ],
      [
        88.123451,
        47.821389
      ],
      [
        88.123564,
        47.821617
      ],
      [
        88.123735,
        47.821892
      ],
      [
        88.124111,
        47.822517
      ],
      [
        88.124734,
        47.823794
      ],
      [
        88.124892,
        47.824082
      ],
      [
        88.125557,
        47.825258
      ],
      [
        88.126584,
        47.827293
      ],
      [
        88.127609,
        47.826935
      ],
      [
        88.1283,
        47.826694
      ],
      [
        88.128479,
        47.826616
      ],
      [
        88.128951,
        47.826409
      ],
      [
        88.1298,
        47.826036
      ],
      [
        88.129422,
        47.825646
      ]
    ],
    "type": "LineString"
  }
}
